seed,classic_path_len,classic_expansions,learned_path_len,learned_expansions,expansion_ratio,delta_path
0,69,1099,69,447,0.4067333939945405,0
1,69,1099,69,447,0.4067333939945405,0
2,69,1099,69,447,0.4067333939945405,0
3,69,1099,69,447,0.4067333939945405,0
4,69,1099,69,447,0.4067333939945405,0
5,69,1099,69,447,0.4067333939945405,0
6,69,1099,69,447,0.4067333939945405,0
7,69,1099,69,447,0.4067333939945405,0
8,69,1099,69,447,0.4067333939945405,0
9,69,1099,69,447,0.4067333939945405,0
