goal_x,goal_y,goal_row,goal_col,predicted_drift,final_score
10.125925925925927,2.5185185185185186,3.0,10.0,2.9899854705272952,0.16294399708318988
