condition,family,seed,planner,event_target,route,path_length,route_risk,all_returnable,min_recoverability,mean_recoverability,terminal_recoverability,commitment_loss,maximum_single_step_loss,bottleneck_exposure,fragility_penalty,event_blocks_route,mission_success,objective_value
neutral,open,0,J0_shortest,fragile,fragile,36,2.9840131871149222,True,0.39999999999999997,0.5916216216216217,0.63,0.5840000000000001,0.17600000000000005,0.36486486486486486,1.548864864864865,True,False,36.0
neutral,open,0,J1_risk,fragile,fragile,36,2.9840131871149222,True,0.39999999999999997,0.5916216216216217,0.63,0.5840000000000001,0.17600000000000005,0.36486486486486486,1.548864864864865,True,False,95.68026374229845
neutral,open,0,J2_recoverability,fragile,resilient,36,2.991634605463117,True,0.63,0.8099459459459458,0.63,0.386,0.04999999999999993,0.0,0.756,False,True,51.120000000000005
neutral,open,0,J3_joint,fragile,resilient,36,2.991634605463117,True,0.63,0.8099459459459458,0.63,0.386,0.04999999999999993,0.0,0.756,False,True,110.95269210926234
neutral,open,1,J0_shortest,resilient,fragile,36,2.948107952866923,True,0.39999999999999997,0.5916216216216217,0.63,0.5840000000000001,0.17600000000000005,0.36486486486486486,1.548864864864865,False,True,36.0
neutral,open,1,J1_risk,resilient,resilient,36,2.941362392706461,True,0.63,0.8099459459459458,0.63,0.386,0.04999999999999993,0.0,0.756,True,False,94.82724785412921
neutral,open,1,J2_recoverability,resilient,resilient,36,2.941362392706461,True,0.63,0.8099459459459458,0.63,0.386,0.04999999999999993,0.0,0.756,True,False,51.120000000000005
neutral,open,1,J3_joint,resilient,resilient,36,2.941362392706461,True,0.63,0.8099459459459458,0.63,0.386,0.04999999999999993,0.0,0.756,True,False,109.94724785412922
neutral,open,2,J0_shortest,resilient,fragile,36,2.9726011115956847,True,0.39999999999999997,0.5916216216216217,0.63,0.5840000000000001,0.17600000000000005,0.36486486486486486,1.548864864864865,False,True,36.0
neutral,open,2,J1_risk,resilient,resilient,36,2.96945717004862,True,0.63,0.8099459459459458,0.63,0.386,0.04999999999999993,0.0,0.756,True,False,95.3891434009724
neutral,open,2,J2_recoverability,resilient,resilient,36,2.96945717004862,True,0.63,0.8099459459459458,0.63,0.386,0.04999999999999993,0.0,0.756,True,False,51.120000000000005
neutral,open,2,J3_joint,resilient,resilient,36,2.96945717004862,True,0.63,0.8099459459459458,0.63,0.386,0.04999999999999993,0.0,0.756,True,False,110.5091434009724
neutral,open,3,J0_shortest,none,fragile,36,2.966200356685596,True,0.39999999999999997,0.5916216216216217,0.63,0.5840000000000001,0.17600000000000005,0.36486486486486486,1.548864864864865,False,True,36.0
neutral,open,3,J1_risk,none,fragile,36,2.966200356685596,True,0.39999999999999997,0.5916216216216217,0.63,0.5840000000000001,0.17600000000000005,0.36486486486486486,1.548864864864865,False,True,95.32400713371192
neutral,open,3,J2_recoverability,none,resilient,36,2.9673219116339484,True,0.63,0.8099459459459458,0.63,0.386,0.04999999999999993,0.0,0.756,False,True,51.120000000000005
neutral,open,3,J3_joint,none,resilient,36,2.9673219116339484,True,0.63,0.8099459459459458,0.63,0.386,0.04999999999999993,0.0,0.756,False,True,110.46643823267897
neutral,open,4,J0_shortest,fragile,fragile,36,2.9484936221271516,True,0.39999999999999997,0.5916216216216217,0.63,0.5840000000000001,0.17600000000000005,0.36486486486486486,1.548864864864865,True,False,36.0
neutral,open,4,J1_risk,fragile,resilient,36,2.9430124555287196,True,0.63,0.8099459459459458,0.63,0.386,0.04999999999999993,0.0,0.756,False,True,94.86024911057439
neutral,open,4,J2_recoverability,fragile,resilient,36,2.9430124555287196,True,0.63,0.8099459459459458,0.63,0.386,0.04999999999999993,0.0,0.756,False,True,51.120000000000005
neutral,open,4,J3_joint,fragile,resilient,36,2.9430124555287196,True,0.63,0.8099459459459458,0.63,0.386,0.04999999999999993,0.0,0.756,False,True,109.98024911057439
neutral,open,5,J0_shortest,resilient,fragile,36,2.9255762281064306,True,0.39999999999999997,0.5916216216216217,0.63,0.5840000000000001,0.17600000000000005,0.36486486486486486,1.548864864864865,False,True,36.0
neutral,open,5,J1_risk,resilient,fragile,36,2.9255762281064306,True,0.39999999999999997,0.5916216216216217,0.63,0.5840000000000001,0.17600000000000005,0.36486486486486486,1.548864864864865,False,True,94.51152456212861
neutral,open,5,J2_recoverability,resilient,resilient,36,2.97549269386962,True,0.63,0.8099459459459458,0.63,0.386,0.04999999999999993,0.0,0.756,True,False,51.120000000000005
neutral,open,5,J3_joint,resilient,resilient,36,2.97549269386962,True,0.63,0.8099459459459458,0.63,0.386,0.04999999999999993,0.0,0.756,True,False,110.6298538773924
neutral,open,6,J0_shortest,resilient,fragile,36,2.9817629343610523,True,0.39999999999999997,0.5916216216216217,0.63,0.5840000000000001,0.17600000000000005,0.36486486486486486,1.548864864864865,False,True,36.0
neutral,open,6,J1_risk,resilient,resilient,36,2.9803603962919154,True,0.63,0.8099459459459458,0.63,0.386,0.04999999999999993,0.0,0.756,True,False,95.60720792583831
neutral,open,6,J2_recoverability,resilient,resilient,36,2.9803603962919154,True,0.63,0.8099459459459458,0.63,0.386,0.04999999999999993,0.0,0.756,True,False,51.120000000000005
neutral,open,6,J3_joint,resilient,resilient,36,2.9803603962919154,True,0.63,0.8099459459459458,0.63,0.386,0.04999999999999993,0.0,0.756,True,False,110.72720792583831
neutral,open,7,J0_shortest,resilient,fragile,36,2.912960267040572,True,0.39999999999999997,0.5916216216216217,0.63,0.5840000000000001,0.17600000000000005,0.36486486486486486,1.548864864864865,False,True,36.0
neutral,open,7,J1_risk,resilient,fragile,36,2.912960267040572,True,0.39999999999999997,0.5916216216216217,0.63,0.5840000000000001,0.17600000000000005,0.36486486486486486,1.548864864864865,False,True,94.25920534081143
neutral,open,7,J2_recoverability,resilient,resilient,36,2.961029385671143,True,0.63,0.8099459459459458,0.63,0.386,0.04999999999999993,0.0,0.756,True,False,51.120000000000005
neutral,open,7,J3_joint,resilient,resilient,36,2.961029385671143,True,0.63,0.8099459459459458,0.63,0.386,0.04999999999999993,0.0,0.756,True,False,110.34058771342286
neutral,open,8,J0_shortest,none,fragile,36,2.9425881181410367,True,0.39999999999999997,0.5916216216216217,0.63,0.5840000000000001,0.17600000000000005,0.36486486486486486,1.548864864864865,False,True,36.0
neutral,open,8,J1_risk,none,resilient,36,2.9271471370359996,True,0.63,0.8099459459459458,0.63,0.386,0.04999999999999993,0.0,0.756,False,True,94.54294274072
neutral,open,8,J2_recoverability,none,resilient,36,2.9271471370359996,True,0.63,0.8099459459459458,0.63,0.386,0.04999999999999993,0.0,0.756,False,True,51.120000000000005
neutral,open,8,J3_joint,none,resilient,36,2.9271471370359996,True,0.63,0.8099459459459458,0.63,0.386,0.04999999999999993,0.0,0.756,False,True,109.66294274072
neutral,open,9,J0_shortest,resilient,fragile,36,2.96532024971282,True,0.39999999999999997,0.5916216216216217,0.63,0.5840000000000001,0.17600000000000005,0.36486486486486486,1.548864864864865,False,True,36.0
neutral,open,9,J1_risk,resilient,fragile,36,2.96532024971282,True,0.39999999999999997,0.5916216216216217,0.63,0.5840000000000001,0.17600000000000005,0.36486486486486486,1.548864864864865,False,True,95.3064049942564
neutral,open,9,J2_recoverability,resilient,resilient,36,2.979072917494825,True,0.63,0.8099459459459458,0.63,0.386,0.04999999999999993,0.0,0.756,True,False,51.120000000000005
neutral,open,9,J3_joint,resilient,resilient,36,2.979072917494825,True,0.63,0.8099459459459458,0.63,0.386,0.04999999999999993,0.0,0.756,True,False,110.70145834989651
neutral,open,10,J0_shortest,fragile,fragile,36,2.9237142189596463,True,0.39999999999999997,0.5916216216216217,0.63,0.5840000000000001,0.17600000000000005,0.36486486486486486,1.548864864864865,True,False,36.0
neutral,open,10,J1_risk,fragile,resilient,36,2.912068211545243,True,0.63,0.8099459459459458,0.63,0.386,0.04999999999999993,0.0,0.756,False,True,94.24136423090486
neutral,open,10,J2_recoverability,fragile,resilient,36,2.912068211545243,True,0.63,0.8099459459459458,0.63,0.386,0.04999999999999993,0.0,0.756,False,True,51.120000000000005
neutral,open,10,J3_joint,fragile,resilient,36,2.912068211545243,True,0.63,0.8099459459459458,0.63,0.386,0.04999999999999993,0.0,0.756,False,True,109.36136423090487
neutral,open,11,J0_shortest,none,fragile,36,2.946068074296574,True,0.39999999999999997,0.5916216216216217,0.63,0.5840000000000001,0.17600000000000005,0.36486486486486486,1.548864864864865,False,True,36.0
neutral,open,11,J1_risk,none,fragile,36,2.946068074296574,True,0.39999999999999997,0.5916216216216217,0.63,0.5840000000000001,0.17600000000000005,0.36486486486486486,1.548864864864865,False,True,94.92136148593148
neutral,open,11,J2_recoverability,none,resilient,36,2.9655385282008293,True,0.63,0.8099459459459458,0.63,0.386,0.04999999999999993,0.0,0.756,False,True,51.120000000000005
neutral,open,11,J3_joint,none,resilient,36,2.9655385282008293,True,0.63,0.8099459459459458,0.63,0.386,0.04999999999999993,0.0,0.756,False,True,110.4307705640166
neutral,open,12,J0_shortest,none,fragile,36,2.957088927843284,True,0.39999999999999997,0.5916216216216217,0.63,0.5840000000000001,0.17600000000000005,0.36486486486486486,1.548864864864865,False,True,36.0
neutral,open,12,J1_risk,none,resilient,36,2.940682726888169,True,0.63,0.8099459459459458,0.63,0.386,0.04999999999999993,0.0,0.756,False,True,94.81365453776338
neutral,open,12,J2_recoverability,none,resilient,36,2.940682726888169,True,0.63,0.8099459459459458,0.63,0.386,0.04999999999999993,0.0,0.756,False,True,51.120000000000005
neutral,open,12,J3_joint,none,resilient,36,2.940682726888169,True,0.63,0.8099459459459458,0.63,0.386,0.04999999999999993,0.0,0.756,False,True,109.93365453776339
neutral,open,13,J0_shortest,fragile,fragile,36,3.0023553263711436,True,0.39999999999999997,0.5916216216216217,0.63,0.5840000000000001,0.17600000000000005,0.36486486486486486,1.548864864864865,True,False,36.0
neutral,open,13,J1_risk,fragile,fragile,36,3.0023553263711436,True,0.39999999999999997,0.5916216216216217,0.63,0.5840000000000001,0.17600000000000005,0.36486486486486486,1.548864864864865,True,False,96.04710652742287
neutral,open,13,J2_recoverability,fragile,resilient,36,3.0053279095116507,True,0.63,0.8099459459459458,0.63,0.386,0.04999999999999993,0.0,0.756,False,True,51.120000000000005
neutral,open,13,J3_joint,fragile,resilient,36,3.0053279095116507,True,0.63,0.8099459459459458,0.63,0.386,0.04999999999999993,0.0,0.756,False,True,111.22655819023302
neutral,open,14,J0_shortest,none,fragile,36,2.9721495948854746,True,0.39999999999999997,0.5916216216216217,0.63,0.5840000000000001,0.17600000000000005,0.36486486486486486,1.548864864864865,False,True,36.0
neutral,open,14,J1_risk,none,fragile,36,2.9721495948854746,True,0.39999999999999997,0.5916216216216217,0.63,0.5840000000000001,0.17600000000000005,0.36486486486486486,1.548864864864865,False,True,95.44299189770949
neutral,open,14,J2_recoverability,none,resilient,36,2.9769841446812957,True,0.63,0.8099459459459458,0.63,0.386,0.04999999999999993,0.0,0.756,False,True,51.120000000000005
neutral,open,14,J3_joint,none,resilient,36,2.9769841446812957,True,0.63,0.8099459459459458,0.63,0.386,0.04999999999999993,0.0,0.756,False,True,110.65968289362593
neutral,open,15,J0_shortest,resilient,fragile,36,2.981713649956246,True,0.39999999999999997,0.5916216216216217,0.63,0.5840000000000001,0.17600000000000005,0.36486486486486486,1.548864864864865,False,True,36.0
neutral,open,15,J1_risk,resilient,resilient,36,2.971677371474273,True,0.63,0.8099459459459458,0.63,0.386,0.04999999999999993,0.0,0.756,True,False,95.43354742948546
neutral,open,15,J2_recoverability,resilient,resilient,36,2.971677371474273,True,0.63,0.8099459459459458,0.63,0.386,0.04999999999999993,0.0,0.756,True,False,51.120000000000005
neutral,open,15,J3_joint,resilient,resilient,36,2.971677371474273,True,0.63,0.8099459459459458,0.63,0.386,0.04999999999999993,0.0,0.756,True,False,110.55354742948546
neutral,open,16,J0_shortest,none,fragile,36,2.9794986437365885,True,0.39999999999999997,0.5916216216216217,0.63,0.5840000000000001,0.17600000000000005,0.36486486486486486,1.548864864864865,False,True,36.0
neutral,open,16,J1_risk,none,resilient,36,2.958397023891481,True,0.63,0.8099459459459458,0.63,0.386,0.04999999999999993,0.0,0.756,False,True,95.16794047782962
neutral,open,16,J2_recoverability,none,resilient,36,2.958397023891481,True,0.63,0.8099459459459458,0.63,0.386,0.04999999999999993,0.0,0.756,False,True,51.120000000000005
neutral,open,16,J3_joint,none,resilient,36,2.958397023891481,True,0.63,0.8099459459459458,0.63,0.386,0.04999999999999993,0.0,0.756,False,True,110.28794047782962
neutral,open,17,J0_shortest,resilient,fragile,36,2.936439120528688,True,0.39999999999999997,0.5916216216216217,0.63,0.5840000000000001,0.17600000000000005,0.36486486486486486,1.548864864864865,False,True,36.0
neutral,open,17,J1_risk,resilient,fragile,36,2.936439120528688,True,0.39999999999999997,0.5916216216216217,0.63,0.5840000000000001,0.17600000000000005,0.36486486486486486,1.548864864864865,False,True,94.72878241057376
neutral,open,17,J2_recoverability,resilient,resilient,36,2.986012546937301,True,0.63,0.8099459459459458,0.63,0.386,0.04999999999999993,0.0,0.756,True,False,51.120000000000005
neutral,open,17,J3_joint,resilient,resilient,36,2.986012546937301,True,0.63,0.8099459459459458,0.63,0.386,0.04999999999999993,0.0,0.756,True,False,110.84025093874602
neutral,open,18,J0_shortest,fragile,fragile,36,2.9841403188809137,True,0.39999999999999997,0.5916216216216217,0.63,0.5840000000000001,0.17600000000000005,0.36486486486486486,1.548864864864865,True,False,36.0
neutral,open,18,J1_risk,fragile,resilient,36,2.930881898691911,True,0.63,0.8099459459459458,0.63,0.386,0.04999999999999993,0.0,0.756,False,True,94.61763797383821
neutral,open,18,J2_recoverability,fragile,resilient,36,2.930881898691911,True,0.63,0.8099459459459458,0.63,0.386,0.04999999999999993,0.0,0.756,False,True,51.120000000000005
neutral,open,18,J3_joint,fragile,resilient,36,2.930881898691911,True,0.63,0.8099459459459458,0.63,0.386,0.04999999999999993,0.0,0.756,False,True,109.73763797383822
neutral,open,19,J0_shortest,fragile,fragile,36,2.9737477849147216,True,0.39999999999999997,0.5916216216216217,0.63,0.5840000000000001,0.17600000000000005,0.36486486486486486,1.548864864864865,True,False,36.0
neutral,open,19,J1_risk,fragile,resilient,36,2.9724151606536036,True,0.63,0.8099459459459458,0.63,0.386,0.04999999999999993,0.0,0.756,False,True,95.44830321307208
neutral,open,19,J2_recoverability,fragile,resilient,36,2.9724151606536036,True,0.63,0.8099459459459458,0.63,0.386,0.04999999999999993,0.0,0.756,False,True,51.120000000000005
neutral,open,19,J3_joint,fragile,resilient,36,2.9724151606536036,True,0.63,0.8099459459459458,0.63,0.386,0.04999999999999993,0.0,0.756,False,True,110.56830321307208
neutral,open,20,J0_shortest,none,fragile,36,2.9317977990280033,True,0.39999999999999997,0.5916216216216217,0.63,0.5840000000000001,0.17600000000000005,0.36486486486486486,1.548864864864865,False,True,36.0
neutral,open,20,J1_risk,none,resilient,36,2.915107041934868,True,0.63,0.8099459459459458,0.63,0.386,0.04999999999999993,0.0,0.756,False,True,94.30214083869735
neutral,open,20,J2_recoverability,none,resilient,36,2.915107041934868,True,0.63,0.8099459459459458,0.63,0.386,0.04999999999999993,0.0,0.756,False,True,51.120000000000005
neutral,open,20,J3_joint,none,resilient,36,2.915107041934868,True,0.63,0.8099459459459458,0.63,0.386,0.04999999999999993,0.0,0.756,False,True,109.42214083869736
neutral,open,21,J0_shortest,none,fragile,36,2.9781344221788046,True,0.39999999999999997,0.5916216216216217,0.63,0.5840000000000001,0.17600000000000005,0.36486486486486486,1.548864864864865,False,True,36.0
neutral,open,21,J1_risk,none,resilient,36,2.940165919951167,True,0.63,0.8099459459459458,0.63,0.386,0.04999999999999993,0.0,0.756,False,True,94.80331839902334
neutral,open,21,J2_recoverability,none,resilient,36,2.940165919951167,True,0.63,0.8099459459459458,0.63,0.386,0.04999999999999993,0.0,0.756,False,True,51.120000000000005
neutral,open,21,J3_joint,none,resilient,36,2.940165919951167,True,0.63,0.8099459459459458,0.63,0.386,0.04999999999999993,0.0,0.756,False,True,109.92331839902334
neutral,open,22,J0_shortest,fragile,fragile,36,3.002416062132103,True,0.39999999999999997,0.5916216216216217,0.63,0.5840000000000001,0.17600000000000005,0.36486486486486486,1.548864864864865,True,False,36.0
neutral,open,22,J1_risk,fragile,fragile,36,3.002416062132103,True,0.39999999999999997,0.5916216216216217,0.63,0.5840000000000001,0.17600000000000005,0.36486486486486486,1.548864864864865,True,False,96.04832124264206
neutral,open,22,J2_recoverability,fragile,resilient,36,3.019043094392076,True,0.63,0.8099459459459458,0.63,0.386,0.04999999999999993,0.0,0.756,False,True,51.120000000000005
neutral,open,22,J3_joint,fragile,resilient,36,3.019043094392076,True,0.63,0.8099459459459458,0.63,0.386,0.04999999999999993,0.0,0.756,False,True,111.50086188784152
neutral,open,23,J0_shortest,resilient,fragile,36,2.9402166573404047,True,0.39999999999999997,0.5916216216216217,0.63,0.5840000000000001,0.17600000000000005,0.36486486486486486,1.548864864864865,False,True,36.0
neutral,open,23,J1_risk,resilient,fragile,36,2.9402166573404047,True,0.39999999999999997,0.5916216216216217,0.63,0.5840000000000001,0.17600000000000005,0.36486486486486486,1.548864864864865,False,True,94.80433314680809
neutral,open,23,J2_recoverability,resilient,resilient,36,2.974272785710096,True,0.63,0.8099459459459458,0.63,0.386,0.04999999999999993,0.0,0.756,True,False,51.120000000000005
neutral,open,23,J3_joint,resilient,resilient,36,2.974272785710096,True,0.63,0.8099459459459458,0.63,0.386,0.04999999999999993,0.0,0.756,True,False,110.60545571420192
neutral,open,24,J0_shortest,resilient,fragile,36,2.9421703921762807,True,0.39999999999999997,0.5916216216216217,0.63,0.5840000000000001,0.17600000000000005,0.36486486486486486,1.548864864864865,False,True,36.0
neutral,open,24,J1_risk,resilient,resilient,36,2.9413117187049624,True,0.63,0.8099459459459458,0.63,0.386,0.04999999999999993,0.0,0.756,True,False,94.82623437409924
neutral,open,24,J2_recoverability,resilient,resilient,36,2.9413117187049624,True,0.63,0.8099459459459458,0.63,0.386,0.04999999999999993,0.0,0.756,True,False,51.120000000000005
neutral,open,24,J3_joint,resilient,resilient,36,2.9413117187049624,True,0.63,0.8099459459459458,0.63,0.386,0.04999999999999993,0.0,0.756,True,False,109.94623437409925
neutral,open,25,J0_shortest,fragile,fragile,36,2.989404190959381,True,0.39999999999999997,0.5916216216216217,0.63,0.5840000000000001,0.17600000000000005,0.36486486486486486,1.548864864864865,True,False,36.0
neutral,open,25,J1_risk,fragile,fragile,36,2.989404190959381,True,0.39999999999999997,0.5916216216216217,0.63,0.5840000000000001,0.17600000000000005,0.36486486486486486,1.548864864864865,True,False,95.78808381918762
neutral,open,25,J2_recoverability,fragile,resilient,36,2.9972267365940644,True,0.63,0.8099459459459458,0.63,0.386,0.04999999999999993,0.0,0.756,False,True,51.120000000000005
neutral,open,25,J3_joint,fragile,resilient,36,2.9972267365940644,True,0.63,0.8099459459459458,0.63,0.386,0.04999999999999993,0.0,0.756,False,True,111.0645347318813
neutral,open,26,J0_shortest,none,fragile,36,2.9324928281780354,True,0.39999999999999997,0.5916216216216217,0.63,0.5840000000000001,0.17600000000000005,0.36486486486486486,1.548864864864865,False,True,36.0
neutral,open,26,J1_risk,none,fragile,36,2.9324928281780354,True,0.39999999999999997,0.5916216216216217,0.63,0.5840000000000001,0.17600000000000005,0.36486486486486486,1.548864864864865,False,True,94.6498565635607
neutral,open,26,J2_recoverability,none,resilient,36,2.9494012793808597,True,0.63,0.8099459459459458,0.63,0.386,0.04999999999999993,0.0,0.756,False,True,51.120000000000005
neutral,open,26,J3_joint,none,resilient,36,2.9494012793808597,True,0.63,0.8099459459459458,0.63,0.386,0.04999999999999993,0.0,0.756,False,True,110.10802558761719
neutral,open,27,J0_shortest,resilient,fragile,36,2.931903724625373,True,0.39999999999999997,0.5916216216216217,0.63,0.5840000000000001,0.17600000000000005,0.36486486486486486,1.548864864864865,False,True,36.0
neutral,open,27,J1_risk,resilient,fragile,36,2.931903724625373,True,0.39999999999999997,0.5916216216216217,0.63,0.5840000000000001,0.17600000000000005,0.36486486486486486,1.548864864864865,False,True,94.63807449250746
neutral,open,27,J2_recoverability,resilient,resilient,36,2.95600280485816,True,0.63,0.8099459459459458,0.63,0.386,0.04999999999999993,0.0,0.756,True,False,51.120000000000005
neutral,open,27,J3_joint,resilient,resilient,36,2.95600280485816,True,0.63,0.8099459459459458,0.63,0.386,0.04999999999999993,0.0,0.756,True,False,110.2400560971632
neutral,open,28,J0_shortest,resilient,fragile,36,2.951895795951566,True,0.39999999999999997,0.5916216216216217,0.63,0.5840000000000001,0.17600000000000005,0.36486486486486486,1.548864864864865,False,True,36.0
neutral,open,28,J1_risk,resilient,resilient,36,2.916512884251245,True,0.63,0.8099459459459458,0.63,0.386,0.04999999999999993,0.0,0.756,True,False,94.3302576850249
neutral,open,28,J2_recoverability,resilient,resilient,36,2.916512884251245,True,0.63,0.8099459459459458,0.63,0.386,0.04999999999999993,0.0,0.756,True,False,51.120000000000005
neutral,open,28,J3_joint,resilient,resilient,36,2.916512884251245,True,0.63,0.8099459459459458,0.63,0.386,0.04999999999999993,0.0,0.756,True,False,109.45025768502491
neutral,open,29,J0_shortest,resilient,fragile,36,2.9385878229012157,True,0.39999999999999997,0.5916216216216217,0.63,0.5840000000000001,0.17600000000000005,0.36486486486486486,1.548864864864865,False,True,36.0
neutral,open,29,J1_risk,resilient,resilient,36,2.933959288694827,True,0.63,0.8099459459459458,0.63,0.386,0.04999999999999993,0.0,0.756,True,False,94.67918577389653
neutral,open,29,J2_recoverability,resilient,resilient,36,2.933959288694827,True,0.63,0.8099459459459458,0.63,0.386,0.04999999999999993,0.0,0.756,True,False,51.120000000000005
neutral,open,29,J3_joint,resilient,resilient,36,2.933959288694827,True,0.63,0.8099459459459458,0.63,0.386,0.04999999999999993,0.0,0.756,True,False,109.79918577389654
neutral,open,30,J0_shortest,fragile,fragile,36,2.9799192552675233,True,0.39999999999999997,0.5916216216216217,0.63,0.5840000000000001,0.17600000000000005,0.36486486486486486,1.548864864864865,True,False,36.0
neutral,open,30,J1_risk,fragile,fragile,36,2.9799192552675233,True,0.39999999999999997,0.5916216216216217,0.63,0.5840000000000001,0.17600000000000005,0.36486486486486486,1.548864864864865,True,False,95.59838510535047
neutral,open,30,J2_recoverability,fragile,resilient,36,3.0010162553932087,True,0.63,0.8099459459459458,0.63,0.386,0.04999999999999993,0.0,0.756,False,True,51.120000000000005
neutral,open,30,J3_joint,fragile,resilient,36,3.0010162553932087,True,0.63,0.8099459459459458,0.63,0.386,0.04999999999999993,0.0,0.756,False,True,111.14032510786419
neutral,open,31,J0_shortest,fragile,fragile,36,2.951192670874583,True,0.39999999999999997,0.5916216216216217,0.63,0.5840000000000001,0.17600000000000005,0.36486486486486486,1.548864864864865,True,False,36.0
neutral,open,31,J1_risk,fragile,fragile,36,2.951192670874583,True,0.39999999999999997,0.5916216216216217,0.63,0.5840000000000001,0.17600000000000005,0.36486486486486486,1.548864864864865,True,False,95.02385341749167
neutral,open,31,J2_recoverability,fragile,resilient,36,2.9829894838823248,True,0.63,0.8099459459459458,0.63,0.386,0.04999999999999993,0.0,0.756,False,True,51.120000000000005
neutral,open,31,J3_joint,fragile,resilient,36,2.9829894838823248,True,0.63,0.8099459459459458,0.63,0.386,0.04999999999999993,0.0,0.756,False,True,110.7797896776465
neutral,open,32,J0_shortest,none,fragile,36,2.9542977248250493,True,0.39999999999999997,0.5916216216216217,0.63,0.5840000000000001,0.17600000000000005,0.36486486486486486,1.548864864864865,False,True,36.0
neutral,open,32,J1_risk,none,fragile,36,2.9542977248250493,True,0.39999999999999997,0.5916216216216217,0.63,0.5840000000000001,0.17600000000000005,0.36486486486486486,1.548864864864865,False,True,95.08595449650099
neutral,open,32,J2_recoverability,none,resilient,36,3.0043829027405096,True,0.63,0.8099459459459458,0.63,0.386,0.04999999999999993,0.0,0.756,False,True,51.120000000000005
neutral,open,32,J3_joint,none,resilient,36,3.0043829027405096,True,0.63,0.8099459459459458,0.63,0.386,0.04999999999999993,0.0,0.756,False,True,111.2076580548102
neutral,open,33,J0_shortest,resilient,fragile,36,2.9578464252309185,True,0.39999999999999997,0.5916216216216217,0.63,0.5840000000000001,0.17600000000000005,0.36486486486486486,1.548864864864865,False,True,36.0
neutral,open,33,J1_risk,resilient,fragile,36,2.9578464252309185,True,0.39999999999999997,0.5916216216216217,0.63,0.5840000000000001,0.17600000000000005,0.36486486486486486,1.548864864864865,False,True,95.15692850461838
neutral,open,33,J2_recoverability,resilient,resilient,36,2.9645970763799867,True,0.63,0.8099459459459458,0.63,0.386,0.04999999999999993,0.0,0.756,True,False,51.120000000000005
neutral,open,33,J3_joint,resilient,resilient,36,2.9645970763799867,True,0.63,0.8099459459459458,0.63,0.386,0.04999999999999993,0.0,0.756,True,False,110.41194152759974
neutral,open,34,J0_shortest,fragile,fragile,36,2.9802889745276286,True,0.39999999999999997,0.5916216216216217,0.63,0.5840000000000001,0.17600000000000005,0.36486486486486486,1.548864864864865,True,False,36.0
neutral,open,34,J1_risk,fragile,fragile,36,2.9802889745276286,True,0.39999999999999997,0.5916216216216217,0.63,0.5840000000000001,0.17600000000000005,0.36486486486486486,1.548864864864865,True,False,95.60577949055258
neutral,open,34,J2_recoverability,fragile,resilient,36,2.9984989124804318,True,0.63,0.8099459459459458,0.63,0.386,0.04999999999999993,0.0,0.756,False,True,51.120000000000005
neutral,open,34,J3_joint,fragile,resilient,36,2.9984989124804318,True,0.63,0.8099459459459458,0.63,0.386,0.04999999999999993,0.0,0.756,False,True,111.08997824960863
neutral,open,35,J0_shortest,none,fragile,36,2.9633362828926972,True,0.39999999999999997,0.5916216216216217,0.63,0.5840000000000001,0.17600000000000005,0.36486486486486486,1.548864864864865,False,True,36.0
neutral,open,35,J1_risk,none,fragile,36,2.9633362828926972,True,0.39999999999999997,0.5916216216216217,0.63,0.5840000000000001,0.17600000000000005,0.36486486486486486,1.548864864864865,False,True,95.26672565785395
neutral,open,35,J2_recoverability,none,resilient,36,2.9655305596567234,True,0.63,0.8099459459459458,0.63,0.386,0.04999999999999993,0.0,0.756,False,True,51.120000000000005
neutral,open,35,J3_joint,none,resilient,36,2.9655305596567234,True,0.63,0.8099459459459458,0.63,0.386,0.04999999999999993,0.0,0.756,False,True,110.43061119313447
neutral,open,36,J0_shortest,fragile,fragile,36,2.9451070451173686,True,0.39999999999999997,0.5916216216216217,0.63,0.5840000000000001,0.17600000000000005,0.36486486486486486,1.548864864864865,True,False,36.0
neutral,open,36,J1_risk,fragile,fragile,36,2.9451070451173686,True,0.39999999999999997,0.5916216216216217,0.63,0.5840000000000001,0.17600000000000005,0.36486486486486486,1.548864864864865,True,False,94.90214090234737
neutral,open,36,J2_recoverability,fragile,resilient,36,2.9793192945714684,True,0.63,0.8099459459459458,0.63,0.386,0.04999999999999993,0.0,0.756,False,True,51.120000000000005
neutral,open,36,J3_joint,fragile,resilient,36,2.9793192945714684,True,0.63,0.8099459459459458,0.63,0.386,0.04999999999999993,0.0,0.756,False,True,110.70638589142936
neutral,open,37,J0_shortest,resilient,fragile,36,2.9441740475072673,True,0.39999999999999997,0.5916216216216217,0.63,0.5840000000000001,0.17600000000000005,0.36486486486486486,1.548864864864865,False,True,36.0
neutral,open,37,J1_risk,resilient,fragile,36,2.9441740475072673,True,0.39999999999999997,0.5916216216216217,0.63,0.5840000000000001,0.17600000000000005,0.36486486486486486,1.548864864864865,False,True,94.88348095014535
neutral,open,37,J2_recoverability,resilient,resilient,36,2.9745818571378138,True,0.63,0.8099459459459458,0.63,0.386,0.04999999999999993,0.0,0.756,True,False,51.120000000000005
neutral,open,37,J3_joint,resilient,resilient,36,2.9745818571378138,True,0.63,0.8099459459459458,0.63,0.386,0.04999999999999993,0.0,0.756,True,False,110.61163714275628
neutral,open,38,J0_shortest,fragile,fragile,36,2.9774057926645585,True,0.39999999999999997,0.5916216216216217,0.63,0.5840000000000001,0.17600000000000005,0.36486486486486486,1.548864864864865,True,False,36.0
neutral,open,38,J1_risk,fragile,fragile,36,2.9774057926645585,True,0.39999999999999997,0.5916216216216217,0.63,0.5840000000000001,0.17600000000000005,0.36486486486486486,1.548864864864865,True,False,95.54811585329116
neutral,open,38,J2_recoverability,fragile,resilient,36,2.9962373083865,True,0.63,0.8099459459459458,0.63,0.386,0.04999999999999993,0.0,0.756,False,True,51.120000000000005
neutral,open,38,J3_joint,fragile,resilient,36,2.9962373083865,True,0.63,0.8099459459459458,0.63,0.386,0.04999999999999993,0.0,0.756,False,True,111.04474616773001
neutral,open,39,J0_shortest,none,fragile,36,2.9662450625938943,True,0.39999999999999997,0.5916216216216217,0.63,0.5840000000000001,0.17600000000000005,0.36486486486486486,1.548864864864865,False,True,36.0
neutral,open,39,J1_risk,none,resilient,36,2.936139217845793,True,0.63,0.8099459459459458,0.63,0.386,0.04999999999999993,0.0,0.756,False,True,94.72278435691585
neutral,open,39,J2_recoverability,none,resilient,36,2.936139217845793,True,0.63,0.8099459459459458,0.63,0.386,0.04999999999999993,0.0,0.756,False,True,51.120000000000005
neutral,open,39,J3_joint,none,resilient,36,2.936139217845793,True,0.63,0.8099459459459458,0.63,0.386,0.04999999999999993,0.0,0.756,False,True,109.84278435691586
neutral,open,40,J0_shortest,fragile,fragile,36,2.945253922712734,True,0.39999999999999997,0.5916216216216217,0.63,0.5840000000000001,0.17600000000000005,0.36486486486486486,1.548864864864865,True,False,36.0
neutral,open,40,J1_risk,fragile,fragile,36,2.945253922712734,True,0.39999999999999997,0.5916216216216217,0.63,0.5840000000000001,0.17600000000000005,0.36486486486486486,1.548864864864865,True,False,94.90507845425468
neutral,open,40,J2_recoverability,fragile,resilient,36,2.9796059612027435,True,0.63,0.8099459459459458,0.63,0.386,0.04999999999999993,0.0,0.756,False,True,51.120000000000005
neutral,open,40,J3_joint,fragile,resilient,36,2.9796059612027435,True,0.63,0.8099459459459458,0.63,0.386,0.04999999999999993,0.0,0.756,False,True,110.71211922405487
neutral,open,41,J0_shortest,none,fragile,36,2.9753025538577305,True,0.39999999999999997,0.5916216216216217,0.63,0.5840000000000001,0.17600000000000005,0.36486486486486486,1.548864864864865,False,True,36.0
neutral,open,41,J1_risk,none,resilient,36,2.9483064678951107,True,0.63,0.8099459459459458,0.63,0.386,0.04999999999999993,0.0,0.756,False,True,94.96612935790222
neutral,open,41,J2_recoverability,none,resilient,36,2.9483064678951107,True,0.63,0.8099459459459458,0.63,0.386,0.04999999999999993,0.0,0.756,False,True,51.120000000000005
neutral,open,41,J3_joint,none,resilient,36,2.9483064678951107,True,0.63,0.8099459459459458,0.63,0.386,0.04999999999999993,0.0,0.756,False,True,110.08612935790222
neutral,open,42,J0_shortest,fragile,fragile,36,2.965834327067089,True,0.39999999999999997,0.5916216216216217,0.63,0.5840000000000001,0.17600000000000005,0.36486486486486486,1.548864864864865,True,False,36.0
neutral,open,42,J1_risk,fragile,resilient,36,2.9418145969391643,True,0.63,0.8099459459459458,0.63,0.386,0.04999999999999993,0.0,0.756,False,True,94.83629193878329
neutral,open,42,J2_recoverability,fragile,resilient,36,2.9418145969391643,True,0.63,0.8099459459459458,0.63,0.386,0.04999999999999993,0.0,0.756,False,True,51.120000000000005
neutral,open,42,J3_joint,fragile,resilient,36,2.9418145969391643,True,0.63,0.8099459459459458,0.63,0.386,0.04999999999999993,0.0,0.756,False,True,109.9562919387833
neutral,open,43,J0_shortest,resilient,fragile,36,2.924535147374427,True,0.39999999999999997,0.5916216216216217,0.63,0.5840000000000001,0.17600000000000005,0.36486486486486486,1.548864864864865,False,True,36.0
neutral,open,43,J1_risk,resilient,fragile,36,2.924535147374427,True,0.39999999999999997,0.5916216216216217,0.63,0.5840000000000001,0.17600000000000005,0.36486486486486486,1.548864864864865,False,True,94.49070294748854
neutral,open,43,J2_recoverability,resilient,resilient,36,2.960700113040679,True,0.63,0.8099459459459458,0.63,0.386,0.04999999999999993,0.0,0.756,True,False,51.120000000000005
neutral,open,43,J3_joint,resilient,resilient,36,2.960700113040679,True,0.63,0.8099459459459458,0.63,0.386,0.04999999999999993,0.0,0.756,True,False,110.33400226081359
neutral,open,44,J0_shortest,fragile,fragile,36,2.9692532373507943,True,0.39999999999999997,0.5916216216216217,0.63,0.5840000000000001,0.17600000000000005,0.36486486486486486,1.548864864864865,True,False,36.0
neutral,open,44,J1_risk,fragile,fragile,36,2.9692532373507943,True,0.39999999999999997,0.5916216216216217,0.63,0.5840000000000001,0.17600000000000005,0.36486486486486486,1.548864864864865,True,False,95.38506474701589
neutral,open,44,J2_recoverability,fragile,resilient,36,2.9936998013992007,True,0.63,0.8099459459459458,0.63,0.386,0.04999999999999993,0.0,0.756,False,True,51.120000000000005
neutral,open,44,J3_joint,fragile,resilient,36,2.9936998013992007,True,0.63,0.8099459459459458,0.63,0.386,0.04999999999999993,0.0,0.756,False,True,110.99399602798402
neutral,open,45,J0_shortest,resilient,fragile,36,2.938418946033739,True,0.39999999999999997,0.5916216216216217,0.63,0.5840000000000001,0.17600000000000005,0.36486486486486486,1.548864864864865,False,True,36.0
neutral,open,45,J1_risk,resilient,fragile,36,2.938418946033739,True,0.39999999999999997,0.5916216216216217,0.63,0.5840000000000001,0.17600000000000005,0.36486486486486486,1.548864864864865,False,True,94.76837892067478
neutral,open,45,J2_recoverability,resilient,resilient,36,2.9846793342084994,True,0.63,0.8099459459459458,0.63,0.386,0.04999999999999993,0.0,0.756,True,False,51.120000000000005
neutral,open,45,J3_joint,resilient,resilient,36,2.9846793342084994,True,0.63,0.8099459459459458,0.63,0.386,0.04999999999999993,0.0,0.756,True,False,110.81358668416999
neutral,open,46,J0_shortest,none,fragile,36,2.957182171503665,True,0.39999999999999997,0.5916216216216217,0.63,0.5840000000000001,0.17600000000000005,0.36486486486486486,1.548864864864865,False,True,36.0
neutral,open,46,J1_risk,none,fragile,36,2.957182171503665,True,0.39999999999999997,0.5916216216216217,0.63,0.5840000000000001,0.17600000000000005,0.36486486486486486,1.548864864864865,False,True,95.1436434300733
neutral,open,46,J2_recoverability,none,resilient,36,2.9709074667355453,True,0.63,0.8099459459459458,0.63,0.386,0.04999999999999993,0.0,0.756,False,True,51.120000000000005
neutral,open,46,J3_joint,none,resilient,36,2.9709074667355453,True,0.63,0.8099459459459458,0.63,0.386,0.04999999999999993,0.0,0.756,False,True,110.53814933471091
neutral,open,47,J0_shortest,resilient,fragile,36,2.9644512759212183,True,0.39999999999999997,0.5916216216216217,0.63,0.5840000000000001,0.17600000000000005,0.36486486486486486,1.548864864864865,False,True,36.0
neutral,open,47,J1_risk,resilient,resilient,36,2.9619706503660024,True,0.63,0.8099459459459458,0.63,0.386,0.04999999999999993,0.0,0.756,True,False,95.23941300732005
neutral,open,47,J2_recoverability,resilient,resilient,36,2.9619706503660024,True,0.63,0.8099459459459458,0.63,0.386,0.04999999999999993,0.0,0.756,True,False,51.120000000000005
neutral,open,47,J3_joint,resilient,resilient,36,2.9619706503660024,True,0.63,0.8099459459459458,0.63,0.386,0.04999999999999993,0.0,0.756,True,False,110.35941300732006
neutral,open,48,J0_shortest,fragile,fragile,36,2.984258248890264,True,0.39999999999999997,0.5916216216216217,0.63,0.5840000000000001,0.17600000000000005,0.36486486486486486,1.548864864864865,True,False,36.0
neutral,open,48,J1_risk,fragile,resilient,36,2.923708633707355,True,0.63,0.8099459459459458,0.63,0.386,0.04999999999999993,0.0,0.756,False,True,94.4741726741471
neutral,open,48,J2_recoverability,fragile,resilient,36,2.923708633707355,True,0.63,0.8099459459459458,0.63,0.386,0.04999999999999993,0.0,0.756,False,True,51.120000000000005
neutral,open,48,J3_joint,fragile,resilient,36,2.923708633707355,True,0.63,0.8099459459459458,0.63,0.386,0.04999999999999993,0.0,0.756,False,True,109.5941726741471
neutral,open,49,J0_shortest,none,fragile,36,3.013768568599415,True,0.39999999999999997,0.5916216216216217,0.63,0.5840000000000001,0.17600000000000005,0.36486486486486486,1.548864864864865,False,True,36.0
neutral,open,49,J1_risk,none,resilient,36,2.974925968187073,True,0.63,0.8099459459459458,0.63,0.386,0.04999999999999993,0.0,0.756,False,True,95.49851936374145
neutral,open,49,J2_recoverability,none,resilient,36,2.974925968187073,True,0.63,0.8099459459459458,0.63,0.386,0.04999999999999993,0.0,0.756,False,True,51.120000000000005
neutral,open,49,J3_joint,none,resilient,36,2.974925968187073,True,0.63,0.8099459459459458,0.63,0.386,0.04999999999999993,0.0,0.756,False,True,110.61851936374146
neutral,open,50,J0_shortest,resilient,fragile,36,2.9052557206521232,True,0.39999999999999997,0.5916216216216217,0.63,0.5840000000000001,0.17600000000000005,0.36486486486486486,1.548864864864865,False,True,36.0
neutral,open,50,J1_risk,resilient,fragile,36,2.9052557206521232,True,0.39999999999999997,0.5916216216216217,0.63,0.5840000000000001,0.17600000000000005,0.36486486486486486,1.548864864864865,False,True,94.10511441304246
neutral,open,50,J2_recoverability,resilient,resilient,36,2.958808864015686,True,0.63,0.8099459459459458,0.63,0.386,0.04999999999999993,0.0,0.756,True,False,51.120000000000005
neutral,open,50,J3_joint,resilient,resilient,36,2.958808864015686,True,0.63,0.8099459459459458,0.63,0.386,0.04999999999999993,0.0,0.756,True,False,110.29617728031373
neutral,open,51,J0_shortest,resilient,fragile,36,2.9536469667750054,True,0.39999999999999997,0.5916216216216217,0.63,0.5840000000000001,0.17600000000000005,0.36486486486486486,1.548864864864865,False,True,36.0
neutral,open,51,J1_risk,resilient,fragile,36,2.9536469667750054,True,0.39999999999999997,0.5916216216216217,0.63,0.5840000000000001,0.17600000000000005,0.36486486486486486,1.548864864864865,False,True,95.07293933550011
neutral,open,51,J2_recoverability,resilient,resilient,36,2.9652676431171954,True,0.63,0.8099459459459458,0.63,0.386,0.04999999999999993,0.0,0.756,True,False,51.120000000000005
neutral,open,51,J3_joint,resilient,resilient,36,2.9652676431171954,True,0.63,0.8099459459459458,0.63,0.386,0.04999999999999993,0.0,0.756,True,False,110.42535286234391
neutral,open,52,J0_shortest,fragile,fragile,36,2.9783777628246435,True,0.39999999999999997,0.5916216216216217,0.63,0.5840000000000001,0.17600000000000005,0.36486486486486486,1.548864864864865,True,False,36.0
neutral,open,52,J1_risk,fragile,resilient,36,2.9764693176334784,True,0.63,0.8099459459459458,0.63,0.386,0.04999999999999993,0.0,0.756,False,True,95.52938635266958
neutral,open,52,J2_recoverability,fragile,resilient,36,2.9764693176334784,True,0.63,0.8099459459459458,0.63,0.386,0.04999999999999993,0.0,0.756,False,True,51.120000000000005
neutral,open,52,J3_joint,fragile,resilient,36,2.9764693176334784,True,0.63,0.8099459459459458,0.63,0.386,0.04999999999999993,0.0,0.756,False,True,110.64938635266958
neutral,open,53,J0_shortest,resilient,fragile,36,2.9734743586220773,True,0.39999999999999997,0.5916216216216217,0.63,0.5840000000000001,0.17600000000000005,0.36486486486486486,1.548864864864865,False,True,36.0
neutral,open,53,J1_risk,resilient,fragile,36,2.9734743586220773,True,0.39999999999999997,0.5916216216216217,0.63,0.5840000000000001,0.17600000000000005,0.36486486486486486,1.548864864864865,False,True,95.46948717244155
neutral,open,53,J2_recoverability,resilient,resilient,36,2.996007509345714,True,0.63,0.8099459459459458,0.63,0.386,0.04999999999999993,0.0,0.756,True,False,51.120000000000005
neutral,open,53,J3_joint,resilient,resilient,36,2.996007509345714,True,0.63,0.8099459459459458,0.63,0.386,0.04999999999999993,0.0,0.756,True,False,111.04015018691429
neutral,open,54,J0_shortest,fragile,fragile,36,2.979863776873603,True,0.39999999999999997,0.5916216216216217,0.63,0.5840000000000001,0.17600000000000005,0.36486486486486486,1.548864864864865,True,False,36.0
neutral,open,54,J1_risk,fragile,fragile,36,2.979863776873603,True,0.39999999999999997,0.5916216216216217,0.63,0.5840000000000001,0.17600000000000005,0.36486486486486486,1.548864864864865,True,False,95.59727553747206
neutral,open,54,J2_recoverability,fragile,resilient,36,2.986607056171565,True,0.63,0.8099459459459458,0.63,0.386,0.04999999999999993,0.0,0.756,False,True,51.120000000000005
neutral,open,54,J3_joint,fragile,resilient,36,2.986607056171565,True,0.63,0.8099459459459458,0.63,0.386,0.04999999999999993,0.0,0.756,False,True,110.8521411234313
neutral,open,55,J0_shortest,fragile,fragile,36,2.9816072138330134,True,0.39999999999999997,0.5916216216216217,0.63,0.5840000000000001,0.17600000000000005,0.36486486486486486,1.548864864864865,True,False,36.0
neutral,open,55,J1_risk,fragile,resilient,36,2.945951528677835,True,0.63,0.8099459459459458,0.63,0.386,0.04999999999999993,0.0,0.756,False,True,94.9190305735567
neutral,open,55,J2_recoverability,fragile,resilient,36,2.945951528677835,True,0.63,0.8099459459459458,0.63,0.386,0.04999999999999993,0.0,0.756,False,True,51.120000000000005
neutral,open,55,J3_joint,fragile,resilient,36,2.945951528677835,True,0.63,0.8099459459459458,0.63,0.386,0.04999999999999993,0.0,0.756,False,True,110.0390305735567
neutral,open,56,J0_shortest,fragile,fragile,36,3.0030568628461083,True,0.39999999999999997,0.5916216216216217,0.63,0.5840000000000001,0.17600000000000005,0.36486486486486486,1.548864864864865,True,False,36.0
neutral,open,56,J1_risk,fragile,fragile,36,3.0030568628461083,True,0.39999999999999997,0.5916216216216217,0.63,0.5840000000000001,0.17600000000000005,0.36486486486486486,1.548864864864865,True,False,96.06113725692217
neutral,open,56,J2_recoverability,fragile,resilient,36,3.028705055221055,True,0.63,0.8099459459459458,0.63,0.386,0.04999999999999993,0.0,0.756,False,True,51.120000000000005
neutral,open,56,J3_joint,fragile,resilient,36,3.028705055221055,True,0.63,0.8099459459459458,0.63,0.386,0.04999999999999993,0.0,0.756,False,True,111.6941011044211
neutral,open,57,J0_shortest,fragile,fragile,36,2.9677308758896084,True,0.39999999999999997,0.5916216216216217,0.63,0.5840000000000001,0.17600000000000005,0.36486486486486486,1.548864864864865,True,False,36.0
neutral,open,57,J1_risk,fragile,fragile,36,2.9677308758896084,True,0.39999999999999997,0.5916216216216217,0.63,0.5840000000000001,0.17600000000000005,0.36486486486486486,1.548864864864865,True,False,95.35461751779216
neutral,open,57,J2_recoverability,fragile,resilient,36,2.9792657370013274,True,0.63,0.8099459459459458,0.63,0.386,0.04999999999999993,0.0,0.756,False,True,51.120000000000005
neutral,open,57,J3_joint,fragile,resilient,36,2.9792657370013274,True,0.63,0.8099459459459458,0.63,0.386,0.04999999999999993,0.0,0.756,False,True,110.70531474002655
neutral,open,58,J0_shortest,resilient,fragile,36,2.921496976581808,True,0.39999999999999997,0.5916216216216217,0.63,0.5840000000000001,0.17600000000000005,0.36486486486486486,1.548864864864865,False,True,36.0
neutral,open,58,J1_risk,resilient,fragile,36,2.921496976581808,True,0.39999999999999997,0.5916216216216217,0.63,0.5840000000000001,0.17600000000000005,0.36486486486486486,1.548864864864865,False,True,94.42993953163617
neutral,open,58,J2_recoverability,resilient,resilient,36,2.936042872309825,True,0.63,0.8099459459459458,0.63,0.386,0.04999999999999993,0.0,0.756,True,False,51.120000000000005
neutral,open,58,J3_joint,resilient,resilient,36,2.936042872309825,True,0.63,0.8099459459459458,0.63,0.386,0.04999999999999993,0.0,0.756,True,False,109.84085744619651
neutral,open,59,J0_shortest,fragile,fragile,36,2.9788917555371537,True,0.39999999999999997,0.5916216216216217,0.63,0.5840000000000001,0.17600000000000005,0.36486486486486486,1.548864864864865,True,False,36.0
neutral,open,59,J1_risk,fragile,resilient,36,2.9417417564858517,True,0.63,0.8099459459459458,0.63,0.386,0.04999999999999993,0.0,0.756,False,True,94.83483512971704
neutral,open,59,J2_recoverability,fragile,resilient,36,2.9417417564858517,True,0.63,0.8099459459459458,0.63,0.386,0.04999999999999993,0.0,0.756,False,True,51.120000000000005
neutral,open,59,J3_joint,fragile,resilient,36,2.9417417564858517,True,0.63,0.8099459459459458,0.63,0.386,0.04999999999999993,0.0,0.756,False,True,109.95483512971704
neutral,open,60,J0_shortest,none,fragile,36,2.9946578517683586,True,0.39999999999999997,0.5916216216216217,0.63,0.5840000000000001,0.17600000000000005,0.36486486486486486,1.548864864864865,False,True,36.0
neutral,open,60,J1_risk,none,resilient,36,2.970821936320019,True,0.63,0.8099459459459458,0.63,0.386,0.04999999999999993,0.0,0.756,False,True,95.41643872640037
neutral,open,60,J2_recoverability,none,resilient,36,2.970821936320019,True,0.63,0.8099459459459458,0.63,0.386,0.04999999999999993,0.0,0.756,False,True,51.120000000000005
neutral,open,60,J3_joint,none,resilient,36,2.970821936320019,True,0.63,0.8099459459459458,0.63,0.386,0.04999999999999993,0.0,0.756,False,True,110.53643872640038
neutral,open,61,J0_shortest,resilient,fragile,36,2.9535501868734197,True,0.39999999999999997,0.5916216216216217,0.63,0.5840000000000001,0.17600000000000005,0.36486486486486486,1.548864864864865,False,True,36.0
neutral,open,61,J1_risk,resilient,fragile,36,2.9535501868734197,True,0.39999999999999997,0.5916216216216217,0.63,0.5840000000000001,0.17600000000000005,0.36486486486486486,1.548864864864865,False,True,95.0710037374684
neutral,open,61,J2_recoverability,resilient,resilient,36,2.953908152718436,True,0.63,0.8099459459459458,0.63,0.386,0.04999999999999993,0.0,0.756,True,False,51.120000000000005
neutral,open,61,J3_joint,resilient,resilient,36,2.953908152718436,True,0.63,0.8099459459459458,0.63,0.386,0.04999999999999993,0.0,0.756,True,False,110.19816305436872
neutral,open,62,J0_shortest,fragile,fragile,36,2.9368983818329903,True,0.39999999999999997,0.5916216216216217,0.63,0.5840000000000001,0.17600000000000005,0.36486486486486486,1.548864864864865,True,False,36.0
neutral,open,62,J1_risk,fragile,fragile,36,2.9368983818329903,True,0.39999999999999997,0.5916216216216217,0.63,0.5840000000000001,0.17600000000000005,0.36486486486486486,1.548864864864865,True,False,94.7379676366598
neutral,open,62,J2_recoverability,fragile,resilient,36,2.9866008975669045,True,0.63,0.8099459459459458,0.63,0.386,0.04999999999999993,0.0,0.756,False,True,51.120000000000005
neutral,open,62,J3_joint,fragile,resilient,36,2.9866008975669045,True,0.63,0.8099459459459458,0.63,0.386,0.04999999999999993,0.0,0.756,False,True,110.8520179513381
neutral,open,63,J0_shortest,fragile,fragile,36,3.022966369378269,True,0.39999999999999997,0.5916216216216217,0.63,0.5840000000000001,0.17600000000000005,0.36486486486486486,1.548864864864865,True,False,36.0
neutral,open,63,J1_risk,fragile,resilient,36,2.9746290714970676,True,0.63,0.8099459459459458,0.63,0.386,0.04999999999999993,0.0,0.756,False,True,95.49258142994135
neutral,open,63,J2_recoverability,fragile,resilient,36,2.9746290714970676,True,0.63,0.8099459459459458,0.63,0.386,0.04999999999999993,0.0,0.756,False,True,51.120000000000005
neutral,open,63,J3_joint,fragile,resilient,36,2.9746290714970676,True,0.63,0.8099459459459458,0.63,0.386,0.04999999999999993,0.0,0.756,False,True,110.61258142994136
neutral,open,64,J0_shortest,none,fragile,36,2.9760832146483804,True,0.39999999999999997,0.5916216216216217,0.63,0.5840000000000001,0.17600000000000005,0.36486486486486486,1.548864864864865,False,True,36.0
neutral,open,64,J1_risk,none,resilient,36,2.9643627220061077,True,0.63,0.8099459459459458,0.63,0.386,0.04999999999999993,0.0,0.756,False,True,95.28725444012215
neutral,open,64,J2_recoverability,none,resilient,36,2.9643627220061077,True,0.63,0.8099459459459458,0.63,0.386,0.04999999999999993,0.0,0.756,False,True,51.120000000000005
neutral,open,64,J3_joint,none,resilient,36,2.9643627220061077,True,0.63,0.8099459459459458,0.63,0.386,0.04999999999999993,0.0,0.756,False,True,110.40725444012216
neutral,open,65,J0_shortest,fragile,fragile,36,2.9791706971865217,True,0.39999999999999997,0.5916216216216217,0.63,0.5840000000000001,0.17600000000000005,0.36486486486486486,1.548864864864865,True,False,36.0
neutral,open,65,J1_risk,fragile,fragile,36,2.9791706971865217,True,0.39999999999999997,0.5916216216216217,0.63,0.5840000000000001,0.17600000000000005,0.36486486486486486,1.548864864864865,True,False,95.58341394373043
neutral,open,65,J2_recoverability,fragile,resilient,36,2.998462067540358,True,0.63,0.8099459459459458,0.63,0.386,0.04999999999999993,0.0,0.756,False,True,51.120000000000005
neutral,open,65,J3_joint,fragile,resilient,36,2.998462067540358,True,0.63,0.8099459459459458,0.63,0.386,0.04999999999999993,0.0,0.756,False,True,111.08924135080717
neutral,open,66,J0_shortest,fragile,fragile,36,2.96113451698986,True,0.39999999999999997,0.5916216216216217,0.63,0.5840000000000001,0.17600000000000005,0.36486486486486486,1.548864864864865,True,False,36.0
neutral,open,66,J1_risk,fragile,fragile,36,2.96113451698986,True,0.39999999999999997,0.5916216216216217,0.63,0.5840000000000001,0.17600000000000005,0.36486486486486486,1.548864864864865,True,False,95.2226903397972
neutral,open,66,J2_recoverability,fragile,resilient,36,2.989105153912539,True,0.63,0.8099459459459458,0.63,0.386,0.04999999999999993,0.0,0.756,False,True,51.120000000000005
neutral,open,66,J3_joint,fragile,resilient,36,2.989105153912539,True,0.63,0.8099459459459458,0.63,0.386,0.04999999999999993,0.0,0.756,False,True,110.90210307825079
neutral,open,67,J0_shortest,resilient,fragile,36,2.9535892273492674,True,0.39999999999999997,0.5916216216216217,0.63,0.5840000000000001,0.17600000000000005,0.36486486486486486,1.548864864864865,False,True,36.0
neutral,open,67,J1_risk,resilient,resilient,36,2.9441332359514245,True,0.63,0.8099459459459458,0.63,0.386,0.04999999999999993,0.0,0.756,True,False,94.8826647190285
neutral,open,67,J2_recoverability,resilient,resilient,36,2.9441332359514245,True,0.63,0.8099459459459458,0.63,0.386,0.04999999999999993,0.0,0.756,True,False,51.120000000000005
neutral,open,67,J3_joint,resilient,resilient,36,2.9441332359514245,True,0.63,0.8099459459459458,0.63,0.386,0.04999999999999993,0.0,0.756,True,False,110.0026647190285
neutral,open,68,J0_shortest,resilient,fragile,36,2.9893146644417894,True,0.39999999999999997,0.5916216216216217,0.63,0.5840000000000001,0.17600000000000005,0.36486486486486486,1.548864864864865,False,True,36.0
neutral,open,68,J1_risk,resilient,resilient,36,2.9713604480476237,True,0.63,0.8099459459459458,0.63,0.386,0.04999999999999993,0.0,0.756,True,False,95.42720896095247
neutral,open,68,J2_recoverability,resilient,resilient,36,2.9713604480476237,True,0.63,0.8099459459459458,0.63,0.386,0.04999999999999993,0.0,0.756,True,False,51.120000000000005
neutral,open,68,J3_joint,resilient,resilient,36,2.9713604480476237,True,0.63,0.8099459459459458,0.63,0.386,0.04999999999999993,0.0,0.756,True,False,110.54720896095247
neutral,open,69,J0_shortest,none,fragile,36,2.9976963999206996,True,0.39999999999999997,0.5916216216216217,0.63,0.5840000000000001,0.17600000000000005,0.36486486486486486,1.548864864864865,False,True,36.0
neutral,open,69,J1_risk,none,resilient,36,2.946935095423238,True,0.63,0.8099459459459458,0.63,0.386,0.04999999999999993,0.0,0.756,False,True,94.93870190846476
neutral,open,69,J2_recoverability,none,resilient,36,2.946935095423238,True,0.63,0.8099459459459458,0.63,0.386,0.04999999999999993,0.0,0.756,False,True,51.120000000000005
neutral,open,69,J3_joint,none,resilient,36,2.946935095423238,True,0.63,0.8099459459459458,0.63,0.386,0.04999999999999993,0.0,0.756,False,True,110.05870190846477
neutral,open,70,J0_shortest,fragile,fragile,36,2.990157269549413,True,0.39999999999999997,0.5916216216216217,0.63,0.5840000000000001,0.17600000000000005,0.36486486486486486,1.548864864864865,True,False,36.0
neutral,open,70,J1_risk,fragile,resilient,36,2.9795450965476777,True,0.63,0.8099459459459458,0.63,0.386,0.04999999999999993,0.0,0.756,False,True,95.59090193095355
neutral,open,70,J2_recoverability,fragile,resilient,36,2.9795450965476777,True,0.63,0.8099459459459458,0.63,0.386,0.04999999999999993,0.0,0.756,False,True,51.120000000000005
neutral,open,70,J3_joint,fragile,resilient,36,2.9795450965476777,True,0.63,0.8099459459459458,0.63,0.386,0.04999999999999993,0.0,0.756,False,True,110.71090193095355
neutral,open,71,J0_shortest,fragile,fragile,36,2.9576562961929342,True,0.39999999999999997,0.5916216216216217,0.63,0.5840000000000001,0.17600000000000005,0.36486486486486486,1.548864864864865,True,False,36.0
neutral,open,71,J1_risk,fragile,resilient,36,2.919003896407673,True,0.63,0.8099459459459458,0.63,0.386,0.04999999999999993,0.0,0.756,False,True,94.38007792815347
neutral,open,71,J2_recoverability,fragile,resilient,36,2.919003896407673,True,0.63,0.8099459459459458,0.63,0.386,0.04999999999999993,0.0,0.756,False,True,51.120000000000005
neutral,open,71,J3_joint,fragile,resilient,36,2.919003896407673,True,0.63,0.8099459459459458,0.63,0.386,0.04999999999999993,0.0,0.756,False,True,109.50007792815347
neutral,open,72,J0_shortest,fragile,fragile,36,2.9621819770209656,True,0.39999999999999997,0.5916216216216217,0.63,0.5840000000000001,0.17600000000000005,0.36486486486486486,1.548864864864865,True,False,36.0
neutral,open,72,J1_risk,fragile,fragile,36,2.9621819770209656,True,0.39999999999999997,0.5916216216216217,0.63,0.5840000000000001,0.17600000000000005,0.36486486486486486,1.548864864864865,True,False,95.24363954041931
neutral,open,72,J2_recoverability,fragile,resilient,36,2.9801461770734408,True,0.63,0.8099459459459458,0.63,0.386,0.04999999999999993,0.0,0.756,False,True,51.120000000000005
neutral,open,72,J3_joint,fragile,resilient,36,2.9801461770734408,True,0.63,0.8099459459459458,0.63,0.386,0.04999999999999993,0.0,0.756,False,True,110.72292354146882
neutral,open,73,J0_shortest,fragile,fragile,36,2.9430278815129407,True,0.39999999999999997,0.5916216216216217,0.63,0.5840000000000001,0.17600000000000005,0.36486486486486486,1.548864864864865,True,False,36.0
neutral,open,73,J1_risk,fragile,resilient,36,2.9044156658498905,True,0.63,0.8099459459459458,0.63,0.386,0.04999999999999993,0.0,0.756,False,True,94.08831331699781
neutral,open,73,J2_recoverability,fragile,resilient,36,2.9044156658498905,True,0.63,0.8099459459459458,0.63,0.386,0.04999999999999993,0.0,0.756,False,True,51.120000000000005
neutral,open,73,J3_joint,fragile,resilient,36,2.9044156658498905,True,0.63,0.8099459459459458,0.63,0.386,0.04999999999999993,0.0,0.756,False,True,109.20831331699782
neutral,open,74,J0_shortest,none,fragile,36,2.9736646725293205,True,0.39999999999999997,0.5916216216216217,0.63,0.5840000000000001,0.17600000000000005,0.36486486486486486,1.548864864864865,False,True,36.0
neutral,open,74,J1_risk,none,fragile,36,2.9736646725293205,True,0.39999999999999997,0.5916216216216217,0.63,0.5840000000000001,0.17600000000000005,0.36486486486486486,1.548864864864865,False,True,95.47329345058641
neutral,open,74,J2_recoverability,none,resilient,36,2.991010489229084,True,0.63,0.8099459459459458,0.63,0.386,0.04999999999999993,0.0,0.756,False,True,51.120000000000005
neutral,open,74,J3_joint,none,resilient,36,2.991010489229084,True,0.63,0.8099459459459458,0.63,0.386,0.04999999999999993,0.0,0.756,False,True,110.94020978458168
neutral,open,75,J0_shortest,resilient,fragile,36,2.9782525126523547,True,0.39999999999999997,0.5916216216216217,0.63,0.5840000000000001,0.17600000000000005,0.36486486486486486,1.548864864864865,False,True,36.0
neutral,open,75,J1_risk,resilient,resilient,36,2.9513027158702605,True,0.63,0.8099459459459458,0.63,0.386,0.04999999999999993,0.0,0.756,True,False,95.02605431740521
neutral,open,75,J2_recoverability,resilient,resilient,36,2.9513027158702605,True,0.63,0.8099459459459458,0.63,0.386,0.04999999999999993,0.0,0.756,True,False,51.120000000000005
neutral,open,75,J3_joint,resilient,resilient,36,2.9513027158702605,True,0.63,0.8099459459459458,0.63,0.386,0.04999999999999993,0.0,0.756,True,False,110.14605431740522
neutral,open,76,J0_shortest,none,fragile,36,2.996272188508489,True,0.39999999999999997,0.5916216216216217,0.63,0.5840000000000001,0.17600000000000005,0.36486486486486486,1.548864864864865,False,True,36.0
neutral,open,76,J1_risk,none,resilient,36,2.981915255324744,True,0.63,0.8099459459459458,0.63,0.386,0.04999999999999993,0.0,0.756,False,True,95.63830510649487
neutral,open,76,J2_recoverability,none,resilient,36,2.981915255324744,True,0.63,0.8099459459459458,0.63,0.386,0.04999999999999993,0.0,0.756,False,True,51.120000000000005
neutral,open,76,J3_joint,none,resilient,36,2.981915255324744,True,0.63,0.8099459459459458,0.63,0.386,0.04999999999999993,0.0,0.756,False,True,110.75830510649487
neutral,open,77,J0_shortest,fragile,fragile,36,2.910910675228281,True,0.39999999999999997,0.5916216216216217,0.63,0.5840000000000001,0.17600000000000005,0.36486486486486486,1.548864864864865,True,False,36.0
neutral,open,77,J1_risk,fragile,fragile,36,2.910910675228281,True,0.39999999999999997,0.5916216216216217,0.63,0.5840000000000001,0.17600000000000005,0.36486486486486486,1.548864864864865,True,False,94.21821350456563
neutral,open,77,J2_recoverability,fragile,resilient,36,2.9523953835926817,True,0.63,0.8099459459459458,0.63,0.386,0.04999999999999993,0.0,0.756,False,True,51.120000000000005
neutral,open,77,J3_joint,fragile,resilient,36,2.9523953835926817,True,0.63,0.8099459459459458,0.63,0.386,0.04999999999999993,0.0,0.756,False,True,110.16790767185364
neutral,open,78,J0_shortest,none,fragile,36,3.0336418369273837,True,0.39999999999999997,0.5916216216216217,0.63,0.5840000000000001,0.17600000000000005,0.36486486486486486,1.548864864864865,False,True,36.0
neutral,open,78,J1_risk,none,resilient,36,2.992056514660135,True,0.63,0.8099459459459458,0.63,0.386,0.04999999999999993,0.0,0.756,False,True,95.8411302932027
neutral,open,78,J2_recoverability,none,resilient,36,2.992056514660135,True,0.63,0.8099459459459458,0.63,0.386,0.04999999999999993,0.0,0.756,False,True,51.120000000000005
neutral,open,78,J3_joint,none,resilient,36,2.992056514660135,True,0.63,0.8099459459459458,0.63,0.386,0.04999999999999993,0.0,0.756,False,True,110.9611302932027
neutral,open,79,J0_shortest,resilient,fragile,36,2.9786601212871107,True,0.39999999999999997,0.5916216216216217,0.63,0.5840000000000001,0.17600000000000005,0.36486486486486486,1.548864864864865,False,True,36.0
neutral,open,79,J1_risk,resilient,fragile,36,2.9786601212871107,True,0.39999999999999997,0.5916216216216217,0.63,0.5840000000000001,0.17600000000000005,0.36486486486486486,1.548864864864865,False,True,95.57320242574221
neutral,open,79,J2_recoverability,resilient,resilient,36,3.040050620261401,True,0.63,0.8099459459459458,0.63,0.386,0.04999999999999993,0.0,0.756,True,False,51.120000000000005
neutral,open,79,J3_joint,resilient,resilient,36,3.040050620261401,True,0.63,0.8099459459459458,0.63,0.386,0.04999999999999993,0.0,0.756,True,False,111.92101240522803
neutral,open,80,J0_shortest,resilient,fragile,36,2.9681125094440257,True,0.39999999999999997,0.5916216216216217,0.63,0.5840000000000001,0.17600000000000005,0.36486486486486486,1.548864864864865,False,True,36.0
neutral,open,80,J1_risk,resilient,fragile,36,2.9681125094440257,True,0.39999999999999997,0.5916216216216217,0.63,0.5840000000000001,0.17600000000000005,0.36486486486486486,1.548864864864865,False,True,95.36225018888052
neutral,open,80,J2_recoverability,resilient,resilient,36,2.9747596544212858,True,0.63,0.8099459459459458,0.63,0.386,0.04999999999999993,0.0,0.756,True,False,51.120000000000005
neutral,open,80,J3_joint,resilient,resilient,36,2.9747596544212858,True,0.63,0.8099459459459458,0.63,0.386,0.04999999999999993,0.0,0.756,True,False,110.61519308842571
neutral,open,81,J0_shortest,resilient,fragile,36,2.9717392810851395,True,0.39999999999999997,0.5916216216216217,0.63,0.5840000000000001,0.17600000000000005,0.36486486486486486,1.548864864864865,False,True,36.0
neutral,open,81,J1_risk,resilient,resilient,36,2.9624514649951914,True,0.63,0.8099459459459458,0.63,0.386,0.04999999999999993,0.0,0.756,True,False,95.24902929990382
neutral,open,81,J2_recoverability,resilient,resilient,36,2.9624514649951914,True,0.63,0.8099459459459458,0.63,0.386,0.04999999999999993,0.0,0.756,True,False,51.120000000000005
neutral,open,81,J3_joint,resilient,resilient,36,2.9624514649951914,True,0.63,0.8099459459459458,0.63,0.386,0.04999999999999993,0.0,0.756,True,False,110.36902929990383
neutral,open,82,J0_shortest,fragile,fragile,36,2.9425280132049303,True,0.39999999999999997,0.5916216216216217,0.63,0.5840000000000001,0.17600000000000005,0.36486486486486486,1.548864864864865,True,False,36.0
neutral,open,82,J1_risk,fragile,fragile,36,2.9425280132049303,True,0.39999999999999997,0.5916216216216217,0.63,0.5840000000000001,0.17600000000000005,0.36486486486486486,1.548864864864865,True,False,94.8505602640986
neutral,open,82,J2_recoverability,fragile,resilient,36,2.98305845750977,True,0.63,0.8099459459459458,0.63,0.386,0.04999999999999993,0.0,0.756,False,True,51.120000000000005
neutral,open,82,J3_joint,fragile,resilient,36,2.98305845750977,True,0.63,0.8099459459459458,0.63,0.386,0.04999999999999993,0.0,0.756,False,True,110.78116915019541
neutral,open,83,J0_shortest,fragile,fragile,36,2.9668468626147013,True,0.39999999999999997,0.5916216216216217,0.63,0.5840000000000001,0.17600000000000005,0.36486486486486486,1.548864864864865,True,False,36.0
neutral,open,83,J1_risk,fragile,resilient,36,2.925177495049431,True,0.63,0.8099459459459458,0.63,0.386,0.04999999999999993,0.0,0.756,False,True,94.50354990098862
neutral,open,83,J2_recoverability,fragile,resilient,36,2.925177495049431,True,0.63,0.8099459459459458,0.63,0.386,0.04999999999999993,0.0,0.756,False,True,51.120000000000005
neutral,open,83,J3_joint,fragile,resilient,36,2.925177495049431,True,0.63,0.8099459459459458,0.63,0.386,0.04999999999999993,0.0,0.756,False,True,109.62354990098862
neutral,open,84,J0_shortest,resilient,fragile,36,2.9445449568068134,True,0.39999999999999997,0.5916216216216217,0.63,0.5840000000000001,0.17600000000000005,0.36486486486486486,1.548864864864865,False,True,36.0
neutral,open,84,J1_risk,resilient,fragile,36,2.9445449568068134,True,0.39999999999999997,0.5916216216216217,0.63,0.5840000000000001,0.17600000000000005,0.36486486486486486,1.548864864864865,False,True,94.89089913613627
neutral,open,84,J2_recoverability,resilient,resilient,36,2.9637806536660025,True,0.63,0.8099459459459458,0.63,0.386,0.04999999999999993,0.0,0.756,True,False,51.120000000000005
neutral,open,84,J3_joint,resilient,resilient,36,2.9637806536660025,True,0.63,0.8099459459459458,0.63,0.386,0.04999999999999993,0.0,0.756,True,False,110.39561307332005
neutral,open,85,J0_shortest,fragile,fragile,36,2.9493673324047296,True,0.39999999999999997,0.5916216216216217,0.63,0.5840000000000001,0.17600000000000005,0.36486486486486486,1.548864864864865,True,False,36.0
neutral,open,85,J1_risk,fragile,fragile,36,2.9493673324047296,True,0.39999999999999997,0.5916216216216217,0.63,0.5840000000000001,0.17600000000000005,0.36486486486486486,1.548864864864865,True,False,94.98734664809459
neutral,open,85,J2_recoverability,fragile,resilient,36,3.0215808892929337,True,0.63,0.8099459459459458,0.63,0.386,0.04999999999999993,0.0,0.756,False,True,51.120000000000005
neutral,open,85,J3_joint,fragile,resilient,36,3.0215808892929337,True,0.63,0.8099459459459458,0.63,0.386,0.04999999999999993,0.0,0.756,False,True,111.55161778585868
neutral,open,86,J0_shortest,fragile,fragile,36,2.9820841607241286,True,0.39999999999999997,0.5916216216216217,0.63,0.5840000000000001,0.17600000000000005,0.36486486486486486,1.548864864864865,True,False,36.0
neutral,open,86,J1_risk,fragile,resilient,36,2.9570880243783555,True,0.63,0.8099459459459458,0.63,0.386,0.04999999999999993,0.0,0.756,False,True,95.14176048756711
neutral,open,86,J2_recoverability,fragile,resilient,36,2.9570880243783555,True,0.63,0.8099459459459458,0.63,0.386,0.04999999999999993,0.0,0.756,False,True,51.120000000000005
neutral,open,86,J3_joint,fragile,resilient,36,2.9570880243783555,True,0.63,0.8099459459459458,0.63,0.386,0.04999999999999993,0.0,0.756,False,True,110.26176048756712
neutral,open,87,J0_shortest,resilient,fragile,36,2.9489824488114778,True,0.39999999999999997,0.5916216216216217,0.63,0.5840000000000001,0.17600000000000005,0.36486486486486486,1.548864864864865,False,True,36.0
neutral,open,87,J1_risk,resilient,resilient,36,2.943791772157597,True,0.63,0.8099459459459458,0.63,0.386,0.04999999999999993,0.0,0.756,True,False,94.87583544315194
neutral,open,87,J2_recoverability,resilient,resilient,36,2.943791772157597,True,0.63,0.8099459459459458,0.63,0.386,0.04999999999999993,0.0,0.756,True,False,51.120000000000005
neutral,open,87,J3_joint,resilient,resilient,36,2.943791772157597,True,0.63,0.8099459459459458,0.63,0.386,0.04999999999999993,0.0,0.756,True,False,109.99583544315195
neutral,open,88,J0_shortest,fragile,fragile,36,2.9716713004330013,True,0.39999999999999997,0.5916216216216217,0.63,0.5840000000000001,0.17600000000000005,0.36486486486486486,1.548864864864865,True,False,36.0
neutral,open,88,J1_risk,fragile,resilient,36,2.956695731427051,True,0.63,0.8099459459459458,0.63,0.386,0.04999999999999993,0.0,0.756,False,True,95.13391462854102
neutral,open,88,J2_recoverability,fragile,resilient,36,2.956695731427051,True,0.63,0.8099459459459458,0.63,0.386,0.04999999999999993,0.0,0.756,False,True,51.120000000000005
neutral,open,88,J3_joint,fragile,resilient,36,2.956695731427051,True,0.63,0.8099459459459458,0.63,0.386,0.04999999999999993,0.0,0.756,False,True,110.25391462854103
neutral,open,89,J0_shortest,resilient,fragile,36,2.9685600717410314,True,0.39999999999999997,0.5916216216216217,0.63,0.5840000000000001,0.17600000000000005,0.36486486486486486,1.548864864864865,False,True,36.0
neutral,open,89,J1_risk,resilient,fragile,36,2.9685600717410314,True,0.39999999999999997,0.5916216216216217,0.63,0.5840000000000001,0.17600000000000005,0.36486486486486486,1.548864864864865,False,True,95.37120143482062
neutral,open,89,J2_recoverability,resilient,resilient,36,2.973731753599112,True,0.63,0.8099459459459458,0.63,0.386,0.04999999999999993,0.0,0.756,True,False,51.120000000000005
neutral,open,89,J3_joint,resilient,resilient,36,2.973731753599112,True,0.63,0.8099459459459458,0.63,0.386,0.04999999999999993,0.0,0.756,True,False,110.59463507198224
neutral,open,90,J0_shortest,none,fragile,36,2.9406758548630396,True,0.39999999999999997,0.5916216216216217,0.63,0.5840000000000001,0.17600000000000005,0.36486486486486486,1.548864864864865,False,True,36.0
neutral,open,90,J1_risk,none,resilient,36,2.9228839762613585,True,0.63,0.8099459459459458,0.63,0.386,0.04999999999999993,0.0,0.756,False,True,94.45767952522718
neutral,open,90,J2_recoverability,none,resilient,36,2.9228839762613585,True,0.63,0.8099459459459458,0.63,0.386,0.04999999999999993,0.0,0.756,False,True,51.120000000000005
neutral,open,90,J3_joint,none,resilient,36,2.9228839762613585,True,0.63,0.8099459459459458,0.63,0.386,0.04999999999999993,0.0,0.756,False,True,109.57767952522718
neutral,open,91,J0_shortest,resilient,fragile,36,2.9887260357791816,True,0.39999999999999997,0.5916216216216217,0.63,0.5840000000000001,0.17600000000000005,0.36486486486486486,1.548864864864865,False,True,36.0
neutral,open,91,J1_risk,resilient,fragile,36,2.9887260357791816,True,0.39999999999999997,0.5916216216216217,0.63,0.5840000000000001,0.17600000000000005,0.36486486486486486,1.548864864864865,False,True,95.77452071558363
neutral,open,91,J2_recoverability,resilient,resilient,36,2.990843810932288,True,0.63,0.8099459459459458,0.63,0.386,0.04999999999999993,0.0,0.756,True,False,51.120000000000005
neutral,open,91,J3_joint,resilient,resilient,36,2.990843810932288,True,0.63,0.8099459459459458,0.63,0.386,0.04999999999999993,0.0,0.756,True,False,110.93687621864576
neutral,open,92,J0_shortest,fragile,fragile,36,2.925003656977494,True,0.39999999999999997,0.5916216216216217,0.63,0.5840000000000001,0.17600000000000005,0.36486486486486486,1.548864864864865,True,False,36.0
neutral,open,92,J1_risk,fragile,fragile,36,2.925003656977494,True,0.39999999999999997,0.5916216216216217,0.63,0.5840000000000001,0.17600000000000005,0.36486486486486486,1.548864864864865,True,False,94.50007313954988
neutral,open,92,J2_recoverability,fragile,resilient,36,2.939466184583835,True,0.63,0.8099459459459458,0.63,0.386,0.04999999999999993,0.0,0.756,False,True,51.120000000000005
neutral,open,92,J3_joint,fragile,resilient,36,2.939466184583835,True,0.63,0.8099459459459458,0.63,0.386,0.04999999999999993,0.0,0.756,False,True,109.9093236916767
neutral,open,93,J0_shortest,none,fragile,36,2.9745754492647034,True,0.39999999999999997,0.5916216216216217,0.63,0.5840000000000001,0.17600000000000005,0.36486486486486486,1.548864864864865,False,True,36.0
neutral,open,93,J1_risk,none,fragile,36,2.9745754492647034,True,0.39999999999999997,0.5916216216216217,0.63,0.5840000000000001,0.17600000000000005,0.36486486486486486,1.548864864864865,False,True,95.49150898529408
neutral,open,93,J2_recoverability,none,resilient,36,2.9881643269184277,True,0.63,0.8099459459459458,0.63,0.386,0.04999999999999993,0.0,0.756,False,True,51.120000000000005
neutral,open,93,J3_joint,none,resilient,36,2.9881643269184277,True,0.63,0.8099459459459458,0.63,0.386,0.04999999999999993,0.0,0.756,False,True,110.88328653836857
neutral,open,94,J0_shortest,fragile,fragile,36,2.9298679235052063,True,0.39999999999999997,0.5916216216216217,0.63,0.5840000000000001,0.17600000000000005,0.36486486486486486,1.548864864864865,True,False,36.0
neutral,open,94,J1_risk,fragile,fragile,36,2.9298679235052063,True,0.39999999999999997,0.5916216216216217,0.63,0.5840000000000001,0.17600000000000005,0.36486486486486486,1.548864864864865,True,False,94.59735847010413
neutral,open,94,J2_recoverability,fragile,resilient,36,2.9767732036274266,True,0.63,0.8099459459459458,0.63,0.386,0.04999999999999993,0.0,0.756,False,True,51.120000000000005
neutral,open,94,J3_joint,fragile,resilient,36,2.9767732036274266,True,0.63,0.8099459459459458,0.63,0.386,0.04999999999999993,0.0,0.756,False,True,110.65546407254854
neutral,open,95,J0_shortest,none,fragile,36,2.977434088767912,True,0.39999999999999997,0.5916216216216217,0.63,0.5840000000000001,0.17600000000000005,0.36486486486486486,1.548864864864865,False,True,36.0
neutral,open,95,J1_risk,none,resilient,36,2.919400288210759,True,0.63,0.8099459459459458,0.63,0.386,0.04999999999999993,0.0,0.756,False,True,94.38800576421518
neutral,open,95,J2_recoverability,none,resilient,36,2.919400288210759,True,0.63,0.8099459459459458,0.63,0.386,0.04999999999999993,0.0,0.756,False,True,51.120000000000005
neutral,open,95,J3_joint,none,resilient,36,2.919400288210759,True,0.63,0.8099459459459458,0.63,0.386,0.04999999999999993,0.0,0.756,False,True,109.50800576421518
neutral,open,96,J0_shortest,resilient,fragile,36,2.9789648914218714,True,0.39999999999999997,0.5916216216216217,0.63,0.5840000000000001,0.17600000000000005,0.36486486486486486,1.548864864864865,False,True,36.0
neutral,open,96,J1_risk,resilient,resilient,36,2.9409624357980393,True,0.63,0.8099459459459458,0.63,0.386,0.04999999999999993,0.0,0.756,True,False,94.81924871596078
neutral,open,96,J2_recoverability,resilient,resilient,36,2.9409624357980393,True,0.63,0.8099459459459458,0.63,0.386,0.04999999999999993,0.0,0.756,True,False,51.120000000000005
neutral,open,96,J3_joint,resilient,resilient,36,2.9409624357980393,True,0.63,0.8099459459459458,0.63,0.386,0.04999999999999993,0.0,0.756,True,False,109.93924871596079
neutral,open,97,J0_shortest,fragile,fragile,36,2.9348669732593216,True,0.39999999999999997,0.5916216216216217,0.63,0.5840000000000001,0.17600000000000005,0.36486486486486486,1.548864864864865,True,False,36.0
neutral,open,97,J1_risk,fragile,fragile,36,2.9348669732593216,True,0.39999999999999997,0.5916216216216217,0.63,0.5840000000000001,0.17600000000000005,0.36486486486486486,1.548864864864865,True,False,94.69733946518643
neutral,open,97,J2_recoverability,fragile,resilient,36,2.9737582337978705,True,0.63,0.8099459459459458,0.63,0.386,0.04999999999999993,0.0,0.756,False,True,51.120000000000005
neutral,open,97,J3_joint,fragile,resilient,36,2.9737582337978705,True,0.63,0.8099459459459458,0.63,0.386,0.04999999999999993,0.0,0.756,False,True,110.59516467595742
neutral,open,98,J0_shortest,fragile,fragile,36,2.99829492301419,True,0.39999999999999997,0.5916216216216217,0.63,0.5840000000000001,0.17600000000000005,0.36486486486486486,1.548864864864865,True,False,36.0
neutral,open,98,J1_risk,fragile,fragile,36,2.99829492301419,True,0.39999999999999997,0.5916216216216217,0.63,0.5840000000000001,0.17600000000000005,0.36486486486486486,1.548864864864865,True,False,95.9658984602838
neutral,open,98,J2_recoverability,fragile,resilient,36,3.031256248752029,True,0.63,0.8099459459459458,0.63,0.386,0.04999999999999993,0.0,0.756,False,True,51.120000000000005
neutral,open,98,J3_joint,fragile,resilient,36,3.031256248752029,True,0.63,0.8099459459459458,0.63,0.386,0.04999999999999993,0.0,0.756,False,True,111.7451249750406
neutral,open,99,J0_shortest,resilient,fragile,36,2.988349972126702,True,0.39999999999999997,0.5916216216216217,0.63,0.5840000000000001,0.17600000000000005,0.36486486486486486,1.548864864864865,False,True,36.0
neutral,open,99,J1_risk,resilient,resilient,36,2.9807345488699255,True,0.63,0.8099459459459458,0.63,0.386,0.04999999999999993,0.0,0.756,True,False,95.61469097739851
neutral,open,99,J2_recoverability,resilient,resilient,36,2.9807345488699255,True,0.63,0.8099459459459458,0.63,0.386,0.04999999999999993,0.0,0.756,True,False,51.120000000000005
neutral,open,99,J3_joint,resilient,resilient,36,2.9807345488699255,True,0.63,0.8099459459459458,0.63,0.386,0.04999999999999993,0.0,0.756,True,False,110.73469097739851
risk_fragile,open,0,J0_shortest,fragile,fragile,36,4.094013187114922,True,0.39999999999999997,0.5916216216216217,0.63,0.5840000000000001,0.17600000000000005,0.36486486486486486,1.548864864864865,True,False,36.0
risk_fragile,open,0,J1_risk,fragile,resilient,36,3.2316346054631175,True,0.63,0.8099459459459458,0.63,0.386,0.04999999999999993,0.0,0.756,False,True,100.63269210926235
risk_fragile,open,0,J2_recoverability,fragile,resilient,36,3.2316346054631175,True,0.63,0.8099459459459458,0.63,0.386,0.04999999999999993,0.0,0.756,False,True,51.120000000000005
risk_fragile,open,0,J3_joint,fragile,resilient,36,3.2316346054631175,True,0.63,0.8099459459459458,0.63,0.386,0.04999999999999993,0.0,0.756,False,True,115.75269210926236
risk_fragile,open,1,J0_shortest,resilient,fragile,36,4.058107952866922,True,0.39999999999999997,0.5916216216216217,0.63,0.5840000000000001,0.17600000000000005,0.36486486486486486,1.548864864864865,False,True,36.0
risk_fragile,open,1,J1_risk,resilient,resilient,36,3.1813623927064603,True,0.63,0.8099459459459458,0.63,0.386,0.04999999999999993,0.0,0.756,True,False,99.62724785412921
risk_fragile,open,1,J2_recoverability,resilient,resilient,36,3.1813623927064603,True,0.63,0.8099459459459458,0.63,0.386,0.04999999999999993,0.0,0.756,True,False,51.120000000000005
risk_fragile,open,1,J3_joint,resilient,resilient,36,3.1813623927064603,True,0.63,0.8099459459459458,0.63,0.386,0.04999999999999993,0.0,0.756,True,False,114.74724785412921
risk_fragile,open,2,J0_shortest,resilient,fragile,36,4.082601111595685,True,0.39999999999999997,0.5916216216216217,0.63,0.5840000000000001,0.17600000000000005,0.36486486486486486,1.548864864864865,False,True,36.0
risk_fragile,open,2,J1_risk,resilient,resilient,36,3.2094571700486196,True,0.63,0.8099459459459458,0.63,0.386,0.04999999999999993,0.0,0.756,True,False,100.1891434009724
risk_fragile,open,2,J2_recoverability,resilient,resilient,36,3.2094571700486196,True,0.63,0.8099459459459458,0.63,0.386,0.04999999999999993,0.0,0.756,True,False,51.120000000000005
risk_fragile,open,2,J3_joint,resilient,resilient,36,3.2094571700486196,True,0.63,0.8099459459459458,0.63,0.386,0.04999999999999993,0.0,0.756,True,False,115.3091434009724
risk_fragile,open,3,J0_shortest,none,fragile,36,4.076200356685595,True,0.39999999999999997,0.5916216216216217,0.63,0.5840000000000001,0.17600000000000005,0.36486486486486486,1.548864864864865,False,True,36.0
risk_fragile,open,3,J1_risk,none,resilient,36,3.2073219116339486,True,0.63,0.8099459459459458,0.63,0.386,0.04999999999999993,0.0,0.756,False,True,100.14643823267897
risk_fragile,open,3,J2_recoverability,none,resilient,36,3.2073219116339486,True,0.63,0.8099459459459458,0.63,0.386,0.04999999999999993,0.0,0.756,False,True,51.120000000000005
risk_fragile,open,3,J3_joint,none,resilient,36,3.2073219116339486,True,0.63,0.8099459459459458,0.63,0.386,0.04999999999999993,0.0,0.756,False,True,115.26643823267898
risk_fragile,open,4,J0_shortest,fragile,fragile,36,4.058493622127152,True,0.39999999999999997,0.5916216216216217,0.63,0.5840000000000001,0.17600000000000005,0.36486486486486486,1.548864864864865,True,False,36.0
risk_fragile,open,4,J1_risk,fragile,resilient,36,3.1830124555287203,True,0.63,0.8099459459459458,0.63,0.386,0.04999999999999993,0.0,0.756,False,True,99.6602491105744
risk_fragile,open,4,J2_recoverability,fragile,resilient,36,3.1830124555287203,True,0.63,0.8099459459459458,0.63,0.386,0.04999999999999993,0.0,0.756,False,True,51.120000000000005
risk_fragile,open,4,J3_joint,fragile,resilient,36,3.1830124555287203,True,0.63,0.8099459459459458,0.63,0.386,0.04999999999999993,0.0,0.756,False,True,114.7802491105744
risk_fragile,open,5,J0_shortest,resilient,fragile,36,4.03557622810643,True,0.39999999999999997,0.5916216216216217,0.63,0.5840000000000001,0.17600000000000005,0.36486486486486486,1.548864864864865,False,True,36.0
risk_fragile,open,5,J1_risk,resilient,resilient,36,3.2154926938696193,True,0.63,0.8099459459459458,0.63,0.386,0.04999999999999993,0.0,0.756,True,False,100.30985387739238
risk_fragile,open,5,J2_recoverability,resilient,resilient,36,3.2154926938696193,True,0.63,0.8099459459459458,0.63,0.386,0.04999999999999993,0.0,0.756,True,False,51.120000000000005
risk_fragile,open,5,J3_joint,resilient,resilient,36,3.2154926938696193,True,0.63,0.8099459459459458,0.63,0.386,0.04999999999999993,0.0,0.756,True,False,115.42985387739239
risk_fragile,open,6,J0_shortest,resilient,fragile,36,4.091762934361052,True,0.39999999999999997,0.5916216216216217,0.63,0.5840000000000001,0.17600000000000005,0.36486486486486486,1.548864864864865,False,True,36.0
risk_fragile,open,6,J1_risk,resilient,resilient,36,3.2203603962919147,True,0.63,0.8099459459459458,0.63,0.386,0.04999999999999993,0.0,0.756,True,False,100.40720792583829
risk_fragile,open,6,J2_recoverability,resilient,resilient,36,3.2203603962919147,True,0.63,0.8099459459459458,0.63,0.386,0.04999999999999993,0.0,0.756,True,False,51.120000000000005
risk_fragile,open,6,J3_joint,resilient,resilient,36,3.2203603962919147,True,0.63,0.8099459459459458,0.63,0.386,0.04999999999999993,0.0,0.756,True,False,115.5272079258383
risk_fragile,open,7,J0_shortest,resilient,fragile,36,4.02296026704057,True,0.39999999999999997,0.5916216216216217,0.63,0.5840000000000001,0.17600000000000005,0.36486486486486486,1.548864864864865,False,True,36.0
risk_fragile,open,7,J1_risk,resilient,resilient,36,3.2010293856711427,True,0.63,0.8099459459459458,0.63,0.386,0.04999999999999993,0.0,0.756,True,False,100.02058771342286
risk_fragile,open,7,J2_recoverability,resilient,resilient,36,3.2010293856711427,True,0.63,0.8099459459459458,0.63,0.386,0.04999999999999993,0.0,0.756,True,False,51.120000000000005
risk_fragile,open,7,J3_joint,resilient,resilient,36,3.2010293856711427,True,0.63,0.8099459459459458,0.63,0.386,0.04999999999999993,0.0,0.756,True,False,115.14058771342286
risk_fragile,open,8,J0_shortest,none,fragile,36,4.052588118141037,True,0.39999999999999997,0.5916216216216217,0.63,0.5840000000000001,0.17600000000000005,0.36486486486486486,1.548864864864865,False,True,36.0
risk_fragile,open,8,J1_risk,none,resilient,36,3.1671471370359994,True,0.63,0.8099459459459458,0.63,0.386,0.04999999999999993,0.0,0.756,False,True,99.34294274071999
risk_fragile,open,8,J2_recoverability,none,resilient,36,3.1671471370359994,True,0.63,0.8099459459459458,0.63,0.386,0.04999999999999993,0.0,0.756,False,True,51.120000000000005
risk_fragile,open,8,J3_joint,none,resilient,36,3.1671471370359994,True,0.63,0.8099459459459458,0.63,0.386,0.04999999999999993,0.0,0.756,False,True,114.46294274072
risk_fragile,open,9,J0_shortest,resilient,fragile,36,4.075320249712818,True,0.39999999999999997,0.5916216216216217,0.63,0.5840000000000001,0.17600000000000005,0.36486486486486486,1.548864864864865,False,True,36.0
risk_fragile,open,9,J1_risk,resilient,resilient,36,3.2190729174948256,True,0.63,0.8099459459459458,0.63,0.386,0.04999999999999993,0.0,0.756,True,False,100.38145834989652
risk_fragile,open,9,J2_recoverability,resilient,resilient,36,3.2190729174948256,True,0.63,0.8099459459459458,0.63,0.386,0.04999999999999993,0.0,0.756,True,False,51.120000000000005
risk_fragile,open,9,J3_joint,resilient,resilient,36,3.2190729174948256,True,0.63,0.8099459459459458,0.63,0.386,0.04999999999999993,0.0,0.756,True,False,115.50145834989652
risk_fragile,open,10,J0_shortest,fragile,fragile,36,4.033714218959647,True,0.39999999999999997,0.5916216216216217,0.63,0.5840000000000001,0.17600000000000005,0.36486486486486486,1.548864864864865,True,False,36.0
risk_fragile,open,10,J1_risk,fragile,resilient,36,3.152068211545243,True,0.63,0.8099459459459458,0.63,0.386,0.04999999999999993,0.0,0.756,False,True,99.04136423090486
risk_fragile,open,10,J2_recoverability,fragile,resilient,36,3.152068211545243,True,0.63,0.8099459459459458,0.63,0.386,0.04999999999999993,0.0,0.756,False,True,51.120000000000005
risk_fragile,open,10,J3_joint,fragile,resilient,36,3.152068211545243,True,0.63,0.8099459459459458,0.63,0.386,0.04999999999999993,0.0,0.756,False,True,114.16136423090487
risk_fragile,open,11,J0_shortest,none,fragile,36,4.056068074296571,True,0.39999999999999997,0.5916216216216217,0.63,0.5840000000000001,0.17600000000000005,0.36486486486486486,1.548864864864865,False,True,36.0
risk_fragile,open,11,J1_risk,none,resilient,36,3.2055385282008277,True,0.63,0.8099459459459458,0.63,0.386,0.04999999999999993,0.0,0.756,False,True,100.11077056401655
risk_fragile,open,11,J2_recoverability,none,resilient,36,3.2055385282008277,True,0.63,0.8099459459459458,0.63,0.386,0.04999999999999993,0.0,0.756,False,True,51.120000000000005
risk_fragile,open,11,J3_joint,none,resilient,36,3.2055385282008277,True,0.63,0.8099459459459458,0.63,0.386,0.04999999999999993,0.0,0.756,False,True,115.23077056401655
risk_fragile,open,12,J0_shortest,none,fragile,36,4.067088927843283,True,0.39999999999999997,0.5916216216216217,0.63,0.5840000000000001,0.17600000000000005,0.36486486486486486,1.548864864864865,False,True,36.0
risk_fragile,open,12,J1_risk,none,resilient,36,3.1806827268881688,True,0.63,0.8099459459459458,0.63,0.386,0.04999999999999993,0.0,0.756,False,True,99.61365453776338
risk_fragile,open,12,J2_recoverability,none,resilient,36,3.1806827268881688,True,0.63,0.8099459459459458,0.63,0.386,0.04999999999999993,0.0,0.756,False,True,51.120000000000005
risk_fragile,open,12,J3_joint,none,resilient,36,3.1806827268881688,True,0.63,0.8099459459459458,0.63,0.386,0.04999999999999993,0.0,0.756,False,True,114.73365453776339
risk_fragile,open,13,J0_shortest,fragile,fragile,36,4.112355326371143,True,0.39999999999999997,0.5916216216216217,0.63,0.5840000000000001,0.17600000000000005,0.36486486486486486,1.548864864864865,True,False,36.0
risk_fragile,open,13,J1_risk,fragile,resilient,36,3.245327909511651,True,0.63,0.8099459459459458,0.63,0.386,0.04999999999999993,0.0,0.756,False,True,100.90655819023301
risk_fragile,open,13,J2_recoverability,fragile,resilient,36,3.245327909511651,True,0.63,0.8099459459459458,0.63,0.386,0.04999999999999993,0.0,0.756,False,True,51.120000000000005
risk_fragile,open,13,J3_joint,fragile,resilient,36,3.245327909511651,True,0.63,0.8099459459459458,0.63,0.386,0.04999999999999993,0.0,0.756,False,True,116.02655819023302
risk_fragile,open,14,J0_shortest,none,fragile,36,4.082149594885475,True,0.39999999999999997,0.5916216216216217,0.63,0.5840000000000001,0.17600000000000005,0.36486486486486486,1.548864864864865,False,True,36.0
risk_fragile,open,14,J1_risk,none,resilient,36,3.216984144681296,True,0.63,0.8099459459459458,0.63,0.386,0.04999999999999993,0.0,0.756,False,True,100.33968289362592
risk_fragile,open,14,J2_recoverability,none,resilient,36,3.216984144681296,True,0.63,0.8099459459459458,0.63,0.386,0.04999999999999993,0.0,0.756,False,True,51.120000000000005
risk_fragile,open,14,J3_joint,none,resilient,36,3.216984144681296,True,0.63,0.8099459459459458,0.63,0.386,0.04999999999999993,0.0,0.756,False,True,115.45968289362592
risk_fragile,open,15,J0_shortest,resilient,fragile,36,4.0917136499562465,True,0.39999999999999997,0.5916216216216217,0.63,0.5840000000000001,0.17600000000000005,0.36486486486486486,1.548864864864865,False,True,36.0
risk_fragile,open,15,J1_risk,resilient,resilient,36,3.2116773714742712,True,0.63,0.8099459459459458,0.63,0.386,0.04999999999999993,0.0,0.756,True,False,100.23354742948543
risk_fragile,open,15,J2_recoverability,resilient,resilient,36,3.2116773714742712,True,0.63,0.8099459459459458,0.63,0.386,0.04999999999999993,0.0,0.756,True,False,51.120000000000005
risk_fragile,open,15,J3_joint,resilient,resilient,36,3.2116773714742712,True,0.63,0.8099459459459458,0.63,0.386,0.04999999999999993,0.0,0.756,True,False,115.35354742948543
risk_fragile,open,16,J0_shortest,none,fragile,36,4.089498643736589,True,0.39999999999999997,0.5916216216216217,0.63,0.5840000000000001,0.17600000000000005,0.36486486486486486,1.548864864864865,False,True,36.0
risk_fragile,open,16,J1_risk,none,resilient,36,3.198397023891481,True,0.63,0.8099459459459458,0.63,0.386,0.04999999999999993,0.0,0.756,False,True,99.96794047782961
risk_fragile,open,16,J2_recoverability,none,resilient,36,3.198397023891481,True,0.63,0.8099459459459458,0.63,0.386,0.04999999999999993,0.0,0.756,False,True,51.120000000000005
risk_fragile,open,16,J3_joint,none,resilient,36,3.198397023891481,True,0.63,0.8099459459459458,0.63,0.386,0.04999999999999993,0.0,0.756,False,True,115.08794047782962
risk_fragile,open,17,J0_shortest,resilient,fragile,36,4.046439120528688,True,0.39999999999999997,0.5916216216216217,0.63,0.5840000000000001,0.17600000000000005,0.36486486486486486,1.548864864864865,False,True,36.0
risk_fragile,open,17,J1_risk,resilient,resilient,36,3.2260125469373,True,0.63,0.8099459459459458,0.63,0.386,0.04999999999999993,0.0,0.756,True,False,100.520250938746
risk_fragile,open,17,J2_recoverability,resilient,resilient,36,3.2260125469373,True,0.63,0.8099459459459458,0.63,0.386,0.04999999999999993,0.0,0.756,True,False,51.120000000000005
risk_fragile,open,17,J3_joint,resilient,resilient,36,3.2260125469373,True,0.63,0.8099459459459458,0.63,0.386,0.04999999999999993,0.0,0.756,True,False,115.64025093874601
risk_fragile,open,18,J0_shortest,fragile,fragile,36,4.094140318880914,True,0.39999999999999997,0.5916216216216217,0.63,0.5840000000000001,0.17600000000000005,0.36486486486486486,1.548864864864865,True,False,36.0
risk_fragile,open,18,J1_risk,fragile,resilient,36,3.170881898691912,True,0.63,0.8099459459459458,0.63,0.386,0.04999999999999993,0.0,0.756,False,True,99.41763797383824
risk_fragile,open,18,J2_recoverability,fragile,resilient,36,3.170881898691912,True,0.63,0.8099459459459458,0.63,0.386,0.04999999999999993,0.0,0.756,False,True,51.120000000000005
risk_fragile,open,18,J3_joint,fragile,resilient,36,3.170881898691912,True,0.63,0.8099459459459458,0.63,0.386,0.04999999999999993,0.0,0.756,False,True,114.53763797383824
risk_fragile,open,19,J0_shortest,fragile,fragile,36,4.0837477849147215,True,0.39999999999999997,0.5916216216216217,0.63,0.5840000000000001,0.17600000000000005,0.36486486486486486,1.548864864864865,True,False,36.0
risk_fragile,open,19,J1_risk,fragile,resilient,36,3.2124151606536038,True,0.63,0.8099459459459458,0.63,0.386,0.04999999999999993,0.0,0.756,False,True,100.24830321307208
risk_fragile,open,19,J2_recoverability,fragile,resilient,36,3.2124151606536038,True,0.63,0.8099459459459458,0.63,0.386,0.04999999999999993,0.0,0.756,False,True,51.120000000000005
risk_fragile,open,19,J3_joint,fragile,resilient,36,3.2124151606536038,True,0.63,0.8099459459459458,0.63,0.386,0.04999999999999993,0.0,0.756,False,True,115.36830321307208
risk_fragile,open,20,J0_shortest,none,fragile,36,4.041797799028003,True,0.39999999999999997,0.5916216216216217,0.63,0.5840000000000001,0.17600000000000005,0.36486486486486486,1.548864864864865,False,True,36.0
risk_fragile,open,20,J1_risk,none,resilient,36,3.1551070419348677,True,0.63,0.8099459459459458,0.63,0.386,0.04999999999999993,0.0,0.756,False,True,99.10214083869735
risk_fragile,open,20,J2_recoverability,none,resilient,36,3.1551070419348677,True,0.63,0.8099459459459458,0.63,0.386,0.04999999999999993,0.0,0.756,False,True,51.120000000000005
risk_fragile,open,20,J3_joint,none,resilient,36,3.1551070419348677,True,0.63,0.8099459459459458,0.63,0.386,0.04999999999999993,0.0,0.756,False,True,114.22214083869736
risk_fragile,open,21,J0_shortest,none,fragile,36,4.088134422178805,True,0.39999999999999997,0.5916216216216217,0.63,0.5840000000000001,0.17600000000000005,0.36486486486486486,1.548864864864865,False,True,36.0
risk_fragile,open,21,J1_risk,none,resilient,36,3.180165919951168,True,0.63,0.8099459459459458,0.63,0.386,0.04999999999999993,0.0,0.756,False,True,99.60331839902335
risk_fragile,open,21,J2_recoverability,none,resilient,36,3.180165919951168,True,0.63,0.8099459459459458,0.63,0.386,0.04999999999999993,0.0,0.756,False,True,51.120000000000005
risk_fragile,open,21,J3_joint,none,resilient,36,3.180165919951168,True,0.63,0.8099459459459458,0.63,0.386,0.04999999999999993,0.0,0.756,False,True,114.72331839902336
risk_fragile,open,22,J0_shortest,fragile,fragile,36,4.1124160621321035,True,0.39999999999999997,0.5916216216216217,0.63,0.5840000000000001,0.17600000000000005,0.36486486486486486,1.548864864864865,True,False,36.0
risk_fragile,open,22,J1_risk,fragile,resilient,36,3.259043094392075,True,0.63,0.8099459459459458,0.63,0.386,0.04999999999999993,0.0,0.756,False,True,101.1808618878415
risk_fragile,open,22,J2_recoverability,fragile,resilient,36,3.259043094392075,True,0.63,0.8099459459459458,0.63,0.386,0.04999999999999993,0.0,0.756,False,True,51.120000000000005
risk_fragile,open,22,J3_joint,fragile,resilient,36,3.259043094392075,True,0.63,0.8099459459459458,0.63,0.386,0.04999999999999993,0.0,0.756,False,True,116.3008618878415
risk_fragile,open,23,J0_shortest,resilient,fragile,36,4.050216657340406,True,0.39999999999999997,0.5916216216216217,0.63,0.5840000000000001,0.17600000000000005,0.36486486486486486,1.548864864864865,False,True,36.0
risk_fragile,open,23,J1_risk,resilient,resilient,36,3.2142727857100972,True,0.63,0.8099459459459458,0.63,0.386,0.04999999999999993,0.0,0.756,True,False,100.28545571420194
risk_fragile,open,23,J2_recoverability,resilient,resilient,36,3.2142727857100972,True,0.63,0.8099459459459458,0.63,0.386,0.04999999999999993,0.0,0.756,True,False,51.120000000000005
risk_fragile,open,23,J3_joint,resilient,resilient,36,3.2142727857100972,True,0.63,0.8099459459459458,0.63,0.386,0.04999999999999993,0.0,0.756,True,False,115.40545571420195
risk_fragile,open,24,J0_shortest,resilient,fragile,36,4.052170392176281,True,0.39999999999999997,0.5916216216216217,0.63,0.5840000000000001,0.17600000000000005,0.36486486486486486,1.548864864864865,False,True,36.0
risk_fragile,open,24,J1_risk,resilient,resilient,36,3.181311718704963,True,0.63,0.8099459459459458,0.63,0.386,0.04999999999999993,0.0,0.756,True,False,99.62623437409925
risk_fragile,open,24,J2_recoverability,resilient,resilient,36,3.181311718704963,True,0.63,0.8099459459459458,0.63,0.386,0.04999999999999993,0.0,0.756,True,False,51.120000000000005
risk_fragile,open,24,J3_joint,resilient,resilient,36,3.181311718704963,True,0.63,0.8099459459459458,0.63,0.386,0.04999999999999993,0.0,0.756,True,False,114.74623437409926
risk_fragile,open,25,J0_shortest,fragile,fragile,36,4.0994041909593815,True,0.39999999999999997,0.5916216216216217,0.63,0.5840000000000001,0.17600000000000005,0.36486486486486486,1.548864864864865,True,False,36.0
risk_fragile,open,25,J1_risk,fragile,resilient,36,3.237226736594065,True,0.63,0.8099459459459458,0.63,0.386,0.04999999999999993,0.0,0.756,False,True,100.7445347318813
risk_fragile,open,25,J2_recoverability,fragile,resilient,36,3.237226736594065,True,0.63,0.8099459459459458,0.63,0.386,0.04999999999999993,0.0,0.756,False,True,51.120000000000005
risk_fragile,open,25,J3_joint,fragile,resilient,36,3.237226736594065,True,0.63,0.8099459459459458,0.63,0.386,0.04999999999999993,0.0,0.756,False,True,115.8645347318813
risk_fragile,open,26,J0_shortest,none,fragile,36,4.042492828178036,True,0.39999999999999997,0.5916216216216217,0.63,0.5840000000000001,0.17600000000000005,0.36486486486486486,1.548864864864865,False,True,36.0
risk_fragile,open,26,J1_risk,none,resilient,36,3.18940127938086,True,0.63,0.8099459459459458,0.63,0.386,0.04999999999999993,0.0,0.756,False,True,99.7880255876172
risk_fragile,open,26,J2_recoverability,none,resilient,36,3.18940127938086,True,0.63,0.8099459459459458,0.63,0.386,0.04999999999999993,0.0,0.756,False,True,51.120000000000005
risk_fragile,open,26,J3_joint,none,resilient,36,3.18940127938086,True,0.63,0.8099459459459458,0.63,0.386,0.04999999999999993,0.0,0.756,False,True,114.9080255876172
risk_fragile,open,27,J0_shortest,resilient,fragile,36,4.0419037246253735,True,0.39999999999999997,0.5916216216216217,0.63,0.5840000000000001,0.17600000000000005,0.36486486486486486,1.548864864864865,False,True,36.0
risk_fragile,open,27,J1_risk,resilient,resilient,36,3.19600280485816,True,0.63,0.8099459459459458,0.63,0.386,0.04999999999999993,0.0,0.756,True,False,99.92005609716321
risk_fragile,open,27,J2_recoverability,resilient,resilient,36,3.19600280485816,True,0.63,0.8099459459459458,0.63,0.386,0.04999999999999993,0.0,0.756,True,False,51.120000000000005
risk_fragile,open,27,J3_joint,resilient,resilient,36,3.19600280485816,True,0.63,0.8099459459459458,0.63,0.386,0.04999999999999993,0.0,0.756,True,False,115.04005609716322
risk_fragile,open,28,J0_shortest,resilient,fragile,36,4.061895795951567,True,0.39999999999999997,0.5916216216216217,0.63,0.5840000000000001,0.17600000000000005,0.36486486486486486,1.548864864864865,False,True,36.0
risk_fragile,open,28,J1_risk,resilient,resilient,36,3.1565128842512458,True,0.63,0.8099459459459458,0.63,0.386,0.04999999999999993,0.0,0.756,True,False,99.13025768502492
risk_fragile,open,28,J2_recoverability,resilient,resilient,36,3.1565128842512458,True,0.63,0.8099459459459458,0.63,0.386,0.04999999999999993,0.0,0.756,True,False,51.120000000000005
risk_fragile,open,28,J3_joint,resilient,resilient,36,3.1565128842512458,True,0.63,0.8099459459459458,0.63,0.386,0.04999999999999993,0.0,0.756,True,False,114.25025768502492
risk_fragile,open,29,J0_shortest,resilient,fragile,36,4.048587822901216,True,0.39999999999999997,0.5916216216216217,0.63,0.5840000000000001,0.17600000000000005,0.36486486486486486,1.548864864864865,False,True,36.0
risk_fragile,open,29,J1_risk,resilient,resilient,36,3.1739592886948267,True,0.63,0.8099459459459458,0.63,0.386,0.04999999999999993,0.0,0.756,True,False,99.47918577389653
risk_fragile,open,29,J2_recoverability,resilient,resilient,36,3.1739592886948267,True,0.63,0.8099459459459458,0.63,0.386,0.04999999999999993,0.0,0.756,True,False,51.120000000000005
risk_fragile,open,29,J3_joint,resilient,resilient,36,3.1739592886948267,True,0.63,0.8099459459459458,0.63,0.386,0.04999999999999993,0.0,0.756,True,False,114.59918577389654
risk_fragile,open,30,J0_shortest,fragile,fragile,36,4.0899192552675245,True,0.39999999999999997,0.5916216216216217,0.63,0.5840000000000001,0.17600000000000005,0.36486486486486486,1.548864864864865,True,False,36.0
risk_fragile,open,30,J1_risk,fragile,resilient,36,3.24101625539321,True,0.63,0.8099459459459458,0.63,0.386,0.04999999999999993,0.0,0.756,False,True,100.82032510786419
risk_fragile,open,30,J2_recoverability,fragile,resilient,36,3.24101625539321,True,0.63,0.8099459459459458,0.63,0.386,0.04999999999999993,0.0,0.756,False,True,51.120000000000005
risk_fragile,open,30,J3_joint,fragile,resilient,36,3.24101625539321,True,0.63,0.8099459459459458,0.63,0.386,0.04999999999999993,0.0,0.756,False,True,115.9403251078642
risk_fragile,open,31,J0_shortest,fragile,fragile,36,4.061192670874583,True,0.39999999999999997,0.5916216216216217,0.63,0.5840000000000001,0.17600000000000005,0.36486486486486486,1.548864864864865,True,False,36.0
risk_fragile,open,31,J1_risk,fragile,resilient,36,3.222989483882324,True,0.63,0.8099459459459458,0.63,0.386,0.04999999999999993,0.0,0.756,False,True,100.45978967764648
risk_fragile,open,31,J2_recoverability,fragile,resilient,36,3.222989483882324,True,0.63,0.8099459459459458,0.63,0.386,0.04999999999999993,0.0,0.756,False,True,51.120000000000005
risk_fragile,open,31,J3_joint,fragile,resilient,36,3.222989483882324,True,0.63,0.8099459459459458,0.63,0.386,0.04999999999999993,0.0,0.756,False,True,115.57978967764649
risk_fragile,open,32,J0_shortest,none,fragile,36,4.064297724825049,True,0.39999999999999997,0.5916216216216217,0.63,0.5840000000000001,0.17600000000000005,0.36486486486486486,1.548864864864865,False,True,36.0
risk_fragile,open,32,J1_risk,none,resilient,36,3.2443829027405098,True,0.63,0.8099459459459458,0.63,0.386,0.04999999999999993,0.0,0.756,False,True,100.8876580548102
risk_fragile,open,32,J2_recoverability,none,resilient,36,3.2443829027405098,True,0.63,0.8099459459459458,0.63,0.386,0.04999999999999993,0.0,0.756,False,True,51.120000000000005
risk_fragile,open,32,J3_joint,none,resilient,36,3.2443829027405098,True,0.63,0.8099459459459458,0.63,0.386,0.04999999999999993,0.0,0.756,False,True,116.00765805481021
risk_fragile,open,33,J0_shortest,resilient,fragile,36,4.067846425230918,True,0.39999999999999997,0.5916216216216217,0.63,0.5840000000000001,0.17600000000000005,0.36486486486486486,1.548864864864865,False,True,36.0
risk_fragile,open,33,J1_risk,resilient,resilient,36,3.2045970763799874,True,0.63,0.8099459459459458,0.63,0.386,0.04999999999999993,0.0,0.756,True,False,100.09194152759974
risk_fragile,open,33,J2_recoverability,resilient,resilient,36,3.2045970763799874,True,0.63,0.8099459459459458,0.63,0.386,0.04999999999999993,0.0,0.756,True,False,51.120000000000005
risk_fragile,open,33,J3_joint,resilient,resilient,36,3.2045970763799874,True,0.63,0.8099459459459458,0.63,0.386,0.04999999999999993,0.0,0.756,True,False,115.21194152759975
risk_fragile,open,34,J0_shortest,fragile,fragile,36,4.0902889745276285,True,0.39999999999999997,0.5916216216216217,0.63,0.5840000000000001,0.17600000000000005,0.36486486486486486,1.548864864864865,True,False,36.0
risk_fragile,open,34,J1_risk,fragile,resilient,36,3.238498912480432,True,0.63,0.8099459459459458,0.63,0.386,0.04999999999999993,0.0,0.756,False,True,100.76997824960864
risk_fragile,open,34,J2_recoverability,fragile,resilient,36,3.238498912480432,True,0.63,0.8099459459459458,0.63,0.386,0.04999999999999993,0.0,0.756,False,True,51.120000000000005
risk_fragile,open,34,J3_joint,fragile,resilient,36,3.238498912480432,True,0.63,0.8099459459459458,0.63,0.386,0.04999999999999993,0.0,0.756,False,True,115.88997824960865
risk_fragile,open,35,J0_shortest,none,fragile,36,4.073336282892698,True,0.39999999999999997,0.5916216216216217,0.63,0.5840000000000001,0.17600000000000005,0.36486486486486486,1.548864864864865,False,True,36.0
risk_fragile,open,35,J1_risk,none,resilient,36,3.2055305596567227,True,0.63,0.8099459459459458,0.63,0.386,0.04999999999999993,0.0,0.756,False,True,100.11061119313446
risk_fragile,open,35,J2_recoverability,none,resilient,36,3.2055305596567227,True,0.63,0.8099459459459458,0.63,0.386,0.04999999999999993,0.0,0.756,False,True,51.120000000000005
risk_fragile,open,35,J3_joint,none,resilient,36,3.2055305596567227,True,0.63,0.8099459459459458,0.63,0.386,0.04999999999999993,0.0,0.756,False,True,115.23061119313446
risk_fragile,open,36,J0_shortest,fragile,fragile,36,4.055107045117368,True,0.39999999999999997,0.5916216216216217,0.63,0.5840000000000001,0.17600000000000005,0.36486486486486486,1.548864864864865,True,False,36.0
risk_fragile,open,36,J1_risk,fragile,resilient,36,3.219319294571468,True,0.63,0.8099459459459458,0.63,0.386,0.04999999999999993,0.0,0.756,False,True,100.38638589142937
risk_fragile,open,36,J2_recoverability,fragile,resilient,36,3.219319294571468,True,0.63,0.8099459459459458,0.63,0.386,0.04999999999999993,0.0,0.756,False,True,51.120000000000005
risk_fragile,open,36,J3_joint,fragile,resilient,36,3.219319294571468,True,0.63,0.8099459459459458,0.63,0.386,0.04999999999999993,0.0,0.756,False,True,115.50638589142937
risk_fragile,open,37,J0_shortest,resilient,fragile,36,4.054174047507265,True,0.39999999999999997,0.5916216216216217,0.63,0.5840000000000001,0.17600000000000005,0.36486486486486486,1.548864864864865,False,True,36.0
risk_fragile,open,37,J1_risk,resilient,resilient,36,3.214581857137813,True,0.63,0.8099459459459458,0.63,0.386,0.04999999999999993,0.0,0.756,True,False,100.29163714275626
risk_fragile,open,37,J2_recoverability,resilient,resilient,36,3.214581857137813,True,0.63,0.8099459459459458,0.63,0.386,0.04999999999999993,0.0,0.756,True,False,51.120000000000005
risk_fragile,open,37,J3_joint,resilient,resilient,36,3.214581857137813,True,0.63,0.8099459459459458,0.63,0.386,0.04999999999999993,0.0,0.756,True,False,115.41163714275626
risk_fragile,open,38,J0_shortest,fragile,fragile,36,4.087405792664558,True,0.39999999999999997,0.5916216216216217,0.63,0.5840000000000001,0.17600000000000005,0.36486486486486486,1.548864864864865,True,False,36.0
risk_fragile,open,38,J1_risk,fragile,resilient,36,3.2362373083864995,True,0.63,0.8099459459459458,0.63,0.386,0.04999999999999993,0.0,0.756,False,True,100.72474616772999
risk_fragile,open,38,J2_recoverability,fragile,resilient,36,3.2362373083864995,True,0.63,0.8099459459459458,0.63,0.386,0.04999999999999993,0.0,0.756,False,True,51.120000000000005
risk_fragile,open,38,J3_joint,fragile,resilient,36,3.2362373083864995,True,0.63,0.8099459459459458,0.63,0.386,0.04999999999999993,0.0,0.756,False,True,115.84474616773
risk_fragile,open,39,J0_shortest,none,fragile,36,4.076245062593894,True,0.39999999999999997,0.5916216216216217,0.63,0.5840000000000001,0.17600000000000005,0.36486486486486486,1.548864864864865,False,True,36.0
risk_fragile,open,39,J1_risk,none,resilient,36,3.1761392178457926,True,0.63,0.8099459459459458,0.63,0.386,0.04999999999999993,0.0,0.756,False,True,99.52278435691585
risk_fragile,open,39,J2_recoverability,none,resilient,36,3.1761392178457926,True,0.63,0.8099459459459458,0.63,0.386,0.04999999999999993,0.0,0.756,False,True,51.120000000000005
risk_fragile,open,39,J3_joint,none,resilient,36,3.1761392178457926,True,0.63,0.8099459459459458,0.63,0.386,0.04999999999999993,0.0,0.756,False,True,114.64278435691585
risk_fragile,open,40,J0_shortest,fragile,fragile,36,4.055253922712735,True,0.39999999999999997,0.5916216216216217,0.63,0.5840000000000001,0.17600000000000005,0.36486486486486486,1.548864864864865,True,False,36.0
risk_fragile,open,40,J1_risk,fragile,resilient,36,3.219605961202744,True,0.63,0.8099459459459458,0.63,0.386,0.04999999999999993,0.0,0.756,False,True,100.39211922405488
risk_fragile,open,40,J2_recoverability,fragile,resilient,36,3.219605961202744,True,0.63,0.8099459459459458,0.63,0.386,0.04999999999999993,0.0,0.756,False,True,51.120000000000005
risk_fragile,open,40,J3_joint,fragile,resilient,36,3.219605961202744,True,0.63,0.8099459459459458,0.63,0.386,0.04999999999999993,0.0,0.756,False,True,115.51211922405489
risk_fragile,open,41,J0_shortest,none,fragile,36,4.085302553857731,True,0.39999999999999997,0.5916216216216217,0.63,0.5840000000000001,0.17600000000000005,0.36486486486486486,1.548864864864865,False,True,36.0
risk_fragile,open,41,J1_risk,none,resilient,36,3.1883064678951105,True,0.63,0.8099459459459458,0.63,0.386,0.04999999999999993,0.0,0.756,False,True,99.7661293579022
risk_fragile,open,41,J2_recoverability,none,resilient,36,3.1883064678951105,True,0.63,0.8099459459459458,0.63,0.386,0.04999999999999993,0.0,0.756,False,True,51.120000000000005
risk_fragile,open,41,J3_joint,none,resilient,36,3.1883064678951105,True,0.63,0.8099459459459458,0.63,0.386,0.04999999999999993,0.0,0.756,False,True,114.8861293579022
risk_fragile,open,42,J0_shortest,fragile,fragile,36,4.0758343270670885,True,0.39999999999999997,0.5916216216216217,0.63,0.5840000000000001,0.17600000000000005,0.36486486486486486,1.548864864864865,True,False,36.0
risk_fragile,open,42,J1_risk,fragile,resilient,36,3.181814596939164,True,0.63,0.8099459459459458,0.63,0.386,0.04999999999999993,0.0,0.756,False,True,99.63629193878327
risk_fragile,open,42,J2_recoverability,fragile,resilient,36,3.181814596939164,True,0.63,0.8099459459459458,0.63,0.386,0.04999999999999993,0.0,0.756,False,True,51.120000000000005
risk_fragile,open,42,J3_joint,fragile,resilient,36,3.181814596939164,True,0.63,0.8099459459459458,0.63,0.386,0.04999999999999993,0.0,0.756,False,True,114.75629193878328
risk_fragile,open,43,J0_shortest,resilient,fragile,36,4.034535147374427,True,0.39999999999999997,0.5916216216216217,0.63,0.5840000000000001,0.17600000000000005,0.36486486486486486,1.548864864864865,False,True,36.0
risk_fragile,open,43,J1_risk,resilient,resilient,36,3.20070011304068,True,0.63,0.8099459459459458,0.63,0.386,0.04999999999999993,0.0,0.756,True,False,100.0140022608136
risk_fragile,open,43,J2_recoverability,resilient,resilient,36,3.20070011304068,True,0.63,0.8099459459459458,0.63,0.386,0.04999999999999993,0.0,0.756,True,False,51.120000000000005
risk_fragile,open,43,J3_joint,resilient,resilient,36,3.20070011304068,True,0.63,0.8099459459459458,0.63,0.386,0.04999999999999993,0.0,0.756,True,False,115.1340022608136
risk_fragile,open,44,J0_shortest,fragile,fragile,36,4.079253237350795,True,0.39999999999999997,0.5916216216216217,0.63,0.5840000000000001,0.17600000000000005,0.36486486486486486,1.548864864864865,True,False,36.0
risk_fragile,open,44,J1_risk,fragile,resilient,36,3.2336998013992013,True,0.63,0.8099459459459458,0.63,0.386,0.04999999999999993,0.0,0.756,False,True,100.67399602798403
risk_fragile,open,44,J2_recoverability,fragile,resilient,36,3.2336998013992013,True,0.63,0.8099459459459458,0.63,0.386,0.04999999999999993,0.0,0.756,False,True,51.120000000000005
risk_fragile,open,44,J3_joint,fragile,resilient,36,3.2336998013992013,True,0.63,0.8099459459459458,0.63,0.386,0.04999999999999993,0.0,0.756,False,True,115.79399602798404
risk_fragile,open,45,J0_shortest,resilient,fragile,36,4.048418946033738,True,0.39999999999999997,0.5916216216216217,0.63,0.5840000000000001,0.17600000000000005,0.36486486486486486,1.548864864864865,False,True,36.0
risk_fragile,open,45,J1_risk,resilient,resilient,36,3.224679334208499,True,0.63,0.8099459459459458,0.63,0.386,0.04999999999999993,0.0,0.756,True,False,100.49358668416998
risk_fragile,open,45,J2_recoverability,resilient,resilient,36,3.224679334208499,True,0.63,0.8099459459459458,0.63,0.386,0.04999999999999993,0.0,0.756,True,False,51.120000000000005
risk_fragile,open,45,J3_joint,resilient,resilient,36,3.224679334208499,True,0.63,0.8099459459459458,0.63,0.386,0.04999999999999993,0.0,0.756,True,False,115.61358668416999
risk_fragile,open,46,J0_shortest,none,fragile,36,4.0671821715036645,True,0.39999999999999997,0.5916216216216217,0.63,0.5840000000000001,0.17600000000000005,0.36486486486486486,1.548864864864865,False,True,36.0
risk_fragile,open,46,J1_risk,none,resilient,36,3.2109074667355446,True,0.63,0.8099459459459458,0.63,0.386,0.04999999999999993,0.0,0.756,False,True,100.21814933471089
risk_fragile,open,46,J2_recoverability,none,resilient,36,3.2109074667355446,True,0.63,0.8099459459459458,0.63,0.386,0.04999999999999993,0.0,0.756,False,True,51.120000000000005
risk_fragile,open,46,J3_joint,none,resilient,36,3.2109074667355446,True,0.63,0.8099459459459458,0.63,0.386,0.04999999999999993,0.0,0.756,False,True,115.33814933471089
risk_fragile,open,47,J0_shortest,resilient,fragile,36,4.07445127592122,True,0.39999999999999997,0.5916216216216217,0.63,0.5840000000000001,0.17600000000000005,0.36486486486486486,1.548864864864865,False,True,36.0
risk_fragile,open,47,J1_risk,resilient,resilient,36,3.201970650366003,True,0.63,0.8099459459459458,0.63,0.386,0.04999999999999993,0.0,0.756,True,False,100.03941300732006
risk_fragile,open,47,J2_recoverability,resilient,resilient,36,3.201970650366003,True,0.63,0.8099459459459458,0.63,0.386,0.04999999999999993,0.0,0.756,True,False,51.120000000000005
risk_fragile,open,47,J3_joint,resilient,resilient,36,3.201970650366003,True,0.63,0.8099459459459458,0.63,0.386,0.04999999999999993,0.0,0.756,True,False,115.15941300732007
risk_fragile,open,48,J0_shortest,fragile,fragile,36,4.094258248890264,True,0.39999999999999997,0.5916216216216217,0.63,0.5840000000000001,0.17600000000000005,0.36486486486486486,1.548864864864865,True,False,36.0
risk_fragile,open,48,J1_risk,fragile,resilient,36,3.163708633707355,True,0.63,0.8099459459459458,0.63,0.386,0.04999999999999993,0.0,0.756,False,True,99.2741726741471
risk_fragile,open,48,J2_recoverability,fragile,resilient,36,3.163708633707355,True,0.63,0.8099459459459458,0.63,0.386,0.04999999999999993,0.0,0.756,False,True,51.120000000000005
risk_fragile,open,48,J3_joint,fragile,resilient,36,3.163708633707355,True,0.63,0.8099459459459458,0.63,0.386,0.04999999999999993,0.0,0.756,False,True,114.3941726741471
risk_fragile,open,49,J0_shortest,none,fragile,36,4.123768568599414,True,0.39999999999999997,0.5916216216216217,0.63,0.5840000000000001,0.17600000000000005,0.36486486486486486,1.548864864864865,False,True,36.0
risk_fragile,open,49,J1_risk,none,resilient,36,3.2149259681870723,True,0.63,0.8099459459459458,0.63,0.386,0.04999999999999993,0.0,0.756,False,True,100.29851936374145
risk_fragile,open,49,J2_recoverability,none,resilient,36,3.2149259681870723,True,0.63,0.8099459459459458,0.63,0.386,0.04999999999999993,0.0,0.756,False,True,51.120000000000005
risk_fragile,open,49,J3_joint,none,resilient,36,3.2149259681870723,True,0.63,0.8099459459459458,0.63,0.386,0.04999999999999993,0.0,0.756,False,True,115.41851936374145
risk_fragile,open,50,J0_shortest,resilient,fragile,36,4.015255720652122,True,0.39999999999999997,0.5916216216216217,0.63,0.5840000000000001,0.17600000000000005,0.36486486486486486,1.548864864864865,False,True,36.0
risk_fragile,open,50,J1_risk,resilient,resilient,36,3.198808864015686,True,0.63,0.8099459459459458,0.63,0.386,0.04999999999999993,0.0,0.756,True,False,99.97617728031372
risk_fragile,open,50,J2_recoverability,resilient,resilient,36,3.198808864015686,True,0.63,0.8099459459459458,0.63,0.386,0.04999999999999993,0.0,0.756,True,False,51.120000000000005
risk_fragile,open,50,J3_joint,resilient,resilient,36,3.198808864015686,True,0.63,0.8099459459459458,0.63,0.386,0.04999999999999993,0.0,0.756,True,False,115.09617728031373
risk_fragile,open,51,J0_shortest,resilient,fragile,36,4.063646966775004,True,0.39999999999999997,0.5916216216216217,0.63,0.5840000000000001,0.17600000000000005,0.36486486486486486,1.548864864864865,False,True,36.0
risk_fragile,open,51,J1_risk,resilient,resilient,36,3.2052676431171965,True,0.63,0.8099459459459458,0.63,0.386,0.04999999999999993,0.0,0.756,True,False,100.10535286234393
risk_fragile,open,51,J2_recoverability,resilient,resilient,36,3.2052676431171965,True,0.63,0.8099459459459458,0.63,0.386,0.04999999999999993,0.0,0.756,True,False,51.120000000000005
risk_fragile,open,51,J3_joint,resilient,resilient,36,3.2052676431171965,True,0.63,0.8099459459459458,0.63,0.386,0.04999999999999993,0.0,0.756,True,False,115.22535286234394
risk_fragile,open,52,J0_shortest,fragile,fragile,36,4.088377762824644,True,0.39999999999999997,0.5916216216216217,0.63,0.5840000000000001,0.17600000000000005,0.36486486486486486,1.548864864864865,True,False,36.0
risk_fragile,open,52,J1_risk,fragile,resilient,36,3.216469317633479,True,0.63,0.8099459459459458,0.63,0.386,0.04999999999999993,0.0,0.756,False,True,100.32938635266959
risk_fragile,open,52,J2_recoverability,fragile,resilient,36,3.216469317633479,True,0.63,0.8099459459459458,0.63,0.386,0.04999999999999993,0.0,0.756,False,True,51.120000000000005
risk_fragile,open,52,J3_joint,fragile,resilient,36,3.216469317633479,True,0.63,0.8099459459459458,0.63,0.386,0.04999999999999993,0.0,0.756,False,True,115.44938635266959
risk_fragile,open,53,J0_shortest,resilient,fragile,36,4.083474358622078,True,0.39999999999999997,0.5916216216216217,0.63,0.5840000000000001,0.17600000000000005,0.36486486486486486,1.548864864864865,False,True,36.0
risk_fragile,open,53,J1_risk,resilient,resilient,36,3.236007509345714,True,0.63,0.8099459459459458,0.63,0.386,0.04999999999999993,0.0,0.756,True,False,100.72015018691428
risk_fragile,open,53,J2_recoverability,resilient,resilient,36,3.236007509345714,True,0.63,0.8099459459459458,0.63,0.386,0.04999999999999993,0.0,0.756,True,False,51.120000000000005
risk_fragile,open,53,J3_joint,resilient,resilient,36,3.236007509345714,True,0.63,0.8099459459459458,0.63,0.386,0.04999999999999993,0.0,0.756,True,False,115.84015018691429
risk_fragile,open,54,J0_shortest,fragile,fragile,36,4.089863776873605,True,0.39999999999999997,0.5916216216216217,0.63,0.5840000000000001,0.17600000000000005,0.36486486486486486,1.548864864864865,True,False,36.0
risk_fragile,open,54,J1_risk,fragile,resilient,36,3.2266070561715647,True,0.63,0.8099459459459458,0.63,0.386,0.04999999999999993,0.0,0.756,False,True,100.5321411234313
risk_fragile,open,54,J2_recoverability,fragile,resilient,36,3.2266070561715647,True,0.63,0.8099459459459458,0.63,0.386,0.04999999999999993,0.0,0.756,False,True,51.120000000000005
risk_fragile,open,54,J3_joint,fragile,resilient,36,3.2266070561715647,True,0.63,0.8099459459459458,0.63,0.386,0.04999999999999993,0.0,0.756,False,True,115.6521411234313
risk_fragile,open,55,J0_shortest,fragile,fragile,36,4.091607213833013,True,0.39999999999999997,0.5916216216216217,0.63,0.5840000000000001,0.17600000000000005,0.36486486486486486,1.548864864864865,True,False,36.0
risk_fragile,open,55,J1_risk,fragile,resilient,36,3.185951528677834,True,0.63,0.8099459459459458,0.63,0.386,0.04999999999999993,0.0,0.756,False,True,99.71903057355668
risk_fragile,open,55,J2_recoverability,fragile,resilient,36,3.185951528677834,True,0.63,0.8099459459459458,0.63,0.386,0.04999999999999993,0.0,0.756,False,True,51.120000000000005
risk_fragile,open,55,J3_joint,fragile,resilient,36,3.185951528677834,True,0.63,0.8099459459459458,0.63,0.386,0.04999999999999993,0.0,0.756,False,True,114.83903057355668
risk_fragile,open,56,J0_shortest,fragile,fragile,36,4.113056862846108,True,0.39999999999999997,0.5916216216216217,0.63,0.5840000000000001,0.17600000000000005,0.36486486486486486,1.548864864864865,True,False,36.0
risk_fragile,open,56,J1_risk,fragile,resilient,36,3.268705055221054,True,0.63,0.8099459459459458,0.63,0.386,0.04999999999999993,0.0,0.756,False,True,101.37410110442109
risk_fragile,open,56,J2_recoverability,fragile,resilient,36,3.268705055221054,True,0.63,0.8099459459459458,0.63,0.386,0.04999999999999993,0.0,0.756,False,True,51.120000000000005
risk_fragile,open,56,J3_joint,fragile,resilient,36,3.268705055221054,True,0.63,0.8099459459459458,0.63,0.386,0.04999999999999993,0.0,0.756,False,True,116.49410110442109
risk_fragile,open,57,J0_shortest,fragile,fragile,36,4.077730875889608,True,0.39999999999999997,0.5916216216216217,0.63,0.5840000000000001,0.17600000000000005,0.36486486486486486,1.548864864864865,True,False,36.0
risk_fragile,open,57,J1_risk,fragile,resilient,36,3.219265737001328,True,0.63,0.8099459459459458,0.63,0.386,0.04999999999999993,0.0,0.756,False,True,100.38531474002656
risk_fragile,open,57,J2_recoverability,fragile,resilient,36,3.219265737001328,True,0.63,0.8099459459459458,0.63,0.386,0.04999999999999993,0.0,0.756,False,True,51.120000000000005
risk_fragile,open,57,J3_joint,fragile,resilient,36,3.219265737001328,True,0.63,0.8099459459459458,0.63,0.386,0.04999999999999993,0.0,0.756,False,True,115.50531474002656
risk_fragile,open,58,J0_shortest,resilient,fragile,36,4.031496976581808,True,0.39999999999999997,0.5916216216216217,0.63,0.5840000000000001,0.17600000000000005,0.36486486486486486,1.548864864864865,False,True,36.0
risk_fragile,open,58,J1_risk,resilient,resilient,36,3.176042872309825,True,0.63,0.8099459459459458,0.63,0.386,0.04999999999999993,0.0,0.756,True,False,99.5208574461965
risk_fragile,open,58,J2_recoverability,resilient,resilient,36,3.176042872309825,True,0.63,0.8099459459459458,0.63,0.386,0.04999999999999993,0.0,0.756,True,False,51.120000000000005
risk_fragile,open,58,J3_joint,resilient,resilient,36,3.176042872309825,True,0.63,0.8099459459459458,0.63,0.386,0.04999999999999993,0.0,0.756,True,False,114.6408574461965
risk_fragile,open,59,J0_shortest,fragile,fragile,36,4.088891755537153,True,0.39999999999999997,0.5916216216216217,0.63,0.5840000000000001,0.17600000000000005,0.36486486486486486,1.548864864864865,True,False,36.0
risk_fragile,open,59,J1_risk,fragile,resilient,36,3.181741756485852,True,0.63,0.8099459459459458,0.63,0.386,0.04999999999999993,0.0,0.756,False,True,99.63483512971703
risk_fragile,open,59,J2_recoverability,fragile,resilient,36,3.181741756485852,True,0.63,0.8099459459459458,0.63,0.386,0.04999999999999993,0.0,0.756,False,True,51.120000000000005
risk_fragile,open,59,J3_joint,fragile,resilient,36,3.181741756485852,True,0.63,0.8099459459459458,0.63,0.386,0.04999999999999993,0.0,0.756,False,True,114.75483512971704
risk_fragile,open,60,J0_shortest,none,fragile,36,4.10465785176836,True,0.39999999999999997,0.5916216216216217,0.63,0.5840000000000001,0.17600000000000005,0.36486486486486486,1.548864864864865,False,True,36.0
risk_fragile,open,60,J1_risk,none,resilient,36,3.210821936320019,True,0.63,0.8099459459459458,0.63,0.386,0.04999999999999993,0.0,0.756,False,True,100.21643872640038
risk_fragile,open,60,J2_recoverability,none,resilient,36,3.210821936320019,True,0.63,0.8099459459459458,0.63,0.386,0.04999999999999993,0.0,0.756,False,True,51.120000000000005
risk_fragile,open,60,J3_joint,none,resilient,36,3.210821936320019,True,0.63,0.8099459459459458,0.63,0.386,0.04999999999999993,0.0,0.756,False,True,115.33643872640039
risk_fragile,open,61,J0_shortest,resilient,fragile,36,4.06355018687342,True,0.39999999999999997,0.5916216216216217,0.63,0.5840000000000001,0.17600000000000005,0.36486486486486486,1.548864864864865,False,True,36.0
risk_fragile,open,61,J1_risk,resilient,resilient,36,3.193908152718436,True,0.63,0.8099459459459458,0.63,0.386,0.04999999999999993,0.0,0.756,True,False,99.87816305436871
risk_fragile,open,61,J2_recoverability,resilient,resilient,36,3.193908152718436,True,0.63,0.8099459459459458,0.63,0.386,0.04999999999999993,0.0,0.756,True,False,51.120000000000005
risk_fragile,open,61,J3_joint,resilient,resilient,36,3.193908152718436,True,0.63,0.8099459459459458,0.63,0.386,0.04999999999999993,0.0,0.756,True,False,114.99816305436872
risk_fragile,open,62,J0_shortest,fragile,fragile,36,4.04689838183299,True,0.39999999999999997,0.5916216216216217,0.63,0.5840000000000001,0.17600000000000005,0.36486486486486486,1.548864864864865,True,False,36.0
risk_fragile,open,62,J1_risk,fragile,resilient,36,3.2266008975669043,True,0.63,0.8099459459459458,0.63,0.386,0.04999999999999993,0.0,0.756,False,True,100.53201795133809
risk_fragile,open,62,J2_recoverability,fragile,resilient,36,3.2266008975669043,True,0.63,0.8099459459459458,0.63,0.386,0.04999999999999993,0.0,0.756,False,True,51.120000000000005
risk_fragile,open,62,J3_joint,fragile,resilient,36,3.2266008975669043,True,0.63,0.8099459459459458,0.63,0.386,0.04999999999999993,0.0,0.756,False,True,115.6520179513381
risk_fragile,open,63,J0_shortest,fragile,fragile,36,4.132966369378268,True,0.39999999999999997,0.5916216216216217,0.63,0.5840000000000001,0.17600000000000005,0.36486486486486486,1.548864864864865,True,False,36.0
risk_fragile,open,63,J1_risk,fragile,resilient,36,3.2146290714970682,True,0.63,0.8099459459459458,0.63,0.386,0.04999999999999993,0.0,0.756,False,True,100.29258142994136
risk_fragile,open,63,J2_recoverability,fragile,resilient,36,3.2146290714970682,True,0.63,0.8099459459459458,0.63,0.386,0.04999999999999993,0.0,0.756,False,True,51.120000000000005
risk_fragile,open,63,J3_joint,fragile,resilient,36,3.2146290714970682,True,0.63,0.8099459459459458,0.63,0.386,0.04999999999999993,0.0,0.756,False,True,115.41258142994137
risk_fragile,open,64,J0_shortest,none,fragile,36,4.08608321464838,True,0.39999999999999997,0.5916216216216217,0.63,0.5840000000000001,0.17600000000000005,0.36486486486486486,1.548864864864865,False,True,36.0
risk_fragile,open,64,J1_risk,none,resilient,36,3.204362722006108,True,0.63,0.8099459459459458,0.63,0.386,0.04999999999999993,0.0,0.756,False,True,100.08725444012217
risk_fragile,open,64,J2_recoverability,none,resilient,36,3.204362722006108,True,0.63,0.8099459459459458,0.63,0.386,0.04999999999999993,0.0,0.756,False,True,51.120000000000005
risk_fragile,open,64,J3_joint,none,resilient,36,3.204362722006108,True,0.63,0.8099459459459458,0.63,0.386,0.04999999999999993,0.0,0.756,False,True,115.20725444012217
risk_fragile,open,65,J0_shortest,fragile,fragile,36,4.089170697186522,True,0.39999999999999997,0.5916216216216217,0.63,0.5840000000000001,0.17600000000000005,0.36486486486486486,1.548864864864865,True,False,36.0
risk_fragile,open,65,J1_risk,fragile,resilient,36,3.238462067540359,True,0.63,0.8099459459459458,0.63,0.386,0.04999999999999993,0.0,0.756,False,True,100.76924135080718
risk_fragile,open,65,J2_recoverability,fragile,resilient,36,3.238462067540359,True,0.63,0.8099459459459458,0.63,0.386,0.04999999999999993,0.0,0.756,False,True,51.120000000000005
risk_fragile,open,65,J3_joint,fragile,resilient,36,3.238462067540359,True,0.63,0.8099459459459458,0.63,0.386,0.04999999999999993,0.0,0.756,False,True,115.88924135080718
risk_fragile,open,66,J0_shortest,fragile,fragile,36,4.0711345169898605,True,0.39999999999999997,0.5916216216216217,0.63,0.5840000000000001,0.17600000000000005,0.36486486486486486,1.548864864864865,True,False,36.0
risk_fragile,open,66,J1_risk,fragile,resilient,36,3.2291051539125393,True,0.63,0.8099459459459458,0.63,0.386,0.04999999999999993,0.0,0.756,False,True,100.58210307825078
risk_fragile,open,66,J2_recoverability,fragile,resilient,36,3.2291051539125393,True,0.63,0.8099459459459458,0.63,0.386,0.04999999999999993,0.0,0.756,False,True,51.120000000000005
risk_fragile,open,66,J3_joint,fragile,resilient,36,3.2291051539125393,True,0.63,0.8099459459459458,0.63,0.386,0.04999999999999993,0.0,0.756,False,True,115.70210307825079
risk_fragile,open,67,J0_shortest,resilient,fragile,36,4.063589227349267,True,0.39999999999999997,0.5916216216216217,0.63,0.5840000000000001,0.17600000000000005,0.36486486486486486,1.548864864864865,False,True,36.0
risk_fragile,open,67,J1_risk,resilient,resilient,36,3.184133235951424,True,0.63,0.8099459459459458,0.63,0.386,0.04999999999999993,0.0,0.756,True,False,99.68266471902848
risk_fragile,open,67,J2_recoverability,resilient,resilient,36,3.184133235951424,True,0.63,0.8099459459459458,0.63,0.386,0.04999999999999993,0.0,0.756,True,False,51.120000000000005
risk_fragile,open,67,J3_joint,resilient,resilient,36,3.184133235951424,True,0.63,0.8099459459459458,0.63,0.386,0.04999999999999993,0.0,0.756,True,False,114.80266471902848
risk_fragile,open,68,J0_shortest,resilient,fragile,36,4.09931466444179,True,0.39999999999999997,0.5916216216216217,0.63,0.5840000000000001,0.17600000000000005,0.36486486486486486,1.548864864864865,False,True,36.0
risk_fragile,open,68,J1_risk,resilient,resilient,36,3.2113604480476248,True,0.63,0.8099459459459458,0.63,0.386,0.04999999999999993,0.0,0.756,True,False,100.2272089609525
risk_fragile,open,68,J2_recoverability,resilient,resilient,36,3.2113604480476248,True,0.63,0.8099459459459458,0.63,0.386,0.04999999999999993,0.0,0.756,True,False,51.120000000000005
risk_fragile,open,68,J3_joint,resilient,resilient,36,3.2113604480476248,True,0.63,0.8099459459459458,0.63,0.386,0.04999999999999993,0.0,0.756,True,False,115.3472089609525
risk_fragile,open,69,J0_shortest,none,fragile,36,4.1076963999207,True,0.39999999999999997,0.5916216216216217,0.63,0.5840000000000001,0.17600000000000005,0.36486486486486486,1.548864864864865,False,True,36.0
risk_fragile,open,69,J1_risk,none,resilient,36,3.186935095423238,True,0.63,0.8099459459459458,0.63,0.386,0.04999999999999993,0.0,0.756,False,True,99.73870190846475
risk_fragile,open,69,J2_recoverability,none,resilient,36,3.186935095423238,True,0.63,0.8099459459459458,0.63,0.386,0.04999999999999993,0.0,0.756,False,True,51.120000000000005
risk_fragile,open,69,J3_joint,none,resilient,36,3.186935095423238,True,0.63,0.8099459459459458,0.63,0.386,0.04999999999999993,0.0,0.756,False,True,114.85870190846475
risk_fragile,open,70,J0_shortest,fragile,fragile,36,4.100157269549412,True,0.39999999999999997,0.5916216216216217,0.63,0.5840000000000001,0.17600000000000005,0.36486486486486486,1.548864864864865,True,False,36.0
risk_fragile,open,70,J1_risk,fragile,resilient,36,3.219545096547677,True,0.63,0.8099459459459458,0.63,0.386,0.04999999999999993,0.0,0.756,False,True,100.39090193095355
risk_fragile,open,70,J2_recoverability,fragile,resilient,36,3.219545096547677,True,0.63,0.8099459459459458,0.63,0.386,0.04999999999999993,0.0,0.756,False,True,51.120000000000005
risk_fragile,open,70,J3_joint,fragile,resilient,36,3.219545096547677,True,0.63,0.8099459459459458,0.63,0.386,0.04999999999999993,0.0,0.756,False,True,115.51090193095355
risk_fragile,open,71,J0_shortest,fragile,fragile,36,4.0676562961929355,True,0.39999999999999997,0.5916216216216217,0.63,0.5840000000000001,0.17600000000000005,0.36486486486486486,1.548864864864865,True,False,36.0
risk_fragile,open,71,J1_risk,fragile,resilient,36,3.1590038964076723,True,0.63,0.8099459459459458,0.63,0.386,0.04999999999999993,0.0,0.756,False,True,99.18007792815345
risk_fragile,open,71,J2_recoverability,fragile,resilient,36,3.1590038964076723,True,0.63,0.8099459459459458,0.63,0.386,0.04999999999999993,0.0,0.756,False,True,51.120000000000005
risk_fragile,open,71,J3_joint,fragile,resilient,36,3.1590038964076723,True,0.63,0.8099459459459458,0.63,0.386,0.04999999999999993,0.0,0.756,False,True,114.30007792815346
risk_fragile,open,72,J0_shortest,fragile,fragile,36,4.072181977020964,True,0.39999999999999997,0.5916216216216217,0.63,0.5840000000000001,0.17600000000000005,0.36486486486486486,1.548864864864865,True,False,36.0
risk_fragile,open,72,J1_risk,fragile,resilient,36,3.220146177073441,True,0.63,0.8099459459459458,0.63,0.386,0.04999999999999993,0.0,0.756,False,True,100.40292354146882
risk_fragile,open,72,J2_recoverability,fragile,resilient,36,3.220146177073441,True,0.63,0.8099459459459458,0.63,0.386,0.04999999999999993,0.0,0.756,False,True,51.120000000000005
risk_fragile,open,72,J3_joint,fragile,resilient,36,3.220146177073441,True,0.63,0.8099459459459458,0.63,0.386,0.04999999999999993,0.0,0.756,False,True,115.52292354146883
risk_fragile,open,73,J0_shortest,fragile,fragile,36,4.053027881512942,True,0.39999999999999997,0.5916216216216217,0.63,0.5840000000000001,0.17600000000000005,0.36486486486486486,1.548864864864865,True,False,36.0
risk_fragile,open,73,J1_risk,fragile,resilient,36,3.1444156658498903,True,0.63,0.8099459459459458,0.63,0.386,0.04999999999999993,0.0,0.756,False,True,98.88831331699781
risk_fragile,open,73,J2_recoverability,fragile,resilient,36,3.1444156658498903,True,0.63,0.8099459459459458,0.63,0.386,0.04999999999999993,0.0,0.756,False,True,51.120000000000005
risk_fragile,open,73,J3_joint,fragile,resilient,36,3.1444156658498903,True,0.63,0.8099459459459458,0.63,0.386,0.04999999999999993,0.0,0.756,False,True,114.00831331699781
risk_fragile,open,74,J0_shortest,none,fragile,36,4.083664672529322,True,0.39999999999999997,0.5916216216216217,0.63,0.5840000000000001,0.17600000000000005,0.36486486486486486,1.548864864864865,False,True,36.0
risk_fragile,open,74,J1_risk,none,resilient,36,3.231010489229085,True,0.63,0.8099459459459458,0.63,0.386,0.04999999999999993,0.0,0.756,False,True,100.6202097845817
risk_fragile,open,74,J2_recoverability,none,resilient,36,3.231010489229085,True,0.63,0.8099459459459458,0.63,0.386,0.04999999999999993,0.0,0.756,False,True,51.120000000000005
risk_fragile,open,74,J3_joint,none,resilient,36,3.231010489229085,True,0.63,0.8099459459459458,0.63,0.386,0.04999999999999993,0.0,0.756,False,True,115.74020978458171
risk_fragile,open,75,J0_shortest,resilient,fragile,36,4.088252512652354,True,0.39999999999999997,0.5916216216216217,0.63,0.5840000000000001,0.17600000000000005,0.36486486486486486,1.548864864864865,False,True,36.0
risk_fragile,open,75,J1_risk,resilient,resilient,36,3.1913027158702603,True,0.63,0.8099459459459458,0.63,0.386,0.04999999999999993,0.0,0.756,True,False,99.82605431740521
risk_fragile,open,75,J2_recoverability,resilient,resilient,36,3.1913027158702603,True,0.63,0.8099459459459458,0.63,0.386,0.04999999999999993,0.0,0.756,True,False,51.120000000000005
risk_fragile,open,75,J3_joint,resilient,resilient,36,3.1913027158702603,True,0.63,0.8099459459459458,0.63,0.386,0.04999999999999993,0.0,0.756,True,False,114.94605431740521
risk_fragile,open,76,J0_shortest,none,fragile,36,4.1062721885084885,True,0.39999999999999997,0.5916216216216217,0.63,0.5840000000000001,0.17600000000000005,0.36486486486486486,1.548864864864865,False,True,36.0
risk_fragile,open,76,J1_risk,none,resilient,36,3.221915255324744,True,0.63,0.8099459459459458,0.63,0.386,0.04999999999999993,0.0,0.756,False,True,100.43830510649488
risk_fragile,open,76,J2_recoverability,none,resilient,36,3.221915255324744,True,0.63,0.8099459459459458,0.63,0.386,0.04999999999999993,0.0,0.756,False,True,51.120000000000005
risk_fragile,open,76,J3_joint,none,resilient,36,3.221915255324744,True,0.63,0.8099459459459458,0.63,0.386,0.04999999999999993,0.0,0.756,False,True,115.55830510649488
risk_fragile,open,77,J0_shortest,fragile,fragile,36,4.020910675228281,True,0.39999999999999997,0.5916216216216217,0.63,0.5840000000000001,0.17600000000000005,0.36486486486486486,1.548864864864865,True,False,36.0
risk_fragile,open,77,J1_risk,fragile,resilient,36,3.192395383592681,True,0.63,0.8099459459459458,0.63,0.386,0.04999999999999993,0.0,0.756,False,True,99.84790767185362
risk_fragile,open,77,J2_recoverability,fragile,resilient,36,3.192395383592681,True,0.63,0.8099459459459458,0.63,0.386,0.04999999999999993,0.0,0.756,False,True,51.120000000000005
risk_fragile,open,77,J3_joint,fragile,resilient,36,3.192395383592681,True,0.63,0.8099459459459458,0.63,0.386,0.04999999999999993,0.0,0.756,False,True,114.96790767185362
risk_fragile,open,78,J0_shortest,none,fragile,36,4.143641836927382,True,0.39999999999999997,0.5916216216216217,0.63,0.5840000000000001,0.17600000000000005,0.36486486486486486,1.548864864864865,False,True,36.0
risk_fragile,open,78,J1_risk,none,resilient,36,3.2320565146601354,True,0.63,0.8099459459459458,0.63,0.386,0.04999999999999993,0.0,0.756,False,True,100.6411302932027
risk_fragile,open,78,J2_recoverability,none,resilient,36,3.2320565146601354,True,0.63,0.8099459459459458,0.63,0.386,0.04999999999999993,0.0,0.756,False,True,51.120000000000005
risk_fragile,open,78,J3_joint,none,resilient,36,3.2320565146601354,True,0.63,0.8099459459459458,0.63,0.386,0.04999999999999993,0.0,0.756,False,True,115.76113029320271
risk_fragile,open,79,J0_shortest,resilient,fragile,36,4.08866012128711,True,0.39999999999999997,0.5916216216216217,0.63,0.5840000000000001,0.17600000000000005,0.36486486486486486,1.548864864864865,False,True,36.0
risk_fragile,open,79,J1_risk,resilient,resilient,36,3.2800506202614,True,0.63,0.8099459459459458,0.63,0.386,0.04999999999999993,0.0,0.756,True,False,101.601012405228
risk_fragile,open,79,J2_recoverability,resilient,resilient,36,3.2800506202614,True,0.63,0.8099459459459458,0.63,0.386,0.04999999999999993,0.0,0.756,True,False,51.120000000000005
risk_fragile,open,79,J3_joint,resilient,resilient,36,3.2800506202614,True,0.63,0.8099459459459458,0.63,0.386,0.04999999999999993,0.0,0.756,True,False,116.72101240522801
risk_fragile,open,80,J0_shortest,resilient,fragile,36,4.078112509444025,True,0.39999999999999997,0.5916216216216217,0.63,0.5840000000000001,0.17600000000000005,0.36486486486486486,1.548864864864865,False,True,36.0
risk_fragile,open,80,J1_risk,resilient,resilient,36,3.2147596544212855,True,0.63,0.8099459459459458,0.63,0.386,0.04999999999999993,0.0,0.756,True,False,100.2951930884257
risk_fragile,open,80,J2_recoverability,resilient,resilient,36,3.2147596544212855,True,0.63,0.8099459459459458,0.63,0.386,0.04999999999999993,0.0,0.756,True,False,51.120000000000005
risk_fragile,open,80,J3_joint,resilient,resilient,36,3.2147596544212855,True,0.63,0.8099459459459458,0.63,0.386,0.04999999999999993,0.0,0.756,True,False,115.41519308842571
risk_fragile,open,81,J0_shortest,resilient,fragile,36,4.08173928108514,True,0.39999999999999997,0.5916216216216217,0.63,0.5840000000000001,0.17600000000000005,0.36486486486486486,1.548864864864865,False,True,36.0
risk_fragile,open,81,J1_risk,resilient,resilient,36,3.2024514649951907,True,0.63,0.8099459459459458,0.63,0.386,0.04999999999999993,0.0,0.756,True,False,100.04902929990382
risk_fragile,open,81,J2_recoverability,resilient,resilient,36,3.2024514649951907,True,0.63,0.8099459459459458,0.63,0.386,0.04999999999999993,0.0,0.756,True,False,51.120000000000005
risk_fragile,open,81,J3_joint,resilient,resilient,36,3.2024514649951907,True,0.63,0.8099459459459458,0.63,0.386,0.04999999999999993,0.0,0.756,True,False,115.16902929990383
risk_fragile,open,82,J0_shortest,fragile,fragile,36,4.052528013204932,True,0.39999999999999997,0.5916216216216217,0.63,0.5840000000000001,0.17600000000000005,0.36486486486486486,1.548864864864865,True,False,36.0
risk_fragile,open,82,J1_risk,fragile,resilient,36,3.22305845750977,True,0.63,0.8099459459459458,0.63,0.386,0.04999999999999993,0.0,0.756,False,True,100.4611691501954
risk_fragile,open,82,J2_recoverability,fragile,resilient,36,3.22305845750977,True,0.63,0.8099459459459458,0.63,0.386,0.04999999999999993,0.0,0.756,False,True,51.120000000000005
risk_fragile,open,82,J3_joint,fragile,resilient,36,3.22305845750977,True,0.63,0.8099459459459458,0.63,0.386,0.04999999999999993,0.0,0.756,False,True,115.58116915019541
risk_fragile,open,83,J0_shortest,fragile,fragile,36,4.076846862614701,True,0.39999999999999997,0.5916216216216217,0.63,0.5840000000000001,0.17600000000000005,0.36486486486486486,1.548864864864865,True,False,36.0
risk_fragile,open,83,J1_risk,fragile,resilient,36,3.1651774950494307,True,0.63,0.8099459459459458,0.63,0.386,0.04999999999999993,0.0,0.756,False,True,99.30354990098861
risk_fragile,open,83,J2_recoverability,fragile,resilient,36,3.1651774950494307,True,0.63,0.8099459459459458,0.63,0.386,0.04999999999999993,0.0,0.756,False,True,51.120000000000005
risk_fragile,open,83,J3_joint,fragile,resilient,36,3.1651774950494307,True,0.63,0.8099459459459458,0.63,0.386,0.04999999999999993,0.0,0.756,False,True,114.42354990098862
risk_fragile,open,84,J0_shortest,resilient,fragile,36,4.054544956806814,True,0.39999999999999997,0.5916216216216217,0.63,0.5840000000000001,0.17600000000000005,0.36486486486486486,1.548864864864865,False,True,36.0
risk_fragile,open,84,J1_risk,resilient,resilient,36,3.203780653666003,True,0.63,0.8099459459459458,0.63,0.386,0.04999999999999993,0.0,0.756,True,False,100.07561307332006
risk_fragile,open,84,J2_recoverability,resilient,resilient,36,3.203780653666003,True,0.63,0.8099459459459458,0.63,0.386,0.04999999999999993,0.0,0.756,True,False,51.120000000000005
risk_fragile,open,84,J3_joint,resilient,resilient,36,3.203780653666003,True,0.63,0.8099459459459458,0.63,0.386,0.04999999999999993,0.0,0.756,True,False,115.19561307332006
risk_fragile,open,85,J0_shortest,fragile,fragile,36,4.0593673324047295,True,0.39999999999999997,0.5916216216216217,0.63,0.5840000000000001,0.17600000000000005,0.36486486486486486,1.548864864864865,True,False,36.0
risk_fragile,open,85,J1_risk,fragile,resilient,36,3.2615808892929334,True,0.63,0.8099459459459458,0.63,0.386,0.04999999999999993,0.0,0.756,False,True,101.23161778585867
risk_fragile,open,85,J2_recoverability,fragile,resilient,36,3.2615808892929334,True,0.63,0.8099459459459458,0.63,0.386,0.04999999999999993,0.0,0.756,False,True,51.120000000000005
risk_fragile,open,85,J3_joint,fragile,resilient,36,3.2615808892929334,True,0.63,0.8099459459459458,0.63,0.386,0.04999999999999993,0.0,0.756,False,True,116.35161778585868
risk_fragile,open,86,J0_shortest,fragile,fragile,36,4.092084160724129,True,0.39999999999999997,0.5916216216216217,0.63,0.5840000000000001,0.17600000000000005,0.36486486486486486,1.548864864864865,True,False,36.0
risk_fragile,open,86,J1_risk,fragile,resilient,36,3.1970880243783557,True,0.63,0.8099459459459458,0.63,0.386,0.04999999999999993,0.0,0.756,False,True,99.94176048756711
risk_fragile,open,86,J2_recoverability,fragile,resilient,36,3.1970880243783557,True,0.63,0.8099459459459458,0.63,0.386,0.04999999999999993,0.0,0.756,False,True,51.120000000000005
risk_fragile,open,86,J3_joint,fragile,resilient,36,3.1970880243783557,True,0.63,0.8099459459459458,0.63,0.386,0.04999999999999993,0.0,0.756,False,True,115.06176048756711
risk_fragile,open,87,J0_shortest,resilient,fragile,36,4.058982448811477,True,0.39999999999999997,0.5916216216216217,0.63,0.5840000000000001,0.17600000000000005,0.36486486486486486,1.548864864864865,False,True,36.0
risk_fragile,open,87,J1_risk,resilient,resilient,36,3.1837917721575972,True,0.63,0.8099459459459458,0.63,0.386,0.04999999999999993,0.0,0.756,True,False,99.67583544315195
risk_fragile,open,87,J2_recoverability,resilient,resilient,36,3.1837917721575972,True,0.63,0.8099459459459458,0.63,0.386,0.04999999999999993,0.0,0.756,True,False,51.120000000000005
risk_fragile,open,87,J3_joint,resilient,resilient,36,3.1837917721575972,True,0.63,0.8099459459459458,0.63,0.386,0.04999999999999993,0.0,0.756,True,False,114.79583544315196
risk_fragile,open,88,J0_shortest,fragile,fragile,36,4.081671300433001,True,0.39999999999999997,0.5916216216216217,0.63,0.5840000000000001,0.17600000000000005,0.36486486486486486,1.548864864864865,True,False,36.0
risk_fragile,open,88,J1_risk,fragile,resilient,36,3.196695731427051,True,0.63,0.8099459459459458,0.63,0.386,0.04999999999999993,0.0,0.756,False,True,99.93391462854102
risk_fragile,open,88,J2_recoverability,fragile,resilient,36,3.196695731427051,True,0.63,0.8099459459459458,0.63,0.386,0.04999999999999993,0.0,0.756,False,True,51.120000000000005
risk_fragile,open,88,J3_joint,fragile,resilient,36,3.196695731427051,True,0.63,0.8099459459459458,0.63,0.386,0.04999999999999993,0.0,0.756,False,True,115.05391462854102
risk_fragile,open,89,J0_shortest,resilient,fragile,36,4.078560071741031,True,0.39999999999999997,0.5916216216216217,0.63,0.5840000000000001,0.17600000000000005,0.36486486486486486,1.548864864864865,False,True,36.0
risk_fragile,open,89,J1_risk,resilient,resilient,36,3.213731753599112,True,0.63,0.8099459459459458,0.63,0.386,0.04999999999999993,0.0,0.756,True,False,100.27463507198225
risk_fragile,open,89,J2_recoverability,resilient,resilient,36,3.213731753599112,True,0.63,0.8099459459459458,0.63,0.386,0.04999999999999993,0.0,0.756,True,False,51.120000000000005
risk_fragile,open,89,J3_joint,resilient,resilient,36,3.213731753599112,True,0.63,0.8099459459459458,0.63,0.386,0.04999999999999993,0.0,0.756,True,False,115.39463507198225
risk_fragile,open,90,J0_shortest,none,fragile,36,4.05067585486304,True,0.39999999999999997,0.5916216216216217,0.63,0.5840000000000001,0.17600000000000005,0.36486486486486486,1.548864864864865,False,True,36.0
risk_fragile,open,90,J1_risk,none,resilient,36,3.1628839762613596,True,0.63,0.8099459459459458,0.63,0.386,0.04999999999999993,0.0,0.756,False,True,99.25767952522719
risk_fragile,open,90,J2_recoverability,none,resilient,36,3.1628839762613596,True,0.63,0.8099459459459458,0.63,0.386,0.04999999999999993,0.0,0.756,False,True,51.120000000000005
risk_fragile,open,90,J3_joint,none,resilient,36,3.1628839762613596,True,0.63,0.8099459459459458,0.63,0.386,0.04999999999999993,0.0,0.756,False,True,114.3776795252272
risk_fragile,open,91,J0_shortest,resilient,fragile,36,4.098726035779181,True,0.39999999999999997,0.5916216216216217,0.63,0.5840000000000001,0.17600000000000005,0.36486486486486486,1.548864864864865,False,True,36.0
risk_fragile,open,91,J1_risk,resilient,resilient,36,3.2308438109322877,True,0.63,0.8099459459459458,0.63,0.386,0.04999999999999993,0.0,0.756,True,False,100.61687621864576
risk_fragile,open,91,J2_recoverability,resilient,resilient,36,3.2308438109322877,True,0.63,0.8099459459459458,0.63,0.386,0.04999999999999993,0.0,0.756,True,False,51.120000000000005
risk_fragile,open,91,J3_joint,resilient,resilient,36,3.2308438109322877,True,0.63,0.8099459459459458,0.63,0.386,0.04999999999999993,0.0,0.756,True,False,115.73687621864576
risk_fragile,open,92,J0_shortest,fragile,fragile,36,4.0350036569774925,True,0.39999999999999997,0.5916216216216217,0.63,0.5840000000000001,0.17600000000000005,0.36486486486486486,1.548864864864865,True,False,36.0
risk_fragile,open,92,J1_risk,fragile,resilient,36,3.179466184583835,True,0.63,0.8099459459459458,0.63,0.386,0.04999999999999993,0.0,0.756,False,True,99.5893236916767
risk_fragile,open,92,J2_recoverability,fragile,resilient,36,3.179466184583835,True,0.63,0.8099459459459458,0.63,0.386,0.04999999999999993,0.0,0.756,False,True,51.120000000000005
risk_fragile,open,92,J3_joint,fragile,resilient,36,3.179466184583835,True,0.63,0.8099459459459458,0.63,0.386,0.04999999999999993,0.0,0.756,False,True,114.7093236916767
risk_fragile,open,93,J0_shortest,none,fragile,36,4.084575449264705,True,0.39999999999999997,0.5916216216216217,0.63,0.5840000000000001,0.17600000000000005,0.36486486486486486,1.548864864864865,False,True,36.0
risk_fragile,open,93,J1_risk,none,resilient,36,3.228164326918429,True,0.63,0.8099459459459458,0.63,0.386,0.04999999999999993,0.0,0.756,False,True,100.56328653836857
risk_fragile,open,93,J2_recoverability,none,resilient,36,3.228164326918429,True,0.63,0.8099459459459458,0.63,0.386,0.04999999999999993,0.0,0.756,False,True,51.120000000000005
risk_fragile,open,93,J3_joint,none,resilient,36,3.228164326918429,True,0.63,0.8099459459459458,0.63,0.386,0.04999999999999993,0.0,0.756,False,True,115.68328653836858
risk_fragile,open,94,J0_shortest,fragile,fragile,36,4.039867923505206,True,0.39999999999999997,0.5916216216216217,0.63,0.5840000000000001,0.17600000000000005,0.36486486486486486,1.548864864864865,True,False,36.0
risk_fragile,open,94,J1_risk,fragile,resilient,36,3.216773203627427,True,0.63,0.8099459459459458,0.63,0.386,0.04999999999999993,0.0,0.756,False,True,100.33546407254853
risk_fragile,open,94,J2_recoverability,fragile,resilient,36,3.216773203627427,True,0.63,0.8099459459459458,0.63,0.386,0.04999999999999993,0.0,0.756,False,True,51.120000000000005
risk_fragile,open,94,J3_joint,fragile,resilient,36,3.216773203627427,True,0.63,0.8099459459459458,0.63,0.386,0.04999999999999993,0.0,0.756,False,True,115.45546407254854
risk_fragile,open,95,J0_shortest,none,fragile,36,4.087434088767912,True,0.39999999999999997,0.5916216216216217,0.63,0.5840000000000001,0.17600000000000005,0.36486486486486486,1.548864864864865,False,True,36.0
risk_fragile,open,95,J1_risk,none,resilient,36,3.159400288210759,True,0.63,0.8099459459459458,0.63,0.386,0.04999999999999993,0.0,0.756,False,True,99.18800576421518
risk_fragile,open,95,J2_recoverability,none,resilient,36,3.159400288210759,True,0.63,0.8099459459459458,0.63,0.386,0.04999999999999993,0.0,0.756,False,True,51.120000000000005
risk_fragile,open,95,J3_joint,none,resilient,36,3.159400288210759,True,0.63,0.8099459459459458,0.63,0.386,0.04999999999999993,0.0,0.756,False,True,114.30800576421518
risk_fragile,open,96,J0_shortest,resilient,fragile,36,4.08896489142187,True,0.39999999999999997,0.5916216216216217,0.63,0.5840000000000001,0.17600000000000005,0.36486486486486486,1.548864864864865,False,True,36.0
risk_fragile,open,96,J1_risk,resilient,resilient,36,3.1809624357980395,True,0.63,0.8099459459459458,0.63,0.386,0.04999999999999993,0.0,0.756,True,False,99.6192487159608
risk_fragile,open,96,J2_recoverability,resilient,resilient,36,3.1809624357980395,True,0.63,0.8099459459459458,0.63,0.386,0.04999999999999993,0.0,0.756,True,False,51.120000000000005
risk_fragile,open,96,J3_joint,resilient,resilient,36,3.1809624357980395,True,0.63,0.8099459459459458,0.63,0.386,0.04999999999999993,0.0,0.756,True,False,114.7392487159608
risk_fragile,open,97,J0_shortest,fragile,fragile,36,4.044866973259323,True,0.39999999999999997,0.5916216216216217,0.63,0.5840000000000001,0.17600000000000005,0.36486486486486486,1.548864864864865,True,False,36.0
risk_fragile,open,97,J1_risk,fragile,resilient,36,3.2137582337978707,True,0.63,0.8099459459459458,0.63,0.386,0.04999999999999993,0.0,0.756,False,True,100.27516467595741
risk_fragile,open,97,J2_recoverability,fragile,resilient,36,3.2137582337978707,True,0.63,0.8099459459459458,0.63,0.386,0.04999999999999993,0.0,0.756,False,True,51.120000000000005
risk_fragile,open,97,J3_joint,fragile,resilient,36,3.2137582337978707,True,0.63,0.8099459459459458,0.63,0.386,0.04999999999999993,0.0,0.756,False,True,115.39516467595742
risk_fragile,open,98,J0_shortest,fragile,fragile,36,4.108294923014189,True,0.39999999999999997,0.5916216216216217,0.63,0.5840000000000001,0.17600000000000005,0.36486486486486486,1.548864864864865,True,False,36.0
risk_fragile,open,98,J1_risk,fragile,resilient,36,3.271256248752029,True,0.63,0.8099459459459458,0.63,0.386,0.04999999999999993,0.0,0.756,False,True,101.42512497504057
risk_fragile,open,98,J2_recoverability,fragile,resilient,36,3.271256248752029,True,0.63,0.8099459459459458,0.63,0.386,0.04999999999999993,0.0,0.756,False,True,51.120000000000005
risk_fragile,open,98,J3_joint,fragile,resilient,36,3.271256248752029,True,0.63,0.8099459459459458,0.63,0.386,0.04999999999999993,0.0,0.756,False,True,116.54512497504058
risk_fragile,open,99,J0_shortest,resilient,fragile,36,4.098349972126702,True,0.39999999999999997,0.5916216216216217,0.63,0.5840000000000001,0.17600000000000005,0.36486486486486486,1.548864864864865,False,True,36.0
risk_fragile,open,99,J1_risk,resilient,resilient,36,3.220734548869925,True,0.63,0.8099459459459458,0.63,0.386,0.04999999999999993,0.0,0.756,True,False,100.4146909773985
risk_fragile,open,99,J2_recoverability,resilient,resilient,36,3.220734548869925,True,0.63,0.8099459459459458,0.63,0.386,0.04999999999999993,0.0,0.756,True,False,51.120000000000005
risk_fragile,open,99,J3_joint,resilient,resilient,36,3.220734548869925,True,0.63,0.8099459459459458,0.63,0.386,0.04999999999999993,0.0,0.756,True,False,115.5346909773985
risk_resilient,open,0,J0_shortest,fragile,fragile,36,3.224013187114923,True,0.39999999999999997,0.5916216216216217,0.63,0.5840000000000001,0.17600000000000005,0.36486486486486486,1.548864864864865,True,False,36.0
risk_resilient,open,0,J1_risk,fragile,fragile,36,3.224013187114923,True,0.39999999999999997,0.5916216216216217,0.63,0.5840000000000001,0.17600000000000005,0.36486486486486486,1.548864864864865,True,False,100.48026374229846
risk_resilient,open,0,J2_recoverability,fragile,resilient,36,4.101634605463117,True,0.63,0.8099459459459458,0.63,0.386,0.04999999999999993,0.0,0.756,False,True,51.120000000000005
risk_resilient,open,0,J3_joint,fragile,fragile,36,3.224013187114923,True,0.39999999999999997,0.5916216216216217,0.63,0.5840000000000001,0.17600000000000005,0.36486486486486486,1.548864864864865,True,False,131.45756103959576
risk_resilient,open,1,J0_shortest,resilient,fragile,36,3.188107952866923,True,0.39999999999999997,0.5916216216216217,0.63,0.5840000000000001,0.17600000000000005,0.36486486486486486,1.548864864864865,False,True,36.0
risk_resilient,open,1,J1_risk,resilient,fragile,36,3.188107952866923,True,0.39999999999999997,0.5916216216216217,0.63,0.5840000000000001,0.17600000000000005,0.36486486486486486,1.548864864864865,False,True,99.76215905733847
risk_resilient,open,1,J2_recoverability,resilient,resilient,36,4.05136239270646,True,0.63,0.8099459459459458,0.63,0.386,0.04999999999999993,0.0,0.756,True,False,51.120000000000005
risk_resilient,open,1,J3_joint,resilient,fragile,36,3.188107952866923,True,0.39999999999999997,0.5916216216216217,0.63,0.5840000000000001,0.17600000000000005,0.36486486486486486,1.548864864864865,False,True,130.73945635463576
risk_resilient,open,2,J0_shortest,resilient,fragile,36,3.2126011115956845,True,0.39999999999999997,0.5916216216216217,0.63,0.5840000000000001,0.17600000000000005,0.36486486486486486,1.548864864864865,False,True,36.0
risk_resilient,open,2,J1_risk,resilient,fragile,36,3.2126011115956845,True,0.39999999999999997,0.5916216216216217,0.63,0.5840000000000001,0.17600000000000005,0.36486486486486486,1.548864864864865,False,True,100.25202223191368
risk_resilient,open,2,J2_recoverability,resilient,resilient,36,4.07945717004862,True,0.63,0.8099459459459458,0.63,0.386,0.04999999999999993,0.0,0.756,True,False,51.120000000000005
risk_resilient,open,2,J3_joint,resilient,fragile,36,3.2126011115956845,True,0.39999999999999997,0.5916216216216217,0.63,0.5840000000000001,0.17600000000000005,0.36486486486486486,1.548864864864865,False,True,131.22931952921098
risk_resilient,open,3,J0_shortest,none,fragile,36,3.2062003566855966,True,0.39999999999999997,0.5916216216216217,0.63,0.5840000000000001,0.17600000000000005,0.36486486486486486,1.548864864864865,False,True,36.0
risk_resilient,open,3,J1_risk,none,fragile,36,3.2062003566855966,True,0.39999999999999997,0.5916216216216217,0.63,0.5840000000000001,0.17600000000000005,0.36486486486486486,1.548864864864865,False,True,100.12400713371193
risk_resilient,open,3,J2_recoverability,none,resilient,36,4.077321911633949,True,0.63,0.8099459459459458,0.63,0.386,0.04999999999999993,0.0,0.756,False,True,51.120000000000005
risk_resilient,open,3,J3_joint,none,fragile,36,3.2062003566855966,True,0.39999999999999997,0.5916216216216217,0.63,0.5840000000000001,0.17600000000000005,0.36486486486486486,1.548864864864865,False,True,131.10130443100923
risk_resilient,open,4,J0_shortest,fragile,fragile,36,3.1884936221271514,True,0.39999999999999997,0.5916216216216217,0.63,0.5840000000000001,0.17600000000000005,0.36486486486486486,1.548864864864865,True,False,36.0
risk_resilient,open,4,J1_risk,fragile,fragile,36,3.1884936221271514,True,0.39999999999999997,0.5916216216216217,0.63,0.5840000000000001,0.17600000000000005,0.36486486486486486,1.548864864864865,True,False,99.76987244254303
risk_resilient,open,4,J2_recoverability,fragile,resilient,36,4.05301245552872,True,0.63,0.8099459459459458,0.63,0.386,0.04999999999999993,0.0,0.756,False,True,51.120000000000005
risk_resilient,open,4,J3_joint,fragile,fragile,36,3.1884936221271514,True,0.39999999999999997,0.5916216216216217,0.63,0.5840000000000001,0.17600000000000005,0.36486486486486486,1.548864864864865,True,False,130.74716973984033
risk_resilient,open,5,J0_shortest,resilient,fragile,36,3.16557622810643,True,0.39999999999999997,0.5916216216216217,0.63,0.5840000000000001,0.17600000000000005,0.36486486486486486,1.548864864864865,False,True,36.0
risk_resilient,open,5,J1_risk,resilient,fragile,36,3.16557622810643,True,0.39999999999999997,0.5916216216216217,0.63,0.5840000000000001,0.17600000000000005,0.36486486486486486,1.548864864864865,False,True,99.3115245621286
risk_resilient,open,5,J2_recoverability,resilient,resilient,36,4.085492693869621,True,0.63,0.8099459459459458,0.63,0.386,0.04999999999999993,0.0,0.756,True,False,51.120000000000005
risk_resilient,open,5,J3_joint,resilient,fragile,36,3.16557622810643,True,0.39999999999999997,0.5916216216216217,0.63,0.5840000000000001,0.17600000000000005,0.36486486486486486,1.548864864864865,False,True,130.2888218594259
risk_resilient,open,6,J0_shortest,resilient,fragile,36,3.221762934361052,True,0.39999999999999997,0.5916216216216217,0.63,0.5840000000000001,0.17600000000000005,0.36486486486486486,1.548864864864865,False,True,36.0
risk_resilient,open,6,J1_risk,resilient,fragile,36,3.221762934361052,True,0.39999999999999997,0.5916216216216217,0.63,0.5840000000000001,0.17600000000000005,0.36486486486486486,1.548864864864865,False,True,100.43525868722104
risk_resilient,open,6,J2_recoverability,resilient,resilient,36,4.0903603962919135,True,0.63,0.8099459459459458,0.63,0.386,0.04999999999999993,0.0,0.756,True,False,51.120000000000005
risk_resilient,open,6,J3_joint,resilient,fragile,36,3.221762934361052,True,0.39999999999999997,0.5916216216216217,0.63,0.5840000000000001,0.17600000000000005,0.36486486486486486,1.548864864864865,False,True,131.41255598451835
risk_resilient,open,7,J0_shortest,resilient,fragile,36,3.1529602670405716,True,0.39999999999999997,0.5916216216216217,0.63,0.5840000000000001,0.17600000000000005,0.36486486486486486,1.548864864864865,False,True,36.0
risk_resilient,open,7,J1_risk,resilient,fragile,36,3.1529602670405716,True,0.39999999999999997,0.5916216216216217,0.63,0.5840000000000001,0.17600000000000005,0.36486486486486486,1.548864864864865,False,True,99.05920534081143
risk_resilient,open,7,J2_recoverability,resilient,resilient,36,4.071029385671142,True,0.63,0.8099459459459458,0.63,0.386,0.04999999999999993,0.0,0.756,True,False,51.120000000000005
risk_resilient,open,7,J3_joint,resilient,fragile,36,3.1529602670405716,True,0.39999999999999997,0.5916216216216217,0.63,0.5840000000000001,0.17600000000000005,0.36486486486486486,1.548864864864865,False,True,130.03650263810874
risk_resilient,open,8,J0_shortest,none,fragile,36,3.1825881181410365,True,0.39999999999999997,0.5916216216216217,0.63,0.5840000000000001,0.17600000000000005,0.36486486486486486,1.548864864864865,False,True,36.0
risk_resilient,open,8,J1_risk,none,fragile,36,3.1825881181410365,True,0.39999999999999997,0.5916216216216217,0.63,0.5840000000000001,0.17600000000000005,0.36486486486486486,1.548864864864865,False,True,99.65176236282073
risk_resilient,open,8,J2_recoverability,none,resilient,36,4.0371471370359995,True,0.63,0.8099459459459458,0.63,0.386,0.04999999999999993,0.0,0.756,False,True,51.120000000000005
risk_resilient,open,8,J3_joint,none,fragile,36,3.1825881181410365,True,0.39999999999999997,0.5916216216216217,0.63,0.5840000000000001,0.17600000000000005,0.36486486486486486,1.548864864864865,False,True,130.62905966011803
risk_resilient,open,9,J0_shortest,resilient,fragile,36,3.2053202497128197,True,0.39999999999999997,0.5916216216216217,0.63,0.5840000000000001,0.17600000000000005,0.36486486486486486,1.548864864864865,False,True,36.0
risk_resilient,open,9,J1_risk,resilient,fragile,36,3.2053202497128197,True,0.39999999999999997,0.5916216216216217,0.63,0.5840000000000001,0.17600000000000005,0.36486486486486486,1.548864864864865,False,True,100.1064049942564
risk_resilient,open,9,J2_recoverability,resilient,resilient,36,4.089072917494826,True,0.63,0.8099459459459458,0.63,0.386,0.04999999999999993,0.0,0.756,True,False,51.120000000000005
risk_resilient,open,9,J3_joint,resilient,fragile,36,3.2053202497128197,True,0.39999999999999997,0.5916216216216217,0.63,0.5840000000000001,0.17600000000000005,0.36486486486486486,1.548864864864865,False,True,131.0837022915537
risk_resilient,open,10,J0_shortest,fragile,fragile,36,3.163714218959647,True,0.39999999999999997,0.5916216216216217,0.63,0.5840000000000001,0.17600000000000005,0.36486486486486486,1.548864864864865,True,False,36.0
risk_resilient,open,10,J1_risk,fragile,fragile,36,3.163714218959647,True,0.39999999999999997,0.5916216216216217,0.63,0.5840000000000001,0.17600000000000005,0.36486486486486486,1.548864864864865,True,False,99.27428437919295
risk_resilient,open,10,J2_recoverability,fragile,resilient,36,4.0220682115452435,True,0.63,0.8099459459459458,0.63,0.386,0.04999999999999993,0.0,0.756,False,True,51.120000000000005
risk_resilient,open,10,J3_joint,fragile,fragile,36,3.163714218959647,True,0.39999999999999997,0.5916216216216217,0.63,0.5840000000000001,0.17600000000000005,0.36486486486486486,1.548864864864865,True,False,130.25158167649025
risk_resilient,open,11,J0_shortest,none,fragile,36,3.1860680742965735,True,0.39999999999999997,0.5916216216216217,0.63,0.5840000000000001,0.17600000000000005,0.36486486486486486,1.548864864864865,False,True,36.0
risk_resilient,open,11,J1_risk,none,fragile,36,3.1860680742965735,True,0.39999999999999997,0.5916216216216217,0.63,0.5840000000000001,0.17600000000000005,0.36486486486486486,1.548864864864865,False,True,99.72136148593147
risk_resilient,open,11,J2_recoverability,none,resilient,36,4.075538528200829,True,0.63,0.8099459459459458,0.63,0.386,0.04999999999999993,0.0,0.756,False,True,51.120000000000005
risk_resilient,open,11,J3_joint,none,fragile,36,3.1860680742965735,True,0.39999999999999997,0.5916216216216217,0.63,0.5840000000000001,0.17600000000000005,0.36486486486486486,1.548864864864865,False,True,130.69865878322878
risk_resilient,open,12,J0_shortest,none,fragile,36,3.197088927843284,True,0.39999999999999997,0.5916216216216217,0.63,0.5840000000000001,0.17600000000000005,0.36486486486486486,1.548864864864865,False,True,36.0
risk_resilient,open,12,J1_risk,none,fragile,36,3.197088927843284,True,0.39999999999999997,0.5916216216216217,0.63,0.5840000000000001,0.17600000000000005,0.36486486486486486,1.548864864864865,False,True,99.94177855686567
risk_resilient,open,12,J2_recoverability,none,resilient,36,4.050682726888169,True,0.63,0.8099459459459458,0.63,0.386,0.04999999999999993,0.0,0.756,False,True,51.120000000000005
risk_resilient,open,12,J3_joint,none,fragile,36,3.197088927843284,True,0.39999999999999997,0.5916216216216217,0.63,0.5840000000000001,0.17600000000000005,0.36486486486486486,1.548864864864865,False,True,130.91907585416297
risk_resilient,open,13,J0_shortest,fragile,fragile,36,3.2423553263711438,True,0.39999999999999997,0.5916216216216217,0.63,0.5840000000000001,0.17600000000000005,0.36486486486486486,1.548864864864865,True,False,36.0
risk_resilient,open,13,J1_risk,fragile,fragile,36,3.2423553263711438,True,0.39999999999999997,0.5916216216216217,0.63,0.5840000000000001,0.17600000000000005,0.36486486486486486,1.548864864864865,True,False,100.84710652742288
risk_resilient,open,13,J2_recoverability,fragile,resilient,36,4.115327909511651,True,0.63,0.8099459459459458,0.63,0.386,0.04999999999999993,0.0,0.756,False,True,51.120000000000005
risk_resilient,open,13,J3_joint,fragile,fragile,36,3.2423553263711438,True,0.39999999999999997,0.5916216216216217,0.63,0.5840000000000001,0.17600000000000005,0.36486486486486486,1.548864864864865,True,False,131.82440382472018
risk_resilient,open,14,J0_shortest,none,fragile,36,3.212149594885475,True,0.39999999999999997,0.5916216216216217,0.63,0.5840000000000001,0.17600000000000005,0.36486486486486486,1.548864864864865,False,True,36.0
risk_resilient,open,14,J1_risk,none,fragile,36,3.212149594885475,True,0.39999999999999997,0.5916216216216217,0.63,0.5840000000000001,0.17600000000000005,0.36486486486486486,1.548864864864865,False,True,100.2429918977095
risk_resilient,open,14,J2_recoverability,none,resilient,36,4.086984144681296,True,0.63,0.8099459459459458,0.63,0.386,0.04999999999999993,0.0,0.756,False,True,51.120000000000005
risk_resilient,open,14,J3_joint,none,fragile,36,3.212149594885475,True,0.39999999999999997,0.5916216216216217,0.63,0.5840000000000001,0.17600000000000005,0.36486486486486486,1.548864864864865,False,True,131.2202891950068
risk_resilient,open,15,J0_shortest,resilient,fragile,36,3.221713649956245,True,0.39999999999999997,0.5916216216216217,0.63,0.5840000000000001,0.17600000000000005,0.36486486486486486,1.548864864864865,False,True,36.0
risk_resilient,open,15,J1_risk,resilient,fragile,36,3.221713649956245,True,0.39999999999999997,0.5916216216216217,0.63,0.5840000000000001,0.17600000000000005,0.36486486486486486,1.548864864864865,False,True,100.4342729991249
risk_resilient,open,15,J2_recoverability,resilient,resilient,36,4.081677371474274,True,0.63,0.8099459459459458,0.63,0.386,0.04999999999999993,0.0,0.756,True,False,51.120000000000005
risk_resilient,open,15,J3_joint,resilient,fragile,36,3.221713649956245,True,0.39999999999999997,0.5916216216216217,0.63,0.5840000000000001,0.17600000000000005,0.36486486486486486,1.548864864864865,False,True,131.4115702964222
risk_resilient,open,16,J0_shortest,none,fragile,36,3.2194986437365887,True,0.39999999999999997,0.5916216216216217,0.63,0.5840000000000001,0.17600000000000005,0.36486486486486486,1.548864864864865,False,True,36.0
risk_resilient,open,16,J1_risk,none,fragile,36,3.2194986437365887,True,0.39999999999999997,0.5916216216216217,0.63,0.5840000000000001,0.17600000000000005,0.36486486486486486,1.548864864864865,False,True,100.38997287473177
risk_resilient,open,16,J2_recoverability,none,resilient,36,4.068397023891483,True,0.63,0.8099459459459458,0.63,0.386,0.04999999999999993,0.0,0.756,False,True,51.120000000000005
risk_resilient,open,16,J3_joint,none,fragile,36,3.2194986437365887,True,0.39999999999999997,0.5916216216216217,0.63,0.5840000000000001,0.17600000000000005,0.36486486486486486,1.548864864864865,False,True,131.36727017202907
risk_resilient,open,17,J0_shortest,resilient,fragile,36,3.1764391205286873,True,0.39999999999999997,0.5916216216216217,0.63,0.5840000000000001,0.17600000000000005,0.36486486486486486,1.548864864864865,False,True,36.0
risk_resilient,open,17,J1_risk,resilient,fragile,36,3.1764391205286873,True,0.39999999999999997,0.5916216216216217,0.63,0.5840000000000001,0.17600000000000005,0.36486486486486486,1.548864864864865,False,True,99.52878241057374
risk_resilient,open,17,J2_recoverability,resilient,resilient,36,4.096012546937301,True,0.63,0.8099459459459458,0.63,0.386,0.04999999999999993,0.0,0.756,True,False,51.120000000000005
risk_resilient,open,17,J3_joint,resilient,fragile,36,3.1764391205286873,True,0.39999999999999997,0.5916216216216217,0.63,0.5840000000000001,0.17600000000000005,0.36486486486486486,1.548864864864865,False,True,130.50607970787104
risk_resilient,open,18,J0_shortest,fragile,fragile,36,3.224140318880914,True,0.39999999999999997,0.5916216216216217,0.63,0.5840000000000001,0.17600000000000005,0.36486486486486486,1.548864864864865,True,False,36.0
risk_resilient,open,18,J1_risk,fragile,fragile,36,3.224140318880914,True,0.39999999999999997,0.5916216216216217,0.63,0.5840000000000001,0.17600000000000005,0.36486486486486486,1.548864864864865,True,False,100.48280637761827
risk_resilient,open,18,J2_recoverability,fragile,resilient,36,4.040881898691913,True,0.63,0.8099459459459458,0.63,0.386,0.04999999999999993,0.0,0.756,False,True,51.120000000000005
risk_resilient,open,18,J3_joint,fragile,fragile,36,3.224140318880914,True,0.39999999999999997,0.5916216216216217,0.63,0.5840000000000001,0.17600000000000005,0.36486486486486486,1.548864864864865,True,False,131.4601036749156
risk_resilient,open,19,J0_shortest,fragile,fragile,36,3.213747784914721,True,0.39999999999999997,0.5916216216216217,0.63,0.5840000000000001,0.17600000000000005,0.36486486486486486,1.548864864864865,True,False,36.0
risk_resilient,open,19,J1_risk,fragile,fragile,36,3.213747784914721,True,0.39999999999999997,0.5916216216216217,0.63,0.5840000000000001,0.17600000000000005,0.36486486486486486,1.548864864864865,True,False,100.27495569829442
risk_resilient,open,19,J2_recoverability,fragile,resilient,36,4.0824151606536025,True,0.63,0.8099459459459458,0.63,0.386,0.04999999999999993,0.0,0.756,False,True,51.120000000000005
risk_resilient,open,19,J3_joint,fragile,fragile,36,3.213747784914721,True,0.39999999999999997,0.5916216216216217,0.63,0.5840000000000001,0.17600000000000005,0.36486486486486486,1.548864864864865,True,False,131.25225299559173
risk_resilient,open,20,J0_shortest,none,fragile,36,3.171797799028003,True,0.39999999999999997,0.5916216216216217,0.63,0.5840000000000001,0.17600000000000005,0.36486486486486486,1.548864864864865,False,True,36.0
risk_resilient,open,20,J1_risk,none,fragile,36,3.171797799028003,True,0.39999999999999997,0.5916216216216217,0.63,0.5840000000000001,0.17600000000000005,0.36486486486486486,1.548864864864865,False,True,99.43595598056007
risk_resilient,open,20,J2_recoverability,none,resilient,36,4.025107041934867,True,0.63,0.8099459459459458,0.63,0.386,0.04999999999999993,0.0,0.756,False,True,51.120000000000005
risk_resilient,open,20,J3_joint,none,fragile,36,3.171797799028003,True,0.39999999999999997,0.5916216216216217,0.63,0.5840000000000001,0.17600000000000005,0.36486486486486486,1.548864864864865,False,True,130.41325327785736
risk_resilient,open,21,J0_shortest,none,fragile,36,3.2181344221788044,True,0.39999999999999997,0.5916216216216217,0.63,0.5840000000000001,0.17600000000000005,0.36486486486486486,1.548864864864865,False,True,36.0
risk_resilient,open,21,J1_risk,none,fragile,36,3.2181344221788044,True,0.39999999999999997,0.5916216216216217,0.63,0.5840000000000001,0.17600000000000005,0.36486486486486486,1.548864864864865,False,True,100.36268844357609
risk_resilient,open,21,J2_recoverability,none,resilient,36,4.050165919951168,True,0.63,0.8099459459459458,0.63,0.386,0.04999999999999993,0.0,0.756,False,True,51.120000000000005
risk_resilient,open,21,J3_joint,none,fragile,36,3.2181344221788044,True,0.39999999999999997,0.5916216216216217,0.63,0.5840000000000001,0.17600000000000005,0.36486486486486486,1.548864864864865,False,True,131.3399857408734
risk_resilient,open,22,J0_shortest,fragile,fragile,36,3.2424160621321034,True,0.39999999999999997,0.5916216216216217,0.63,0.5840000000000001,0.17600000000000005,0.36486486486486486,1.548864864864865,True,False,36.0
risk_resilient,open,22,J1_risk,fragile,fragile,36,3.2424160621321034,True,0.39999999999999997,0.5916216216216217,0.63,0.5840000000000001,0.17600000000000005,0.36486486486486486,1.548864864864865,True,False,100.84832124264207
risk_resilient,open,22,J2_recoverability,fragile,resilient,36,4.129043094392076,True,0.63,0.8099459459459458,0.63,0.386,0.04999999999999993,0.0,0.756,False,True,51.120000000000005
risk_resilient,open,22,J3_joint,fragile,fragile,36,3.2424160621321034,True,0.39999999999999997,0.5916216216216217,0.63,0.5840000000000001,0.17600000000000005,0.36486486486486486,1.548864864864865,True,False,131.82561853993937
risk_resilient,open,23,J0_shortest,resilient,fragile,36,3.180216657340406,True,0.39999999999999997,0.5916216216216217,0.63,0.5840000000000001,0.17600000000000005,0.36486486486486486,1.548864864864865,False,True,36.0
risk_resilient,open,23,J1_risk,resilient,fragile,36,3.180216657340406,True,0.39999999999999997,0.5916216216216217,0.63,0.5840000000000001,0.17600000000000005,0.36486486486486486,1.548864864864865,False,True,99.60433314680812
risk_resilient,open,23,J2_recoverability,resilient,resilient,36,4.084272785710097,True,0.63,0.8099459459459458,0.63,0.386,0.04999999999999993,0.0,0.756,True,False,51.120000000000005
risk_resilient,open,23,J3_joint,resilient,fragile,36,3.180216657340406,True,0.39999999999999997,0.5916216216216217,0.63,0.5840000000000001,0.17600000000000005,0.36486486486486486,1.548864864864865,False,True,130.58163044410543
risk_resilient,open,24,J0_shortest,resilient,fragile,36,3.182170392176281,True,0.39999999999999997,0.5916216216216217,0.63,0.5840000000000001,0.17600000000000005,0.36486486486486486,1.548864864864865,False,True,36.0
risk_resilient,open,24,J1_risk,resilient,fragile,36,3.182170392176281,True,0.39999999999999997,0.5916216216216217,0.63,0.5840000000000001,0.17600000000000005,0.36486486486486486,1.548864864864865,False,True,99.64340784352562
risk_resilient,open,24,J2_recoverability,resilient,resilient,36,4.051311718704962,True,0.63,0.8099459459459458,0.63,0.386,0.04999999999999993,0.0,0.756,True,False,51.120000000000005
risk_resilient,open,24,J3_joint,resilient,fragile,36,3.182170392176281,True,0.39999999999999997,0.5916216216216217,0.63,0.5840000000000001,0.17600000000000005,0.36486486486486486,1.548864864864865,False,True,130.62070514082293
risk_resilient,open,25,J0_shortest,fragile,fragile,36,3.229404190959382,True,0.39999999999999997,0.5916216216216217,0.63,0.5840000000000001,0.17600000000000005,0.36486486486486486,1.548864864864865,True,False,36.0
risk_resilient,open,25,J1_risk,fragile,fragile,36,3.229404190959382,True,0.39999999999999997,0.5916216216216217,0.63,0.5840000000000001,0.17600000000000005,0.36486486486486486,1.548864864864865,True,False,100.58808381918763
risk_resilient,open,25,J2_recoverability,fragile,resilient,36,4.107226736594066,True,0.63,0.8099459459459458,0.63,0.386,0.04999999999999993,0.0,0.756,False,True,51.120000000000005
risk_resilient,open,25,J3_joint,fragile,fragile,36,3.229404190959382,True,0.39999999999999997,0.5916216216216217,0.63,0.5840000000000001,0.17600000000000005,0.36486486486486486,1.548864864864865,True,False,131.56538111648493
risk_resilient,open,26,J0_shortest,none,fragile,36,3.172492828178036,True,0.39999999999999997,0.5916216216216217,0.63,0.5840000000000001,0.17600000000000005,0.36486486486486486,1.548864864864865,False,True,36.0
risk_resilient,open,26,J1_risk,none,fragile,36,3.172492828178036,True,0.39999999999999997,0.5916216216216217,0.63,0.5840000000000001,0.17600000000000005,0.36486486486486486,1.548864864864865,False,True,99.44985656356073
risk_resilient,open,26,J2_recoverability,none,resilient,36,4.05940127938086,True,0.63,0.8099459459459458,0.63,0.386,0.04999999999999993,0.0,0.756,False,True,51.120000000000005
risk_resilient,open,26,J3_joint,none,fragile,36,3.172492828178036,True,0.39999999999999997,0.5916216216216217,0.63,0.5840000000000001,0.17600000000000005,0.36486486486486486,1.548864864864865,False,True,130.42715386085803
risk_resilient,open,27,J0_shortest,resilient,fragile,36,3.171903724625374,True,0.39999999999999997,0.5916216216216217,0.63,0.5840000000000001,0.17600000000000005,0.36486486486486486,1.548864864864865,False,True,36.0
risk_resilient,open,27,J1_risk,resilient,fragile,36,3.171903724625374,True,0.39999999999999997,0.5916216216216217,0.63,0.5840000000000001,0.17600000000000005,0.36486486486486486,1.548864864864865,False,True,99.43807449250747
risk_resilient,open,27,J2_recoverability,resilient,resilient,36,4.06600280485816,True,0.63,0.8099459459459458,0.63,0.386,0.04999999999999993,0.0,0.756,True,False,51.120000000000005
risk_resilient,open,27,J3_joint,resilient,fragile,36,3.171903724625374,True,0.39999999999999997,0.5916216216216217,0.63,0.5840000000000001,0.17600000000000005,0.36486486486486486,1.548864864864865,False,True,130.41537178980477
risk_resilient,open,28,J0_shortest,resilient,fragile,36,3.1918957959515666,True,0.39999999999999997,0.5916216216216217,0.63,0.5840000000000001,0.17600000000000005,0.36486486486486486,1.548864864864865,False,True,36.0
risk_resilient,open,28,J1_risk,resilient,fragile,36,3.1918957959515666,True,0.39999999999999997,0.5916216216216217,0.63,0.5840000000000001,0.17600000000000005,0.36486486486486486,1.548864864864865,False,True,99.83791591903133
risk_resilient,open,28,J2_recoverability,resilient,resilient,36,4.026512884251245,True,0.63,0.8099459459459458,0.63,0.386,0.04999999999999993,0.0,0.756,True,False,51.120000000000005
risk_resilient,open,28,J3_joint,resilient,fragile,36,3.1918957959515666,True,0.39999999999999997,0.5916216216216217,0.63,0.5840000000000001,0.17600000000000005,0.36486486486486486,1.548864864864865,False,True,130.81521321632863
risk_resilient,open,29,J0_shortest,resilient,fragile,36,3.1785878229012146,True,0.39999999999999997,0.5916216216216217,0.63,0.5840000000000001,0.17600000000000005,0.36486486486486486,1.548864864864865,False,True,36.0
risk_resilient,open,29,J1_risk,resilient,fragile,36,3.1785878229012146,True,0.39999999999999997,0.5916216216216217,0.63,0.5840000000000001,0.17600000000000005,0.36486486486486486,1.548864864864865,False,True,99.57175645802428
risk_resilient,open,29,J2_recoverability,resilient,resilient,36,4.043959288694826,True,0.63,0.8099459459459458,0.63,0.386,0.04999999999999993,0.0,0.756,True,False,51.120000000000005
risk_resilient,open,29,J3_joint,resilient,fragile,36,3.1785878229012146,True,0.39999999999999997,0.5916216216216217,0.63,0.5840000000000001,0.17600000000000005,0.36486486486486486,1.548864864864865,False,True,130.54905375532158
risk_resilient,open,30,J0_shortest,fragile,fragile,36,3.2199192552675235,True,0.39999999999999997,0.5916216216216217,0.63,0.5840000000000001,0.17600000000000005,0.36486486486486486,1.548864864864865,True,False,36.0
risk_resilient,open,30,J1_risk,fragile,fragile,36,3.2199192552675235,True,0.39999999999999997,0.5916216216216217,0.63,0.5840000000000001,0.17600000000000005,0.36486486486486486,1.548864864864865,True,False,100.39838510535047
risk_resilient,open,30,J2_recoverability,fragile,resilient,36,4.111016255393212,True,0.63,0.8099459459459458,0.63,0.386,0.04999999999999993,0.0,0.756,False,True,51.120000000000005
risk_resilient,open,30,J3_joint,fragile,fragile,36,3.2199192552675235,True,0.39999999999999997,0.5916216216216217,0.63,0.5840000000000001,0.17600000000000005,0.36486486486486486,1.548864864864865,True,False,131.37568240264778
risk_resilient,open,31,J0_shortest,fragile,fragile,36,3.191192670874583,True,0.39999999999999997,0.5916216216216217,0.63,0.5840000000000001,0.17600000000000005,0.36486486486486486,1.548864864864865,True,False,36.0
risk_resilient,open,31,J1_risk,fragile,fragile,36,3.191192670874583,True,0.39999999999999997,0.5916216216216217,0.63,0.5840000000000001,0.17600000000000005,0.36486486486486486,1.548864864864865,True,False,99.82385341749166
risk_resilient,open,31,J2_recoverability,fragile,resilient,36,4.092989483882325,True,0.63,0.8099459459459458,0.63,0.386,0.04999999999999993,0.0,0.756,False,True,51.120000000000005
risk_resilient,open,31,J3_joint,fragile,fragile,36,3.191192670874583,True,0.39999999999999997,0.5916216216216217,0.63,0.5840000000000001,0.17600000000000005,0.36486486486486486,1.548864864864865,True,False,130.80115071478897
risk_resilient,open,32,J0_shortest,none,fragile,36,3.1942977248250495,True,0.39999999999999997,0.5916216216216217,0.63,0.5840000000000001,0.17600000000000005,0.36486486486486486,1.548864864864865,False,True,36.0
risk_resilient,open,32,J1_risk,none,fragile,36,3.1942977248250495,True,0.39999999999999997,0.5916216216216217,0.63,0.5840000000000001,0.17600000000000005,0.36486486486486486,1.548864864864865,False,True,99.88595449650099
risk_resilient,open,32,J2_recoverability,none,resilient,36,4.11438290274051,True,0.63,0.8099459459459458,0.63,0.386,0.04999999999999993,0.0,0.756,False,True,51.120000000000005
risk_resilient,open,32,J3_joint,none,fragile,36,3.1942977248250495,True,0.39999999999999997,0.5916216216216217,0.63,0.5840000000000001,0.17600000000000005,0.36486486486486486,1.548864864864865,False,True,130.8632517937983
risk_resilient,open,33,J0_shortest,resilient,fragile,36,3.197846425230919,True,0.39999999999999997,0.5916216216216217,0.63,0.5840000000000001,0.17600000000000005,0.36486486486486486,1.548864864864865,False,True,36.0
risk_resilient,open,33,J1_risk,resilient,fragile,36,3.197846425230919,True,0.39999999999999997,0.5916216216216217,0.63,0.5840000000000001,0.17600000000000005,0.36486486486486486,1.548864864864865,False,True,99.95692850461839
risk_resilient,open,33,J2_recoverability,resilient,resilient,36,4.074597076379988,True,0.63,0.8099459459459458,0.63,0.386,0.04999999999999993,0.0,0.756,True,False,51.120000000000005
risk_resilient,open,33,J3_joint,resilient,fragile,36,3.197846425230919,True,0.39999999999999997,0.5916216216216217,0.63,0.5840000000000001,0.17600000000000005,0.36486486486486486,1.548864864864865,False,True,130.9342258019157
risk_resilient,open,34,J0_shortest,fragile,fragile,36,3.2202889745276284,True,0.39999999999999997,0.5916216216216217,0.63,0.5840000000000001,0.17600000000000005,0.36486486486486486,1.548864864864865,True,False,36.0
risk_resilient,open,34,J1_risk,fragile,fragile,36,3.2202889745276284,True,0.39999999999999997,0.5916216216216217,0.63,0.5840000000000001,0.17600000000000005,0.36486486486486486,1.548864864864865,True,False,100.40577949055256
risk_resilient,open,34,J2_recoverability,fragile,resilient,36,4.108498912480434,True,0.63,0.8099459459459458,0.63,0.386,0.04999999999999993,0.0,0.756,False,True,51.120000000000005
risk_resilient,open,34,J3_joint,fragile,fragile,36,3.2202889745276284,True,0.39999999999999997,0.5916216216216217,0.63,0.5840000000000001,0.17600000000000005,0.36486486486486486,1.548864864864865,True,False,131.38307678784986
risk_resilient,open,35,J0_shortest,none,fragile,36,3.203336282892697,True,0.39999999999999997,0.5916216216216217,0.63,0.5840000000000001,0.17600000000000005,0.36486486486486486,1.548864864864865,False,True,36.0
risk_resilient,open,35,J1_risk,none,fragile,36,3.203336282892697,True,0.39999999999999997,0.5916216216216217,0.63,0.5840000000000001,0.17600000000000005,0.36486486486486486,1.548864864864865,False,True,100.06672565785394
risk_resilient,open,35,J2_recoverability,none,resilient,36,4.075530559656724,True,0.63,0.8099459459459458,0.63,0.386,0.04999999999999993,0.0,0.756,False,True,51.120000000000005
risk_resilient,open,35,J3_joint,none,fragile,36,3.203336282892697,True,0.39999999999999997,0.5916216216216217,0.63,0.5840000000000001,0.17600000000000005,0.36486486486486486,1.548864864864865,False,True,131.04402295515123
risk_resilient,open,36,J0_shortest,fragile,fragile,36,3.185107045117368,True,0.39999999999999997,0.5916216216216217,0.63,0.5840000000000001,0.17600000000000005,0.36486486486486486,1.548864864864865,True,False,36.0
risk_resilient,open,36,J1_risk,fragile,fragile,36,3.185107045117368,True,0.39999999999999997,0.5916216216216217,0.63,0.5840000000000001,0.17600000000000005,0.36486486486486486,1.548864864864865,True,False,99.70214090234737
risk_resilient,open,36,J2_recoverability,fragile,resilient,36,4.089319294571468,True,0.63,0.8099459459459458,0.63,0.386,0.04999999999999993,0.0,0.756,False,True,51.120000000000005
risk_resilient,open,36,J3_joint,fragile,fragile,36,3.185107045117368,True,0.39999999999999997,0.5916216216216217,0.63,0.5840000000000001,0.17600000000000005,0.36486486486486486,1.548864864864865,True,False,130.67943819964466
risk_resilient,open,37,J0_shortest,resilient,fragile,36,3.184174047507267,True,0.39999999999999997,0.5916216216216217,0.63,0.5840000000000001,0.17600000000000005,0.36486486486486486,1.548864864864865,False,True,36.0
risk_resilient,open,37,J1_risk,resilient,fragile,36,3.184174047507267,True,0.39999999999999997,0.5916216216216217,0.63,0.5840000000000001,0.17600000000000005,0.36486486486486486,1.548864864864865,False,True,99.68348095014534
risk_resilient,open,37,J2_recoverability,resilient,resilient,36,4.084581857137814,True,0.63,0.8099459459459458,0.63,0.386,0.04999999999999993,0.0,0.756,True,False,51.120000000000005
risk_resilient,open,37,J3_joint,resilient,fragile,36,3.184174047507267,True,0.39999999999999997,0.5916216216216217,0.63,0.5840000000000001,0.17600000000000005,0.36486486486486486,1.548864864864865,False,True,130.66077824744264
risk_resilient,open,38,J0_shortest,fragile,fragile,36,3.2174057926645574,True,0.39999999999999997,0.5916216216216217,0.63,0.5840000000000001,0.17600000000000005,0.36486486486486486,1.548864864864865,True,False,36.0
risk_resilient,open,38,J1_risk,fragile,fragile,36,3.2174057926645574,True,0.39999999999999997,0.5916216216216217,0.63,0.5840000000000001,0.17600000000000005,0.36486486486486486,1.548864864864865,True,False,100.34811585329115
risk_resilient,open,38,J2_recoverability,fragile,resilient,36,4.1062373083865,True,0.63,0.8099459459459458,0.63,0.386,0.04999999999999993,0.0,0.756,False,True,51.120000000000005
risk_resilient,open,38,J3_joint,fragile,fragile,36,3.2174057926645574,True,0.39999999999999997,0.5916216216216217,0.63,0.5840000000000001,0.17600000000000005,0.36486486486486486,1.548864864864865,True,False,131.32541315058845
risk_resilient,open,39,J0_shortest,none,fragile,36,3.206245062593893,True,0.39999999999999997,0.5916216216216217,0.63,0.5840000000000001,0.17600000000000005,0.36486486486486486,1.548864864864865,False,True,36.0
risk_resilient,open,39,J1_risk,none,fragile,36,3.206245062593893,True,0.39999999999999997,0.5916216216216217,0.63,0.5840000000000001,0.17600000000000005,0.36486486486486486,1.548864864864865,False,True,100.12490125187786
risk_resilient,open,39,J2_recoverability,none,resilient,36,4.046139217845791,True,0.63,0.8099459459459458,0.63,0.386,0.04999999999999993,0.0,0.756,False,True,51.120000000000005
risk_resilient,open,39,J3_joint,none,fragile,36,3.206245062593893,True,0.39999999999999997,0.5916216216216217,0.63,0.5840000000000001,0.17600000000000005,0.36486486486486486,1.548864864864865,False,True,131.10219854917517
risk_resilient,open,40,J0_shortest,fragile,fragile,36,3.1852539227127346,True,0.39999999999999997,0.5916216216216217,0.63,0.5840000000000001,0.17600000000000005,0.36486486486486486,1.548864864864865,True,False,36.0
risk_resilient,open,40,J1_risk,fragile,fragile,36,3.1852539227127346,True,0.39999999999999997,0.5916216216216217,0.63,0.5840000000000001,0.17600000000000005,0.36486486486486486,1.548864864864865,True,False,99.70507845425469
risk_resilient,open,40,J2_recoverability,fragile,resilient,36,4.089605961202744,True,0.63,0.8099459459459458,0.63,0.386,0.04999999999999993,0.0,0.756,False,True,51.120000000000005
risk_resilient,open,40,J3_joint,fragile,fragile,36,3.1852539227127346,True,0.39999999999999997,0.5916216216216217,0.63,0.5840000000000001,0.17600000000000005,0.36486486486486486,1.548864864864865,True,False,130.682375751552
risk_resilient,open,41,J0_shortest,none,fragile,36,3.2153025538577302,True,0.39999999999999997,0.5916216216216217,0.63,0.5840000000000001,0.17600000000000005,0.36486486486486486,1.548864864864865,False,True,36.0
risk_resilient,open,41,J1_risk,none,fragile,36,3.2153025538577302,True,0.39999999999999997,0.5916216216216217,0.63,0.5840000000000001,0.17600000000000005,0.36486486486486486,1.548864864864865,False,True,100.3060510771546
risk_resilient,open,41,J2_recoverability,none,resilient,36,4.058306467895109,True,0.63,0.8099459459459458,0.63,0.386,0.04999999999999993,0.0,0.756,False,True,51.120000000000005
risk_resilient,open,41,J3_joint,none,fragile,36,3.2153025538577302,True,0.39999999999999997,0.5916216216216217,0.63,0.5840000000000001,0.17600000000000005,0.36486486486486486,1.548864864864865,False,True,131.28334837445192
risk_resilient,open,42,J0_shortest,fragile,fragile,36,3.2058343270670893,True,0.39999999999999997,0.5916216216216217,0.63,0.5840000000000001,0.17600000000000005,0.36486486486486486,1.548864864864865,True,False,36.0
risk_resilient,open,42,J1_risk,fragile,fragile,36,3.2058343270670893,True,0.39999999999999997,0.5916216216216217,0.63,0.5840000000000001,0.17600000000000005,0.36486486486486486,1.548864864864865,True,False,100.11668654134178
risk_resilient,open,42,J2_recoverability,fragile,resilient,36,4.051814596939163,True,0.63,0.8099459459459458,0.63,0.386,0.04999999999999993,0.0,0.756,False,True,51.120000000000005
risk_resilient,open,42,J3_joint,fragile,fragile,36,3.2058343270670893,True,0.39999999999999997,0.5916216216216217,0.63,0.5840000000000001,0.17600000000000005,0.36486486486486486,1.548864864864865,True,False,131.09398383863908
risk_resilient,open,43,J0_shortest,resilient,fragile,36,3.1645351473744276,True,0.39999999999999997,0.5916216216216217,0.63,0.5840000000000001,0.17600000000000005,0.36486486486486486,1.548864864864865,False,True,36.0
risk_resilient,open,43,J1_risk,resilient,fragile,36,3.1645351473744276,True,0.39999999999999997,0.5916216216216217,0.63,0.5840000000000001,0.17600000000000005,0.36486486486486486,1.548864864864865,False,True,99.29070294748855
risk_resilient,open,43,J2_recoverability,resilient,resilient,36,4.07070011304068,True,0.63,0.8099459459459458,0.63,0.386,0.04999999999999993,0.0,0.756,True,False,51.120000000000005
risk_resilient,open,43,J3_joint,resilient,fragile,36,3.1645351473744276,True,0.39999999999999997,0.5916216216216217,0.63,0.5840000000000001,0.17600000000000005,0.36486486486486486,1.548864864864865,False,True,130.26800024478587
risk_resilient,open,44,J0_shortest,fragile,fragile,36,3.2092532373507945,True,0.39999999999999997,0.5916216216216217,0.63,0.5840000000000001,0.17600000000000005,0.36486486486486486,1.548864864864865,True,False,36.0
risk_resilient,open,44,J1_risk,fragile,fragile,36,3.2092532373507945,True,0.39999999999999997,0.5916216216216217,0.63,0.5840000000000001,0.17600000000000005,0.36486486486486486,1.548864864864865,True,False,100.18506474701589
risk_resilient,open,44,J2_recoverability,fragile,resilient,36,4.103699801399199,True,0.63,0.8099459459459458,0.63,0.386,0.04999999999999993,0.0,0.756,False,True,51.120000000000005
risk_resilient,open,44,J3_joint,fragile,fragile,36,3.2092532373507945,True,0.39999999999999997,0.5916216216216217,0.63,0.5840000000000001,0.17600000000000005,0.36486486486486486,1.548864864864865,True,False,131.1623620443132
risk_resilient,open,45,J0_shortest,resilient,fragile,36,3.178418946033738,True,0.39999999999999997,0.5916216216216217,0.63,0.5840000000000001,0.17600000000000005,0.36486486486486486,1.548864864864865,False,True,36.0
risk_resilient,open,45,J1_risk,resilient,fragile,36,3.178418946033738,True,0.39999999999999997,0.5916216216216217,0.63,0.5840000000000001,0.17600000000000005,0.36486486486486486,1.548864864864865,False,True,99.56837892067476
risk_resilient,open,45,J2_recoverability,resilient,resilient,36,4.0946793342084975,True,0.63,0.8099459459459458,0.63,0.386,0.04999999999999993,0.0,0.756,True,False,51.120000000000005
risk_resilient,open,45,J3_joint,resilient,fragile,36,3.178418946033738,True,0.39999999999999997,0.5916216216216217,0.63,0.5840000000000001,0.17600000000000005,0.36486486486486486,1.548864864864865,False,True,130.54567621797207
risk_resilient,open,46,J0_shortest,none,fragile,36,3.1971821715036643,True,0.39999999999999997,0.5916216216216217,0.63,0.5840000000000001,0.17600000000000005,0.36486486486486486,1.548864864864865,False,True,36.0
risk_resilient,open,46,J1_risk,none,fragile,36,3.1971821715036643,True,0.39999999999999997,0.5916216216216217,0.63,0.5840000000000001,0.17600000000000005,0.36486486486486486,1.548864864864865,False,True,99.94364343007328
risk_resilient,open,46,J2_recoverability,none,resilient,36,4.080907466735543,True,0.63,0.8099459459459458,0.63,0.386,0.04999999999999993,0.0,0.756,False,True,51.120000000000005
risk_resilient,open,46,J3_joint,none,fragile,36,3.1971821715036643,True,0.39999999999999997,0.5916216216216217,0.63,0.5840000000000001,0.17600000000000005,0.36486486486486486,1.548864864864865,False,True,130.92094072737058
risk_resilient,open,47,J0_shortest,resilient,fragile,36,3.204451275921219,True,0.39999999999999997,0.5916216216216217,0.63,0.5840000000000001,0.17600000000000005,0.36486486486486486,1.548864864864865,False,True,36.0
risk_resilient,open,47,J1_risk,resilient,fragile,36,3.204451275921219,True,0.39999999999999997,0.5916216216216217,0.63,0.5840000000000001,0.17600000000000005,0.36486486486486486,1.548864864864865,False,True,100.08902551842438
risk_resilient,open,47,J2_recoverability,resilient,resilient,36,4.071970650366003,True,0.63,0.8099459459459458,0.63,0.386,0.04999999999999993,0.0,0.756,True,False,51.120000000000005
risk_resilient,open,47,J3_joint,resilient,fragile,36,3.204451275921219,True,0.39999999999999997,0.5916216216216217,0.63,0.5840000000000001,0.17600000000000005,0.36486486486486486,1.548864864864865,False,True,131.0663228157217
risk_resilient,open,48,J0_shortest,fragile,fragile,36,3.224258248890264,True,0.39999999999999997,0.5916216216216217,0.63,0.5840000000000001,0.17600000000000005,0.36486486486486486,1.548864864864865,True,False,36.0
risk_resilient,open,48,J1_risk,fragile,fragile,36,3.224258248890264,True,0.39999999999999997,0.5916216216216217,0.63,0.5840000000000001,0.17600000000000005,0.36486486486486486,1.548864864864865,True,False,100.48516497780528
risk_resilient,open,48,J2_recoverability,fragile,resilient,36,4.033708633707355,True,0.63,0.8099459459459458,0.63,0.386,0.04999999999999993,0.0,0.756,False,True,51.120000000000005
risk_resilient,open,48,J3_joint,fragile,fragile,36,3.224258248890264,True,0.39999999999999997,0.5916216216216217,0.63,0.5840000000000001,0.17600000000000005,0.36486486486486486,1.548864864864865,True,False,131.46246227510258
risk_resilient,open,49,J0_shortest,none,fragile,36,3.253768568599414,True,0.39999999999999997,0.5916216216216217,0.63,0.5840000000000001,0.17600000000000005,0.36486486486486486,1.548864864864865,False,True,36.0
risk_resilient,open,49,J1_risk,none,fragile,36,3.253768568599414,True,0.39999999999999997,0.5916216216216217,0.63,0.5840000000000001,0.17600000000000005,0.36486486486486486,1.548864864864865,False,True,101.07537137198828
risk_resilient,open,49,J2_recoverability,none,resilient,36,4.084925968187073,True,0.63,0.8099459459459458,0.63,0.386,0.04999999999999993,0.0,0.756,False,True,51.120000000000005
risk_resilient,open,49,J3_joint,none,fragile,36,3.253768568599414,True,0.39999999999999997,0.5916216216216217,0.63,0.5840000000000001,0.17600000000000005,0.36486486486486486,1.548864864864865,False,True,132.0526686692856
risk_resilient,open,50,J0_shortest,resilient,fragile,36,3.1452557206521234,True,0.39999999999999997,0.5916216216216217,0.63,0.5840000000000001,0.17600000000000005,0.36486486486486486,1.548864864864865,False,True,36.0
risk_resilient,open,50,J1_risk,resilient,fragile,36,3.1452557206521234,True,0.39999999999999997,0.5916216216216217,0.63,0.5840000000000001,0.17600000000000005,0.36486486486486486,1.548864864864865,False,True,98.90511441304247
risk_resilient,open,50,J2_recoverability,resilient,resilient,36,4.068808864015685,True,0.63,0.8099459459459458,0.63,0.386,0.04999999999999993,0.0,0.756,True,False,51.120000000000005
risk_resilient,open,50,J3_joint,resilient,fragile,36,3.1452557206521234,True,0.39999999999999997,0.5916216216216217,0.63,0.5840000000000001,0.17600000000000005,0.36486486486486486,1.548864864864865,False,True,129.88241171033977
risk_resilient,open,51,J0_shortest,resilient,fragile,36,3.1936469667750056,True,0.39999999999999997,0.5916216216216217,0.63,0.5840000000000001,0.17600000000000005,0.36486486486486486,1.548864864864865,False,True,36.0
risk_resilient,open,51,J1_risk,resilient,fragile,36,3.1936469667750056,True,0.39999999999999997,0.5916216216216217,0.63,0.5840000000000001,0.17600000000000005,0.36486486486486486,1.548864864864865,False,True,99.87293933550012
risk_resilient,open,51,J2_recoverability,resilient,resilient,36,4.075267643117196,True,0.63,0.8099459459459458,0.63,0.386,0.04999999999999993,0.0,0.756,True,False,51.120000000000005
risk_resilient,open,51,J3_joint,resilient,fragile,36,3.1936469667750056,True,0.39999999999999997,0.5916216216216217,0.63,0.5840000000000001,0.17600000000000005,0.36486486486486486,1.548864864864865,False,True,130.85023663279742
risk_resilient,open,52,J0_shortest,fragile,fragile,36,3.218377762824644,True,0.39999999999999997,0.5916216216216217,0.63,0.5840000000000001,0.17600000000000005,0.36486486486486486,1.548864864864865,True,False,36.0
risk_resilient,open,52,J1_risk,fragile,fragile,36,3.218377762824644,True,0.39999999999999997,0.5916216216216217,0.63,0.5840000000000001,0.17600000000000005,0.36486486486486486,1.548864864864865,True,False,100.36755525649288
risk_resilient,open,52,J2_recoverability,fragile,resilient,36,4.086469317633478,True,0.63,0.8099459459459458,0.63,0.386,0.04999999999999993,0.0,0.756,False,True,51.120000000000005
risk_resilient,open,52,J3_joint,fragile,fragile,36,3.218377762824644,True,0.39999999999999997,0.5916216216216217,0.63,0.5840000000000001,0.17600000000000005,0.36486486486486486,1.548864864864865,True,False,131.3448525537902
risk_resilient,open,53,J0_shortest,resilient,fragile,36,3.213474358622077,True,0.39999999999999997,0.5916216216216217,0.63,0.5840000000000001,0.17600000000000005,0.36486486486486486,1.548864864864865,False,True,36.0
risk_resilient,open,53,J1_risk,resilient,fragile,36,3.213474358622077,True,0.39999999999999997,0.5916216216216217,0.63,0.5840000000000001,0.17600000000000005,0.36486486486486486,1.548864864864865,False,True,100.26948717244154
risk_resilient,open,53,J2_recoverability,resilient,resilient,36,4.106007509345712,True,0.63,0.8099459459459458,0.63,0.386,0.04999999999999993,0.0,0.756,True,False,51.120000000000005
risk_resilient,open,53,J3_joint,resilient,fragile,36,3.213474358622077,True,0.39999999999999997,0.5916216216216217,0.63,0.5840000000000001,0.17600000000000005,0.36486486486486486,1.548864864864865,False,True,131.24678446973886
risk_resilient,open,54,J0_shortest,fragile,fragile,36,3.219863776873603,True,0.39999999999999997,0.5916216216216217,0.63,0.5840000000000001,0.17600000000000005,0.36486486486486486,1.548864864864865,True,False,36.0
risk_resilient,open,54,J1_risk,fragile,fragile,36,3.219863776873603,True,0.39999999999999997,0.5916216216216217,0.63,0.5840000000000001,0.17600000000000005,0.36486486486486486,1.548864864864865,True,False,100.39727553747205
risk_resilient,open,54,J2_recoverability,fragile,resilient,36,4.096607056171566,True,0.63,0.8099459459459458,0.63,0.386,0.04999999999999993,0.0,0.756,False,True,51.120000000000005
risk_resilient,open,54,J3_joint,fragile,fragile,36,3.219863776873603,True,0.39999999999999997,0.5916216216216217,0.63,0.5840000000000001,0.17600000000000005,0.36486486486486486,1.548864864864865,True,False,131.37457283476937
risk_resilient,open,55,J0_shortest,fragile,fragile,36,3.221607213833013,True,0.39999999999999997,0.5916216216216217,0.63,0.5840000000000001,0.17600000000000005,0.36486486486486486,1.548864864864865,True,False,36.0
risk_resilient,open,55,J1_risk,fragile,fragile,36,3.221607213833013,True,0.39999999999999997,0.5916216216216217,0.63,0.5840000000000001,0.17600000000000005,0.36486486486486486,1.548864864864865,True,False,100.43214427666027
risk_resilient,open,55,J2_recoverability,fragile,resilient,36,4.055951528677836,True,0.63,0.8099459459459458,0.63,0.386,0.04999999999999993,0.0,0.756,False,True,51.120000000000005
risk_resilient,open,55,J3_joint,fragile,fragile,36,3.221607213833013,True,0.39999999999999997,0.5916216216216217,0.63,0.5840000000000001,0.17600000000000005,0.36486486486486486,1.548864864864865,True,False,131.40944157395757
risk_resilient,open,56,J0_shortest,fragile,fragile,36,3.2430568628461076,True,0.39999999999999997,0.5916216216216217,0.63,0.5840000000000001,0.17600000000000005,0.36486486486486486,1.548864864864865,True,False,36.0
risk_resilient,open,56,J1_risk,fragile,fragile,36,3.2430568628461076,True,0.39999999999999997,0.5916216216216217,0.63,0.5840000000000001,0.17600000000000005,0.36486486486486486,1.548864864864865,True,False,100.86113725692215
risk_resilient,open,56,J2_recoverability,fragile,resilient,36,4.138705055221054,True,0.63,0.8099459459459458,0.63,0.386,0.04999999999999993,0.0,0.756,False,True,51.120000000000005
risk_resilient,open,56,J3_joint,fragile,fragile,36,3.2430568628461076,True,0.39999999999999997,0.5916216216216217,0.63,0.5840000000000001,0.17600000000000005,0.36486486486486486,1.548864864864865,True,False,131.83843455421945
risk_resilient,open,57,J0_shortest,fragile,fragile,36,3.207730875889609,True,0.39999999999999997,0.5916216216216217,0.63,0.5840000000000001,0.17600000000000005,0.36486486486486486,1.548864864864865,True,False,36.0
risk_resilient,open,57,J1_risk,fragile,fragile,36,3.207730875889609,True,0.39999999999999997,0.5916216216216217,0.63,0.5840000000000001,0.17600000000000005,0.36486486486486486,1.548864864864865,True,False,100.15461751779218
risk_resilient,open,57,J2_recoverability,fragile,resilient,36,4.089265737001329,True,0.63,0.8099459459459458,0.63,0.386,0.04999999999999993,0.0,0.756,False,True,51.120000000000005
risk_resilient,open,57,J3_joint,fragile,fragile,36,3.207730875889609,True,0.39999999999999997,0.5916216216216217,0.63,0.5840000000000001,0.17600000000000005,0.36486486486486486,1.548864864864865,True,False,131.1319148150895
risk_resilient,open,58,J0_shortest,resilient,fragile,36,3.1614969765818075,True,0.39999999999999997,0.5916216216216217,0.63,0.5840000000000001,0.17600000000000005,0.36486486486486486,1.548864864864865,False,True,36.0
risk_resilient,open,58,J1_risk,resilient,fragile,36,3.1614969765818075,True,0.39999999999999997,0.5916216216216217,0.63,0.5840000000000001,0.17600000000000005,0.36486486486486486,1.548864864864865,False,True,99.22993953163615
risk_resilient,open,58,J2_recoverability,resilient,resilient,36,4.046042872309825,True,0.63,0.8099459459459458,0.63,0.386,0.04999999999999993,0.0,0.756,True,False,51.120000000000005
risk_resilient,open,58,J3_joint,resilient,fragile,36,3.1614969765818075,True,0.39999999999999997,0.5916216216216217,0.63,0.5840000000000001,0.17600000000000005,0.36486486486486486,1.548864864864865,False,True,130.20723682893345
risk_resilient,open,59,J0_shortest,fragile,fragile,36,3.218891755537154,True,0.39999999999999997,0.5916216216216217,0.63,0.5840000000000001,0.17600000000000005,0.36486486486486486,1.548864864864865,True,False,36.0
risk_resilient,open,59,J1_risk,fragile,fragile,36,3.218891755537154,True,0.39999999999999997,0.5916216216216217,0.63,0.5840000000000001,0.17600000000000005,0.36486486486486486,1.548864864864865,True,False,100.37783511074308
risk_resilient,open,59,J2_recoverability,fragile,resilient,36,4.051741756485852,True,0.63,0.8099459459459458,0.63,0.386,0.04999999999999993,0.0,0.756,False,True,51.120000000000005
risk_resilient,open,59,J3_joint,fragile,fragile,36,3.218891755537154,True,0.39999999999999997,0.5916216216216217,0.63,0.5840000000000001,0.17600000000000005,0.36486486486486486,1.548864864864865,True,False,131.3551324080404
risk_resilient,open,60,J0_shortest,none,fragile,36,3.2346578517683597,True,0.39999999999999997,0.5916216216216217,0.63,0.5840000000000001,0.17600000000000005,0.36486486486486486,1.548864864864865,False,True,36.0
risk_resilient,open,60,J1_risk,none,fragile,36,3.2346578517683597,True,0.39999999999999997,0.5916216216216217,0.63,0.5840000000000001,0.17600000000000005,0.36486486486486486,1.548864864864865,False,True,100.6931570353672
risk_resilient,open,60,J2_recoverability,none,resilient,36,4.080821936320019,True,0.63,0.8099459459459458,0.63,0.386,0.04999999999999993,0.0,0.756,False,True,51.120000000000005
risk_resilient,open,60,J3_joint,none,fragile,36,3.2346578517683597,True,0.39999999999999997,0.5916216216216217,0.63,0.5840000000000001,0.17600000000000005,0.36486486486486486,1.548864864864865,False,True,131.6704543326645
risk_resilient,open,61,J0_shortest,resilient,fragile,36,3.1935501868734195,True,0.39999999999999997,0.5916216216216217,0.63,0.5840000000000001,0.17600000000000005,0.36486486486486486,1.548864864864865,False,True,36.0
risk_resilient,open,61,J1_risk,resilient,fragile,36,3.1935501868734195,True,0.39999999999999997,0.5916216216216217,0.63,0.5840000000000001,0.17600000000000005,0.36486486486486486,1.548864864864865,False,True,99.87100373746838
risk_resilient,open,61,J2_recoverability,resilient,resilient,36,4.063908152718436,True,0.63,0.8099459459459458,0.63,0.386,0.04999999999999993,0.0,0.756,True,False,51.120000000000005
risk_resilient,open,61,J3_joint,resilient,fragile,36,3.1935501868734195,True,0.39999999999999997,0.5916216216216217,0.63,0.5840000000000001,0.17600000000000005,0.36486486486486486,1.548864864864865,False,True,130.84830103476568
risk_resilient,open,62,J0_shortest,fragile,fragile,36,3.17689838183299,True,0.39999999999999997,0.5916216216216217,0.63,0.5840000000000001,0.17600000000000005,0.36486486486486486,1.548864864864865,True,False,36.0
risk_resilient,open,62,J1_risk,fragile,fragile,36,3.17689838183299,True,0.39999999999999997,0.5916216216216217,0.63,0.5840000000000001,0.17600000000000005,0.36486486486486486,1.548864864864865,True,False,99.5379676366598
risk_resilient,open,62,J2_recoverability,fragile,resilient,36,4.096600897566906,True,0.63,0.8099459459459458,0.63,0.386,0.04999999999999993,0.0,0.756,False,True,51.120000000000005
risk_resilient,open,62,J3_joint,fragile,fragile,36,3.17689838183299,True,0.39999999999999997,0.5916216216216217,0.63,0.5840000000000001,0.17600000000000005,0.36486486486486486,1.548864864864865,True,False,130.5152649339571
risk_resilient,open,63,J0_shortest,fragile,fragile,36,3.262966369378269,True,0.39999999999999997,0.5916216216216217,0.63,0.5840000000000001,0.17600000000000005,0.36486486486486486,1.548864864864865,True,False,36.0
risk_resilient,open,63,J1_risk,fragile,fragile,36,3.262966369378269,True,0.39999999999999997,0.5916216216216217,0.63,0.5840000000000001,0.17600000000000005,0.36486486486486486,1.548864864864865,True,False,101.25932738756538
risk_resilient,open,63,J2_recoverability,fragile,resilient,36,4.084629071497067,True,0.63,0.8099459459459458,0.63,0.386,0.04999999999999993,0.0,0.756,False,True,51.120000000000005
risk_resilient,open,63,J3_joint,fragile,fragile,36,3.262966369378269,True,0.39999999999999997,0.5916216216216217,0.63,0.5840000000000001,0.17600000000000005,0.36486486486486486,1.548864864864865,True,False,132.23662468486268
risk_resilient,open,64,J0_shortest,none,fragile,36,3.2160832146483807,True,0.39999999999999997,0.5916216216216217,0.63,0.5840000000000001,0.17600000000000005,0.36486486486486486,1.548864864864865,False,True,36.0
risk_resilient,open,64,J1_risk,none,fragile,36,3.2160832146483807,True,0.39999999999999997,0.5916216216216217,0.63,0.5840000000000001,0.17600000000000005,0.36486486486486486,1.548864864864865,False,True,100.32166429296761
risk_resilient,open,64,J2_recoverability,none,resilient,36,4.074362722006107,True,0.63,0.8099459459459458,0.63,0.386,0.04999999999999993,0.0,0.756,False,True,51.120000000000005
risk_resilient,open,64,J3_joint,none,fragile,36,3.2160832146483807,True,0.39999999999999997,0.5916216216216217,0.63,0.5840000000000001,0.17600000000000005,0.36486486486486486,1.548864864864865,False,True,131.29896159026492
risk_resilient,open,65,J0_shortest,fragile,fragile,36,3.2191706971865224,True,0.39999999999999997,0.5916216216216217,0.63,0.5840000000000001,0.17600000000000005,0.36486486486486486,1.548864864864865,True,False,36.0
risk_resilient,open,65,J1_risk,fragile,fragile,36,3.2191706971865224,True,0.39999999999999997,0.5916216216216217,0.63,0.5840000000000001,0.17600000000000005,0.36486486486486486,1.548864864864865,True,False,100.38341394373045
risk_resilient,open,65,J2_recoverability,fragile,resilient,36,4.108462067540359,True,0.63,0.8099459459459458,0.63,0.386,0.04999999999999993,0.0,0.756,False,True,51.120000000000005
risk_resilient,open,65,J3_joint,fragile,fragile,36,3.2191706971865224,True,0.39999999999999997,0.5916216216216217,0.63,0.5840000000000001,0.17600000000000005,0.36486486486486486,1.548864864864865,True,False,131.36071124102776
risk_resilient,open,66,J0_shortest,fragile,fragile,36,3.2011345169898604,True,0.39999999999999997,0.5916216216216217,0.63,0.5840000000000001,0.17600000000000005,0.36486486486486486,1.548864864864865,True,False,36.0
risk_resilient,open,66,J1_risk,fragile,fragile,36,3.2011345169898604,True,0.39999999999999997,0.5916216216216217,0.63,0.5840000000000001,0.17600000000000005,0.36486486486486486,1.548864864864865,True,False,100.02269033979721
risk_resilient,open,66,J2_recoverability,fragile,resilient,36,4.099105153912539,True,0.63,0.8099459459459458,0.63,0.386,0.04999999999999993,0.0,0.756,False,True,51.120000000000005
risk_resilient,open,66,J3_joint,fragile,fragile,36,3.2011345169898604,True,0.39999999999999997,0.5916216216216217,0.63,0.5840000000000001,0.17600000000000005,0.36486486486486486,1.548864864864865,True,False,130.9999876370945
risk_resilient,open,67,J0_shortest,resilient,fragile,36,3.193589227349267,True,0.39999999999999997,0.5916216216216217,0.63,0.5840000000000001,0.17600000000000005,0.36486486486486486,1.548864864864865,False,True,36.0
risk_resilient,open,67,J1_risk,resilient,fragile,36,3.193589227349267,True,0.39999999999999997,0.5916216216216217,0.63,0.5840000000000001,0.17600000000000005,0.36486486486486486,1.548864864864865,False,True,99.87178454698534
risk_resilient,open,67,J2_recoverability,resilient,resilient,36,4.054133235951425,True,0.63,0.8099459459459458,0.63,0.386,0.04999999999999993,0.0,0.756,True,False,51.120000000000005
risk_resilient,open,67,J3_joint,resilient,fragile,36,3.193589227349267,True,0.39999999999999997,0.5916216216216217,0.63,0.5840000000000001,0.17600000000000005,0.36486486486486486,1.548864864864865,False,True,130.84908184428264
risk_resilient,open,68,J0_shortest,resilient,fragile,36,3.22931466444179,True,0.39999999999999997,0.5916216216216217,0.63,0.5840000000000001,0.17600000000000005,0.36486486486486486,1.548864864864865,False,True,36.0
risk_resilient,open,68,J1_risk,resilient,fragile,36,3.22931466444179,True,0.39999999999999997,0.5916216216216217,0.63,0.5840000000000001,0.17600000000000005,0.36486486486486486,1.548864864864865,False,True,100.5862932888358
risk_resilient,open,68,J2_recoverability,resilient,resilient,36,4.081360448047624,True,0.63,0.8099459459459458,0.63,0.386,0.04999999999999993,0.0,0.756,True,False,51.120000000000005
risk_resilient,open,68,J3_joint,resilient,fragile,36,3.22931466444179,True,0.39999999999999997,0.5916216216216217,0.63,0.5840000000000001,0.17600000000000005,0.36486486486486486,1.548864864864865,False,True,131.5635905861331
risk_resilient,open,69,J0_shortest,none,fragile,36,3.2376963999207,True,0.39999999999999997,0.5916216216216217,0.63,0.5840000000000001,0.17600000000000005,0.36486486486486486,1.548864864864865,False,True,36.0
risk_resilient,open,69,J1_risk,none,fragile,36,3.2376963999207,True,0.39999999999999997,0.5916216216216217,0.63,0.5840000000000001,0.17600000000000005,0.36486486486486486,1.548864864864865,False,True,100.753927998414
risk_resilient,open,69,J2_recoverability,none,resilient,36,4.0569350954232375,True,0.63,0.8099459459459458,0.63,0.386,0.04999999999999993,0.0,0.756,False,True,51.120000000000005
risk_resilient,open,69,J3_joint,none,fragile,36,3.2376963999207,True,0.39999999999999997,0.5916216216216217,0.63,0.5840000000000001,0.17600000000000005,0.36486486486486486,1.548864864864865,False,True,131.7312252957113
risk_resilient,open,70,J0_shortest,fragile,fragile,36,3.2301572695494136,True,0.39999999999999997,0.5916216216216217,0.63,0.5840000000000001,0.17600000000000005,0.36486486486486486,1.548864864864865,True,False,36.0
risk_resilient,open,70,J1_risk,fragile,fragile,36,3.2301572695494136,True,0.39999999999999997,0.5916216216216217,0.63,0.5840000000000001,0.17600000000000005,0.36486486486486486,1.548864864864865,True,False,100.60314539098827
risk_resilient,open,70,J2_recoverability,fragile,resilient,36,4.089545096547678,True,0.63,0.8099459459459458,0.63,0.386,0.04999999999999993,0.0,0.756,False,True,51.120000000000005
risk_resilient,open,70,J3_joint,fragile,fragile,36,3.2301572695494136,True,0.39999999999999997,0.5916216216216217,0.63,0.5840000000000001,0.17600000000000005,0.36486486486486486,1.548864864864865,True,False,131.5804426882856
risk_resilient,open,71,J0_shortest,fragile,fragile,36,3.197656296192934,True,0.39999999999999997,0.5916216216216217,0.63,0.5840000000000001,0.17600000000000005,0.36486486486486486,1.548864864864865,True,False,36.0
risk_resilient,open,71,J1_risk,fragile,fragile,36,3.197656296192934,True,0.39999999999999997,0.5916216216216217,0.63,0.5840000000000001,0.17600000000000005,0.36486486486486486,1.548864864864865,True,False,99.95312592385868
risk_resilient,open,71,J2_recoverability,fragile,resilient,36,4.029003896407674,True,0.63,0.8099459459459458,0.63,0.386,0.04999999999999993,0.0,0.756,False,True,51.120000000000005
risk_resilient,open,71,J3_joint,fragile,fragile,36,3.197656296192934,True,0.39999999999999997,0.5916216216216217,0.63,0.5840000000000001,0.17600000000000005,0.36486486486486486,1.548864864864865,True,False,130.930423221156
risk_resilient,open,72,J0_shortest,fragile,fragile,36,3.2021819770209663,True,0.39999999999999997,0.5916216216216217,0.63,0.5840000000000001,0.17600000000000005,0.36486486486486486,1.548864864864865,True,False,36.0
risk_resilient,open,72,J1_risk,fragile,fragile,36,3.2021819770209663,True,0.39999999999999997,0.5916216216216217,0.63,0.5840000000000001,0.17600000000000005,0.36486486486486486,1.548864864864865,True,False,100.04363954041932
risk_resilient,open,72,J2_recoverability,fragile,resilient,36,4.090146177073441,True,0.63,0.8099459459459458,0.63,0.386,0.04999999999999993,0.0,0.756,False,True,51.120000000000005
risk_resilient,open,72,J3_joint,fragile,fragile,36,3.2021819770209663,True,0.39999999999999997,0.5916216216216217,0.63,0.5840000000000001,0.17600000000000005,0.36486486486486486,1.548864864864865,True,False,131.02093683771662
risk_resilient,open,73,J0_shortest,fragile,fragile,36,3.183027881512941,True,0.39999999999999997,0.5916216216216217,0.63,0.5840000000000001,0.17600000000000005,0.36486486486486486,1.548864864864865,True,False,36.0
risk_resilient,open,73,J1_risk,fragile,fragile,36,3.183027881512941,True,0.39999999999999997,0.5916216216216217,0.63,0.5840000000000001,0.17600000000000005,0.36486486486486486,1.548864864864865,True,False,99.66055763025882
risk_resilient,open,73,J2_recoverability,fragile,resilient,36,4.014415665849891,True,0.63,0.8099459459459458,0.63,0.386,0.04999999999999993,0.0,0.756,False,True,51.120000000000005
risk_resilient,open,73,J3_joint,fragile,fragile,36,3.183027881512941,True,0.39999999999999997,0.5916216216216217,0.63,0.5840000000000001,0.17600000000000005,0.36486486486486486,1.548864864864865,True,False,130.63785492755613
risk_resilient,open,74,J0_shortest,none,fragile,36,3.213664672529321,True,0.39999999999999997,0.5916216216216217,0.63,0.5840000000000001,0.17600000000000005,0.36486486486486486,1.548864864864865,False,True,36.0
risk_resilient,open,74,J1_risk,none,fragile,36,3.213664672529321,True,0.39999999999999997,0.5916216216216217,0.63,0.5840000000000001,0.17600000000000005,0.36486486486486486,1.548864864864865,False,True,100.27329345058642
risk_resilient,open,74,J2_recoverability,none,resilient,36,4.101010489229084,True,0.63,0.8099459459459458,0.63,0.386,0.04999999999999993,0.0,0.756,False,True,51.120000000000005
risk_resilient,open,74,J3_joint,none,fragile,36,3.213664672529321,True,0.39999999999999997,0.5916216216216217,0.63,0.5840000000000001,0.17600000000000005,0.36486486486486486,1.548864864864865,False,True,131.25059074788373
risk_resilient,open,75,J0_shortest,resilient,fragile,36,3.2182525126523545,True,0.39999999999999997,0.5916216216216217,0.63,0.5840000000000001,0.17600000000000005,0.36486486486486486,1.548864864864865,False,True,36.0
risk_resilient,open,75,J1_risk,resilient,fragile,36,3.2182525126523545,True,0.39999999999999997,0.5916216216216217,0.63,0.5840000000000001,0.17600000000000005,0.36486486486486486,1.548864864864865,False,True,100.36505025304709
risk_resilient,open,75,J2_recoverability,resilient,resilient,36,4.0613027158702595,True,0.63,0.8099459459459458,0.63,0.386,0.04999999999999993,0.0,0.756,True,False,51.120000000000005
risk_resilient,open,75,J3_joint,resilient,fragile,36,3.2182525126523545,True,0.39999999999999997,0.5916216216216217,0.63,0.5840000000000001,0.17600000000000005,0.36486486486486486,1.548864864864865,False,True,131.34234755034439
risk_resilient,open,76,J0_shortest,none,fragile,36,3.2362721885084893,True,0.39999999999999997,0.5916216216216217,0.63,0.5840000000000001,0.17600000000000005,0.36486486486486486,1.548864864864865,False,True,36.0
risk_resilient,open,76,J1_risk,none,fragile,36,3.2362721885084893,True,0.39999999999999997,0.5916216216216217,0.63,0.5840000000000001,0.17600000000000005,0.36486486486486486,1.548864864864865,False,True,100.72544377016979
risk_resilient,open,76,J2_recoverability,none,resilient,36,4.091915255324745,True,0.63,0.8099459459459458,0.63,0.386,0.04999999999999993,0.0,0.756,False,True,51.120000000000005
risk_resilient,open,76,J3_joint,none,fragile,36,3.2362721885084893,True,0.39999999999999997,0.5916216216216217,0.63,0.5840000000000001,0.17600000000000005,0.36486486486486486,1.548864864864865,False,True,131.7027410674671
risk_resilient,open,77,J0_shortest,fragile,fragile,36,3.150910675228281,True,0.39999999999999997,0.5916216216216217,0.63,0.5840000000000001,0.17600000000000005,0.36486486486486486,1.548864864864865,True,False,36.0
risk_resilient,open,77,J1_risk,fragile,fragile,36,3.150910675228281,True,0.39999999999999997,0.5916216216216217,0.63,0.5840000000000001,0.17600000000000005,0.36486486486486486,1.548864864864865,True,False,99.01821350456562
risk_resilient,open,77,J2_recoverability,fragile,resilient,36,4.06239538359268,True,0.63,0.8099459459459458,0.63,0.386,0.04999999999999993,0.0,0.756,False,True,51.120000000000005
risk_resilient,open,77,J3_joint,fragile,fragile,36,3.150910675228281,True,0.39999999999999997,0.5916216216216217,0.63,0.5840000000000001,0.17600000000000005,0.36486486486486486,1.548864864864865,True,False,129.99551080186293
risk_resilient,open,78,J0_shortest,none,fragile,36,3.2736418369273825,True,0.39999999999999997,0.5916216216216217,0.63,0.5840000000000001,0.17600000000000005,0.36486486486486486,1.548864864864865,False,True,36.0
risk_resilient,open,78,J1_risk,none,fragile,36,3.2736418369273825,True,0.39999999999999997,0.5916216216216217,0.63,0.5840000000000001,0.17600000000000005,0.36486486486486486,1.548864864864865,False,True,101.47283673854766
risk_resilient,open,78,J2_recoverability,none,resilient,36,4.102056514660135,True,0.63,0.8099459459459458,0.63,0.386,0.04999999999999993,0.0,0.756,False,True,51.120000000000005
risk_resilient,open,78,J3_joint,none,fragile,36,3.2736418369273825,True,0.39999999999999997,0.5916216216216217,0.63,0.5840000000000001,0.17600000000000005,0.36486486486486486,1.548864864864865,False,True,132.45013403584497
risk_resilient,open,79,J0_shortest,resilient,fragile,36,3.2186601212871104,True,0.39999999999999997,0.5916216216216217,0.63,0.5840000000000001,0.17600000000000005,0.36486486486486486,1.548864864864865,False,True,36.0
risk_resilient,open,79,J1_risk,resilient,fragile,36,3.2186601212871104,True,0.39999999999999997,0.5916216216216217,0.63,0.5840000000000001,0.17600000000000005,0.36486486486486486,1.548864864864865,False,True,100.3732024257422
risk_resilient,open,79,J2_recoverability,resilient,resilient,36,4.1500506202614,True,0.63,0.8099459459459458,0.63,0.386,0.04999999999999993,0.0,0.756,True,False,51.120000000000005
risk_resilient,open,79,J3_joint,resilient,fragile,36,3.2186601212871104,True,0.39999999999999997,0.5916216216216217,0.63,0.5840000000000001,0.17600000000000005,0.36486486486486486,1.548864864864865,False,True,131.35049972303952
risk_resilient,open,80,J0_shortest,resilient,fragile,36,3.208112509444026,True,0.39999999999999997,0.5916216216216217,0.63,0.5840000000000001,0.17600000000000005,0.36486486486486486,1.548864864864865,False,True,36.0
risk_resilient,open,80,J1_risk,resilient,fragile,36,3.208112509444026,True,0.39999999999999997,0.5916216216216217,0.63,0.5840000000000001,0.17600000000000005,0.36486486486486486,1.548864864864865,False,True,100.16225018888052
risk_resilient,open,80,J2_recoverability,resilient,resilient,36,4.084759654421286,True,0.63,0.8099459459459458,0.63,0.386,0.04999999999999993,0.0,0.756,True,False,51.120000000000005
risk_resilient,open,80,J3_joint,resilient,fragile,36,3.208112509444026,True,0.39999999999999997,0.5916216216216217,0.63,0.5840000000000001,0.17600000000000005,0.36486486486486486,1.548864864864865,False,True,131.13954748617783
risk_resilient,open,81,J0_shortest,resilient,fragile,36,3.211739281085139,True,0.39999999999999997,0.5916216216216217,0.63,0.5840000000000001,0.17600000000000005,0.36486486486486486,1.548864864864865,False,True,36.0
risk_resilient,open,81,J1_risk,resilient,fragile,36,3.211739281085139,True,0.39999999999999997,0.5916216216216217,0.63,0.5840000000000001,0.17600000000000005,0.36486486486486486,1.548864864864865,False,True,100.23478562170277
risk_resilient,open,81,J2_recoverability,resilient,resilient,36,4.07245146499519,True,0.63,0.8099459459459458,0.63,0.386,0.04999999999999993,0.0,0.756,True,False,51.120000000000005
risk_resilient,open,81,J3_joint,resilient,fragile,36,3.211739281085139,True,0.39999999999999997,0.5916216216216217,0.63,0.5840000000000001,0.17600000000000005,0.36486486486486486,1.548864864864865,False,True,131.21208291900007
risk_resilient,open,82,J0_shortest,fragile,fragile,36,3.1825280132049305,True,0.39999999999999997,0.5916216216216217,0.63,0.5840000000000001,0.17600000000000005,0.36486486486486486,1.548864864864865,True,False,36.0
risk_resilient,open,82,J1_risk,fragile,fragile,36,3.1825280132049305,True,0.39999999999999997,0.5916216216216217,0.63,0.5840000000000001,0.17600000000000005,0.36486486486486486,1.548864864864865,True,False,99.6505602640986
risk_resilient,open,82,J2_recoverability,fragile,resilient,36,4.093058457509771,True,0.63,0.8099459459459458,0.63,0.386,0.04999999999999993,0.0,0.756,False,True,51.120000000000005
risk_resilient,open,82,J3_joint,fragile,fragile,36,3.1825280132049305,True,0.39999999999999997,0.5916216216216217,0.63,0.5840000000000001,0.17600000000000005,0.36486486486486486,1.548864864864865,True,False,130.6278575613959
risk_resilient,open,83,J0_shortest,fragile,fragile,36,3.206846862614702,True,0.39999999999999997,0.5916216216216217,0.63,0.5840000000000001,0.17600000000000005,0.36486486486486486,1.548864864864865,True,False,36.0
risk_resilient,open,83,J1_risk,fragile,fragile,36,3.206846862614702,True,0.39999999999999997,0.5916216216216217,0.63,0.5840000000000001,0.17600000000000005,0.36486486486486486,1.548864864864865,True,False,100.13693725229405
risk_resilient,open,83,J2_recoverability,fragile,resilient,36,4.035177495049431,True,0.63,0.8099459459459458,0.63,0.386,0.04999999999999993,0.0,0.756,False,True,51.120000000000005
risk_resilient,open,83,J3_joint,fragile,fragile,36,3.206846862614702,True,0.39999999999999997,0.5916216216216217,0.63,0.5840000000000001,0.17600000000000005,0.36486486486486486,1.548864864864865,True,False,131.11423454959134
risk_resilient,open,84,J0_shortest,resilient,fragile,36,3.1845449568068136,True,0.39999999999999997,0.5916216216216217,0.63,0.5840000000000001,0.17600000000000005,0.36486486486486486,1.548864864864865,False,True,36.0
risk_resilient,open,84,J1_risk,resilient,fragile,36,3.1845449568068136,True,0.39999999999999997,0.5916216216216217,0.63,0.5840000000000001,0.17600000000000005,0.36486486486486486,1.548864864864865,False,True,99.69089913613627
risk_resilient,open,84,J2_recoverability,resilient,resilient,36,4.073780653666004,True,0.63,0.8099459459459458,0.63,0.386,0.04999999999999993,0.0,0.756,True,False,51.120000000000005
risk_resilient,open,84,J3_joint,resilient,fragile,36,3.1845449568068136,True,0.39999999999999997,0.5916216216216217,0.63,0.5840000000000001,0.17600000000000005,0.36486486486486486,1.548864864864865,False,True,130.66819643343356
risk_resilient,open,85,J0_shortest,fragile,fragile,36,3.18936733240473,True,0.39999999999999997,0.5916216216216217,0.63,0.5840000000000001,0.17600000000000005,0.36486486486486486,1.548864864864865,True,False,36.0
risk_resilient,open,85,J1_risk,fragile,fragile,36,3.18936733240473,True,0.39999999999999997,0.5916216216216217,0.63,0.5840000000000001,0.17600000000000005,0.36486486486486486,1.548864864864865,True,False,99.7873466480946
risk_resilient,open,85,J2_recoverability,fragile,resilient,36,4.131580889292932,True,0.63,0.8099459459459458,0.63,0.386,0.04999999999999993,0.0,0.756,False,True,51.120000000000005
risk_resilient,open,85,J3_joint,fragile,fragile,36,3.18936733240473,True,0.39999999999999997,0.5916216216216217,0.63,0.5840000000000001,0.17600000000000005,0.36486486486486486,1.548864864864865,True,False,130.7646439453919
risk_resilient,open,86,J0_shortest,fragile,fragile,36,3.222084160724129,True,0.39999999999999997,0.5916216216216217,0.63,0.5840000000000001,0.17600000000000005,0.36486486486486486,1.548864864864865,True,False,36.0
risk_resilient,open,86,J1_risk,fragile,fragile,36,3.222084160724129,True,0.39999999999999997,0.5916216216216217,0.63,0.5840000000000001,0.17600000000000005,0.36486486486486486,1.548864864864865,True,False,100.44168321448258
risk_resilient,open,86,J2_recoverability,fragile,resilient,36,4.067088024378357,True,0.63,0.8099459459459458,0.63,0.386,0.04999999999999993,0.0,0.756,False,True,51.120000000000005
risk_resilient,open,86,J3_joint,fragile,fragile,36,3.222084160724129,True,0.39999999999999997,0.5916216216216217,0.63,0.5840000000000001,0.17600000000000005,0.36486486486486486,1.548864864864865,True,False,131.4189805117799
risk_resilient,open,87,J0_shortest,resilient,fragile,36,3.188982448811478,True,0.39999999999999997,0.5916216216216217,0.63,0.5840000000000001,0.17600000000000005,0.36486486486486486,1.548864864864865,False,True,36.0
risk_resilient,open,87,J1_risk,resilient,fragile,36,3.188982448811478,True,0.39999999999999997,0.5916216216216217,0.63,0.5840000000000001,0.17600000000000005,0.36486486486486486,1.548864864864865,False,True,99.77964897622957
risk_resilient,open,87,J2_recoverability,resilient,resilient,36,4.053791772157599,True,0.63,0.8099459459459458,0.63,0.386,0.04999999999999993,0.0,0.756,True,False,51.120000000000005
risk_resilient,open,87,J3_joint,resilient,fragile,36,3.188982448811478,True,0.39999999999999997,0.5916216216216217,0.63,0.5840000000000001,0.17600000000000005,0.36486486486486486,1.548864864864865,False,True,130.75694627352686
risk_resilient,open,88,J0_shortest,fragile,fragile,36,3.211671300433001,True,0.39999999999999997,0.5916216216216217,0.63,0.5840000000000001,0.17600000000000005,0.36486486486486486,1.548864864864865,True,False,36.0
risk_resilient,open,88,J1_risk,fragile,fragile,36,3.211671300433001,True,0.39999999999999997,0.5916216216216217,0.63,0.5840000000000001,0.17600000000000005,0.36486486486486486,1.548864864864865,True,False,100.23342600866002
risk_resilient,open,88,J2_recoverability,fragile,resilient,36,4.0666957314270515,True,0.63,0.8099459459459458,0.63,0.386,0.04999999999999993,0.0,0.756,False,True,51.120000000000005
risk_resilient,open,88,J3_joint,fragile,fragile,36,3.211671300433001,True,0.39999999999999997,0.5916216216216217,0.63,0.5840000000000001,0.17600000000000005,0.36486486486486486,1.548864864864865,True,False,131.21072330595732
risk_resilient,open,89,J0_shortest,resilient,fragile,36,3.2085600717410316,True,0.39999999999999997,0.5916216216216217,0.63,0.5840000000000001,0.17600000000000005,0.36486486486486486,1.548864864864865,False,True,36.0
risk_resilient,open,89,J1_risk,resilient,fragile,36,3.2085600717410316,True,0.39999999999999997,0.5916216216216217,0.63,0.5840000000000001,0.17600000000000005,0.36486486486486486,1.548864864864865,False,True,100.17120143482063
risk_resilient,open,89,J2_recoverability,resilient,resilient,36,4.083731753599111,True,0.63,0.8099459459459458,0.63,0.386,0.04999999999999993,0.0,0.756,True,False,51.120000000000005
risk_resilient,open,89,J3_joint,resilient,fragile,36,3.2085600717410316,True,0.39999999999999997,0.5916216216216217,0.63,0.5840000000000001,0.17600000000000005,0.36486486486486486,1.548864864864865,False,True,131.14849873211793
risk_resilient,open,90,J0_shortest,none,fragile,36,3.18067585486304,True,0.39999999999999997,0.5916216216216217,0.63,0.5840000000000001,0.17600000000000005,0.36486486486486486,1.548864864864865,False,True,36.0
risk_resilient,open,90,J1_risk,none,fragile,36,3.18067585486304,True,0.39999999999999997,0.5916216216216217,0.63,0.5840000000000001,0.17600000000000005,0.36486486486486486,1.548864864864865,False,True,99.6135170972608
risk_resilient,open,90,J2_recoverability,none,resilient,36,4.03288397626136,True,0.63,0.8099459459459458,0.63,0.386,0.04999999999999993,0.0,0.756,False,True,51.120000000000005
risk_resilient,open,90,J3_joint,none,fragile,36,3.18067585486304,True,0.39999999999999997,0.5916216216216217,0.63,0.5840000000000001,0.17600000000000005,0.36486486486486486,1.548864864864865,False,True,130.5908143945581
risk_resilient,open,91,J0_shortest,resilient,fragile,36,3.2287260357791823,True,0.39999999999999997,0.5916216216216217,0.63,0.5840000000000001,0.17600000000000005,0.36486486486486486,1.548864864864865,False,True,36.0
risk_resilient,open,91,J1_risk,resilient,fragile,36,3.2287260357791823,True,0.39999999999999997,0.5916216216216217,0.63,0.5840000000000001,0.17600000000000005,0.36486486486486486,1.548864864864865,False,True,100.57452071558365
risk_resilient,open,91,J2_recoverability,resilient,resilient,36,4.100843810932288,True,0.63,0.8099459459459458,0.63,0.386,0.04999999999999993,0.0,0.756,True,False,51.120000000000005
risk_resilient,open,91,J3_joint,resilient,fragile,36,3.2287260357791823,True,0.39999999999999997,0.5916216216216217,0.63,0.5840000000000001,0.17600000000000005,0.36486486486486486,1.548864864864865,False,True,131.55181801288094
risk_resilient,open,92,J0_shortest,fragile,fragile,36,3.165003656977493,True,0.39999999999999997,0.5916216216216217,0.63,0.5840000000000001,0.17600000000000005,0.36486486486486486,1.548864864864865,True,False,36.0
risk_resilient,open,92,J1_risk,fragile,fragile,36,3.165003656977493,True,0.39999999999999997,0.5916216216216217,0.63,0.5840000000000001,0.17600000000000005,0.36486486486486486,1.548864864864865,True,False,99.30007313954985
risk_resilient,open,92,J2_recoverability,fragile,resilient,36,4.049466184583833,True,0.63,0.8099459459459458,0.63,0.386,0.04999999999999993,0.0,0.756,False,True,51.120000000000005
risk_resilient,open,92,J3_joint,fragile,fragile,36,3.165003656977493,True,0.39999999999999997,0.5916216216216217,0.63,0.5840000000000001,0.17600000000000005,0.36486486486486486,1.548864864864865,True,False,130.27737043684715
risk_resilient,open,93,J0_shortest,none,fragile,36,3.2145754492647045,True,0.39999999999999997,0.5916216216216217,0.63,0.5840000000000001,0.17600000000000005,0.36486486486486486,1.548864864864865,False,True,36.0
risk_resilient,open,93,J1_risk,none,fragile,36,3.2145754492647045,True,0.39999999999999997,0.5916216216216217,0.63,0.5840000000000001,0.17600000000000005,0.36486486486486486,1.548864864864865,False,True,100.29150898529409
risk_resilient,open,93,J2_recoverability,none,resilient,36,4.09816432691843,True,0.63,0.8099459459459458,0.63,0.386,0.04999999999999993,0.0,0.756,False,True,51.120000000000005
risk_resilient,open,93,J3_joint,none,fragile,36,3.2145754492647045,True,0.39999999999999997,0.5916216216216217,0.63,0.5840000000000001,0.17600000000000005,0.36486486486486486,1.548864864864865,False,True,131.26880628259138
risk_resilient,open,94,J0_shortest,fragile,fragile,36,3.1698679235052065,True,0.39999999999999997,0.5916216216216217,0.63,0.5840000000000001,0.17600000000000005,0.36486486486486486,1.548864864864865,True,False,36.0
risk_resilient,open,94,J1_risk,fragile,fragile,36,3.1698679235052065,True,0.39999999999999997,0.5916216216216217,0.63,0.5840000000000001,0.17600000000000005,0.36486486486486486,1.548864864864865,True,False,99.39735847010414
risk_resilient,open,94,J2_recoverability,fragile,resilient,36,4.086773203627426,True,0.63,0.8099459459459458,0.63,0.386,0.04999999999999993,0.0,0.756,False,True,51.120000000000005
risk_resilient,open,94,J3_joint,fragile,fragile,36,3.1698679235052065,True,0.39999999999999997,0.5916216216216217,0.63,0.5840000000000001,0.17600000000000005,0.36486486486486486,1.548864864864865,True,False,130.37465576740144
risk_resilient,open,95,J0_shortest,none,fragile,36,3.217434088767912,True,0.39999999999999997,0.5916216216216217,0.63,0.5840000000000001,0.17600000000000005,0.36486486486486486,1.548864864864865,False,True,36.0
risk_resilient,open,95,J1_risk,none,fragile,36,3.217434088767912,True,0.39999999999999997,0.5916216216216217,0.63,0.5840000000000001,0.17600000000000005,0.36486486486486486,1.548864864864865,False,True,100.34868177535824
risk_resilient,open,95,J2_recoverability,none,resilient,36,4.029400288210759,True,0.63,0.8099459459459458,0.63,0.386,0.04999999999999993,0.0,0.756,False,True,51.120000000000005
risk_resilient,open,95,J3_joint,none,fragile,36,3.217434088767912,True,0.39999999999999997,0.5916216216216217,0.63,0.5840000000000001,0.17600000000000005,0.36486486486486486,1.548864864864865,False,True,131.32597907265554
risk_resilient,open,96,J0_shortest,resilient,fragile,36,3.2189648914218716,True,0.39999999999999997,0.5916216216216217,0.63,0.5840000000000001,0.17600000000000005,0.36486486486486486,1.548864864864865,False,True,36.0
risk_resilient,open,96,J1_risk,resilient,fragile,36,3.2189648914218716,True,0.39999999999999997,0.5916216216216217,0.63,0.5840000000000001,0.17600000000000005,0.36486486486486486,1.548864864864865,False,True,100.37929782843743
risk_resilient,open,96,J2_recoverability,resilient,resilient,36,4.050962435798039,True,0.63,0.8099459459459458,0.63,0.386,0.04999999999999993,0.0,0.756,True,False,51.120000000000005
risk_resilient,open,96,J3_joint,resilient,fragile,36,3.2189648914218716,True,0.39999999999999997,0.5916216216216217,0.63,0.5840000000000001,0.17600000000000005,0.36486486486486486,1.548864864864865,False,True,131.35659512573474
risk_resilient,open,97,J0_shortest,fragile,fragile,36,3.1748669732593213,True,0.39999999999999997,0.5916216216216217,0.63,0.5840000000000001,0.17600000000000005,0.36486486486486486,1.548864864864865,True,False,36.0
risk_resilient,open,97,J1_risk,fragile,fragile,36,3.1748669732593213,True,0.39999999999999997,0.5916216216216217,0.63,0.5840000000000001,0.17600000000000005,0.36486486486486486,1.548864864864865,True,False,99.49733946518643
risk_resilient,open,97,J2_recoverability,fragile,resilient,36,4.0837582337978695,True,0.63,0.8099459459459458,0.63,0.386,0.04999999999999993,0.0,0.756,False,True,51.120000000000005
risk_resilient,open,97,J3_joint,fragile,fragile,36,3.1748669732593213,True,0.39999999999999997,0.5916216216216217,0.63,0.5840000000000001,0.17600000000000005,0.36486486486486486,1.548864864864865,True,False,130.47463676248373
risk_resilient,open,98,J0_shortest,fragile,fragile,36,3.2382949230141906,True,0.39999999999999997,0.5916216216216217,0.63,0.5840000000000001,0.17600000000000005,0.36486486486486486,1.548864864864865,True,False,36.0
risk_resilient,open,98,J1_risk,fragile,fragile,36,3.2382949230141906,True,0.39999999999999997,0.5916216216216217,0.63,0.5840000000000001,0.17600000000000005,0.36486486486486486,1.548864864864865,True,False,100.76589846028381
risk_resilient,open,98,J2_recoverability,fragile,resilient,36,4.141256248752029,True,0.63,0.8099459459459458,0.63,0.386,0.04999999999999993,0.0,0.756,False,True,51.120000000000005
risk_resilient,open,98,J3_joint,fragile,fragile,36,3.2382949230141906,True,0.39999999999999997,0.5916216216216217,0.63,0.5840000000000001,0.17600000000000005,0.36486486486486486,1.548864864864865,True,False,131.7431957575811
risk_resilient,open,99,J0_shortest,resilient,fragile,36,3.228349972126702,True,0.39999999999999997,0.5916216216216217,0.63,0.5840000000000001,0.17600000000000005,0.36486486486486486,1.548864864864865,False,True,36.0
risk_resilient,open,99,J1_risk,resilient,fragile,36,3.228349972126702,True,0.39999999999999997,0.5916216216216217,0.63,0.5840000000000001,0.17600000000000005,0.36486486486486486,1.548864864864865,False,True,100.56699944253404
risk_resilient,open,99,J2_recoverability,resilient,resilient,36,4.090734548869926,True,0.63,0.8099459459459458,0.63,0.386,0.04999999999999993,0.0,0.756,True,False,51.120000000000005
risk_resilient,open,99,J3_joint,resilient,fragile,36,3.228349972126702,True,0.39999999999999997,0.5916216216216217,0.63,0.5840000000000001,0.17600000000000005,0.36486486486486486,1.548864864864865,False,True,131.54429673983134
recovery_dominant,bottleneck,0,J0_shortest,fragile,resilient,38,3.128820504879457,True,0.496,0.7796410256410256,0.58,0.7080000000000001,0.16000000000000003,0.02564102564102564,1.2376410256410257,False,True,38.0
recovery_dominant,bottleneck,0,J1_risk,fragile,resilient,38,3.128820504879457,True,0.496,0.7796410256410256,0.58,0.7080000000000001,0.16000000000000003,0.02564102564102564,1.2376410256410257,False,True,100.57641009758913
recovery_dominant,bottleneck,0,J2_recoverability,fragile,resilient,38,3.128820504879457,True,0.496,0.7796410256410256,0.58,0.7080000000000001,0.16000000000000003,0.02564102564102564,1.2376410256410257,False,True,62.75282051282051
recovery_dominant,bottleneck,0,J3_joint,fragile,resilient,38,3.128820504879457,True,0.496,0.7796410256410256,0.58,0.7080000000000001,0.16000000000000003,0.02564102564102564,1.2376410256410257,False,True,125.32923061040964
recovery_dominant,bottleneck,1,J0_shortest,resilient,resilient,38,3.0776089147362202,True,0.496,0.7796410256410256,0.58,0.7080000000000001,0.16000000000000003,0.02564102564102564,1.2376410256410257,True,False,38.0
recovery_dominant,bottleneck,1,J1_risk,resilient,resilient,38,3.0776089147362202,True,0.496,0.7796410256410256,0.58,0.7080000000000001,0.16000000000000003,0.02564102564102564,1.2376410256410257,True,False,99.5521782947244
recovery_dominant,bottleneck,1,J2_recoverability,resilient,resilient,38,3.0776089147362202,True,0.496,0.7796410256410256,0.58,0.7080000000000001,0.16000000000000003,0.02564102564102564,1.2376410256410257,True,False,62.75282051282051
recovery_dominant,bottleneck,1,J3_joint,resilient,resilient,38,3.0776089147362202,True,0.496,0.7796410256410256,0.58,0.7080000000000001,0.16000000000000003,0.02564102564102564,1.2376410256410257,True,False,124.3049988075449
recovery_dominant,bottleneck,2,J0_shortest,resilient,resilient,38,3.1252820608620873,True,0.496,0.7796410256410256,0.58,0.7080000000000001,0.16000000000000003,0.02564102564102564,1.2376410256410257,True,False,38.0
recovery_dominant,bottleneck,2,J1_risk,resilient,resilient,38,3.1252820608620873,True,0.496,0.7796410256410256,0.58,0.7080000000000001,0.16000000000000003,0.02564102564102564,1.2376410256410257,True,False,100.50564121724175
recovery_dominant,bottleneck,2,J2_recoverability,resilient,resilient,38,3.1252820608620873,True,0.496,0.7796410256410256,0.58,0.7080000000000001,0.16000000000000003,0.02564102564102564,1.2376410256410257,True,False,62.75282051282051
recovery_dominant,bottleneck,2,J3_joint,resilient,resilient,38,3.1252820608620873,True,0.496,0.7796410256410256,0.58,0.7080000000000001,0.16000000000000003,0.02564102564102564,1.2376410256410257,True,False,125.25846173006227
recovery_dominant,bottleneck,3,J0_shortest,none,resilient,38,3.1488407775992737,True,0.496,0.7796410256410256,0.58,0.7080000000000001,0.16000000000000003,0.02564102564102564,1.2376410256410257,False,True,38.0
recovery_dominant,bottleneck,3,J1_risk,none,resilient,38,3.1488407775992737,True,0.496,0.7796410256410256,0.58,0.7080000000000001,0.16000000000000003,0.02564102564102564,1.2376410256410257,False,True,100.97681555198548
recovery_dominant,bottleneck,3,J2_recoverability,none,resilient,38,3.1488407775992737,True,0.496,0.7796410256410256,0.58,0.7080000000000001,0.16000000000000003,0.02564102564102564,1.2376410256410257,False,True,62.75282051282051
recovery_dominant,bottleneck,3,J3_joint,none,resilient,38,3.1488407775992737,True,0.496,0.7796410256410256,0.58,0.7080000000000001,0.16000000000000003,0.02564102564102564,1.2376410256410257,False,True,125.72963606480599
recovery_dominant,bottleneck,4,J0_shortest,fragile,resilient,38,3.1487100065718647,True,0.496,0.7796410256410256,0.58,0.7080000000000001,0.16000000000000003,0.02564102564102564,1.2376410256410257,False,True,38.0
recovery_dominant,bottleneck,4,J1_risk,fragile,resilient,38,3.1487100065718647,True,0.496,0.7796410256410256,0.58,0.7080000000000001,0.16000000000000003,0.02564102564102564,1.2376410256410257,False,True,100.9742001314373
recovery_dominant,bottleneck,4,J2_recoverability,fragile,resilient,38,3.1487100065718647,True,0.496,0.7796410256410256,0.58,0.7080000000000001,0.16000000000000003,0.02564102564102564,1.2376410256410257,False,True,62.75282051282051
recovery_dominant,bottleneck,4,J3_joint,fragile,resilient,38,3.1487100065718647,True,0.496,0.7796410256410256,0.58,0.7080000000000001,0.16000000000000003,0.02564102564102564,1.2376410256410257,False,True,125.7270206442578
recovery_dominant,bottleneck,5,J0_shortest,resilient,resilient,38,3.1189623160924516,True,0.496,0.7796410256410256,0.58,0.7080000000000001,0.16000000000000003,0.02564102564102564,1.2376410256410257,True,False,38.0
recovery_dominant,bottleneck,5,J1_risk,resilient,resilient,38,3.1189623160924516,True,0.496,0.7796410256410256,0.58,0.7080000000000001,0.16000000000000003,0.02564102564102564,1.2376410256410257,True,False,100.37924632184902
recovery_dominant,bottleneck,5,J2_recoverability,resilient,resilient,38,3.1189623160924516,True,0.496,0.7796410256410256,0.58,0.7080000000000001,0.16000000000000003,0.02564102564102564,1.2376410256410257,True,False,62.75282051282051
recovery_dominant,bottleneck,5,J3_joint,resilient,resilient,38,3.1189623160924516,True,0.496,0.7796410256410256,0.58,0.7080000000000001,0.16000000000000003,0.02564102564102564,1.2376410256410257,True,False,125.13206683466953
recovery_dominant,bottleneck,6,J0_shortest,resilient,resilient,38,3.1620337230619238,True,0.496,0.7796410256410256,0.58,0.7080000000000001,0.16000000000000003,0.02564102564102564,1.2376410256410257,True,False,38.0
recovery_dominant,bottleneck,6,J1_risk,resilient,resilient,38,3.1620337230619238,True,0.496,0.7796410256410256,0.58,0.7080000000000001,0.16000000000000003,0.02564102564102564,1.2376410256410257,True,False,101.24067446123848
recovery_dominant,bottleneck,6,J2_recoverability,resilient,resilient,38,3.1620337230619238,True,0.496,0.7796410256410256,0.58,0.7080000000000001,0.16000000000000003,0.02564102564102564,1.2376410256410257,True,False,62.75282051282051
recovery_dominant,bottleneck,6,J3_joint,resilient,resilient,38,3.1620337230619238,True,0.496,0.7796410256410256,0.58,0.7080000000000001,0.16000000000000003,0.02564102564102564,1.2376410256410257,True,False,125.99349497405899
recovery_dominant,bottleneck,7,J0_shortest,resilient,resilient,38,3.069598302089616,True,0.496,0.7796410256410256,0.58,0.7080000000000001,0.16000000000000003,0.02564102564102564,1.2376410256410257,True,False,38.0
recovery_dominant,bottleneck,7,J1_risk,resilient,resilient,38,3.069598302089616,True,0.496,0.7796410256410256,0.58,0.7080000000000001,0.16000000000000003,0.02564102564102564,1.2376410256410257,True,False,99.39196604179233
recovery_dominant,bottleneck,7,J2_recoverability,resilient,resilient,38,3.069598302089616,True,0.496,0.7796410256410256,0.58,0.7080000000000001,0.16000000000000003,0.02564102564102564,1.2376410256410257,True,False,62.75282051282051
recovery_dominant,bottleneck,7,J3_joint,resilient,resilient,38,3.069598302089616,True,0.496,0.7796410256410256,0.58,0.7080000000000001,0.16000000000000003,0.02564102564102564,1.2376410256410257,True,False,124.14478655461284
recovery_dominant,bottleneck,8,J0_shortest,none,resilient,38,3.1344093804943345,True,0.496,0.7796410256410256,0.58,0.7080000000000001,0.16000000000000003,0.02564102564102564,1.2376410256410257,False,True,38.0
recovery_dominant,bottleneck,8,J1_risk,none,resilient,38,3.1344093804943345,True,0.496,0.7796410256410256,0.58,0.7080000000000001,0.16000000000000003,0.02564102564102564,1.2376410256410257,False,True,100.68818760988668
recovery_dominant,bottleneck,8,J2_recoverability,none,resilient,38,3.1344093804943345,True,0.496,0.7796410256410256,0.58,0.7080000000000001,0.16000000000000003,0.02564102564102564,1.2376410256410257,False,True,62.75282051282051
recovery_dominant,bottleneck,8,J3_joint,none,resilient,38,3.1344093804943345,True,0.496,0.7796410256410256,0.58,0.7080000000000001,0.16000000000000003,0.02564102564102564,1.2376410256410257,False,True,125.44100812270719
recovery_dominant,bottleneck,9,J0_shortest,resilient,resilient,38,3.1298566009977664,True,0.496,0.7796410256410256,0.58,0.7080000000000001,0.16000000000000003,0.02564102564102564,1.2376410256410257,True,False,38.0
recovery_dominant,bottleneck,9,J1_risk,resilient,resilient,38,3.1298566009977664,True,0.496,0.7796410256410256,0.58,0.7080000000000001,0.16000000000000003,0.02564102564102564,1.2376410256410257,True,False,100.59713201995532
recovery_dominant,bottleneck,9,J2_recoverability,resilient,resilient,38,3.1298566009977664,True,0.496,0.7796410256410256,0.58,0.7080000000000001,0.16000000000000003,0.02564102564102564,1.2376410256410257,True,False,62.75282051282051
recovery_dominant,bottleneck,9,J3_joint,resilient,resilient,38,3.1298566009977664,True,0.496,0.7796410256410256,0.58,0.7080000000000001,0.16000000000000003,0.02564102564102564,1.2376410256410257,True,False,125.34995253277583
recovery_dominant,bottleneck,10,J0_shortest,fragile,resilient,38,3.0782876295927215,True,0.496,0.7796410256410256,0.58,0.7080000000000001,0.16000000000000003,0.02564102564102564,1.2376410256410257,False,True,38.0
recovery_dominant,bottleneck,10,J1_risk,fragile,resilient,38,3.0782876295927215,True,0.496,0.7796410256410256,0.58,0.7080000000000001,0.16000000000000003,0.02564102564102564,1.2376410256410257,False,True,99.56575259185443
recovery_dominant,bottleneck,10,J2_recoverability,fragile,resilient,38,3.0782876295927215,True,0.496,0.7796410256410256,0.58,0.7080000000000001,0.16000000000000003,0.02564102564102564,1.2376410256410257,False,True,62.75282051282051
recovery_dominant,bottleneck,10,J3_joint,fragile,resilient,38,3.0782876295927215,True,0.496,0.7796410256410256,0.58,0.7080000000000001,0.16000000000000003,0.02564102564102564,1.2376410256410257,False,True,124.31857310467495
recovery_dominant,bottleneck,11,J0_shortest,none,resilient,38,3.114995564402317,True,0.496,0.7796410256410256,0.58,0.7080000000000001,0.16000000000000003,0.02564102564102564,1.2376410256410257,False,True,38.0
recovery_dominant,bottleneck,11,J1_risk,none,resilient,38,3.114995564402317,True,0.496,0.7796410256410256,0.58,0.7080000000000001,0.16000000000000003,0.02564102564102564,1.2376410256410257,False,True,100.29991128804633
recovery_dominant,bottleneck,11,J2_recoverability,none,resilient,38,3.114995564402317,True,0.496,0.7796410256410256,0.58,0.7080000000000001,0.16000000000000003,0.02564102564102564,1.2376410256410257,False,True,62.75282051282051
recovery_dominant,bottleneck,11,J3_joint,none,resilient,38,3.114995564402317,True,0.496,0.7796410256410256,0.58,0.7080000000000001,0.16000000000000003,0.02564102564102564,1.2376410256410257,False,True,125.05273180086684
recovery_dominant,bottleneck,12,J0_shortest,none,resilient,38,3.1031480090861647,True,0.496,0.7796410256410256,0.58,0.7080000000000001,0.16000000000000003,0.02564102564102564,1.2376410256410257,False,True,38.0
recovery_dominant,bottleneck,12,J1_risk,none,resilient,38,3.1031480090861647,True,0.496,0.7796410256410256,0.58,0.7080000000000001,0.16000000000000003,0.02564102564102564,1.2376410256410257,False,True,100.0629601817233
recovery_dominant,bottleneck,12,J2_recoverability,none,resilient,38,3.1031480090861647,True,0.496,0.7796410256410256,0.58,0.7080000000000001,0.16000000000000003,0.02564102564102564,1.2376410256410257,False,True,62.75282051282051
recovery_dominant,bottleneck,12,J3_joint,none,resilient,38,3.1031480090861647,True,0.496,0.7796410256410256,0.58,0.7080000000000001,0.16000000000000003,0.02564102564102564,1.2376410256410257,False,True,124.8157806945438
recovery_dominant,bottleneck,13,J0_shortest,fragile,resilient,38,3.1358659897893952,True,0.496,0.7796410256410256,0.58,0.7080000000000001,0.16000000000000003,0.02564102564102564,1.2376410256410257,False,True,38.0
recovery_dominant,bottleneck,13,J1_risk,fragile,resilient,38,3.1358659897893952,True,0.496,0.7796410256410256,0.58,0.7080000000000001,0.16000000000000003,0.02564102564102564,1.2376410256410257,False,True,100.7173197957879
recovery_dominant,bottleneck,13,J2_recoverability,fragile,resilient,38,3.1358659897893952,True,0.496,0.7796410256410256,0.58,0.7080000000000001,0.16000000000000003,0.02564102564102564,1.2376410256410257,False,True,62.75282051282051
recovery_dominant,bottleneck,13,J3_joint,fragile,resilient,38,3.1358659897893952,True,0.496,0.7796410256410256,0.58,0.7080000000000001,0.16000000000000003,0.02564102564102564,1.2376410256410257,False,True,125.47014030860842
recovery_dominant,bottleneck,14,J0_shortest,none,resilient,38,3.134482385774698,True,0.496,0.7796410256410256,0.58,0.7080000000000001,0.16000000000000003,0.02564102564102564,1.2376410256410257,False,True,38.0
recovery_dominant,bottleneck,14,J1_risk,none,resilient,38,3.134482385774698,True,0.496,0.7796410256410256,0.58,0.7080000000000001,0.16000000000000003,0.02564102564102564,1.2376410256410257,False,True,100.68964771549396
recovery_dominant,bottleneck,14,J2_recoverability,none,resilient,38,3.134482385774698,True,0.496,0.7796410256410256,0.58,0.7080000000000001,0.16000000000000003,0.02564102564102564,1.2376410256410257,False,True,62.75282051282051
recovery_dominant,bottleneck,14,J3_joint,none,resilient,38,3.134482385774698,True,0.496,0.7796410256410256,0.58,0.7080000000000001,0.16000000000000003,0.02564102564102564,1.2376410256410257,False,True,125.44246822831448
recovery_dominant,bottleneck,15,J0_shortest,resilient,resilient,38,3.1245594233975615,True,0.496,0.7796410256410256,0.58,0.7080000000000001,0.16000000000000003,0.02564102564102564,1.2376410256410257,True,False,38.0
recovery_dominant,bottleneck,15,J1_risk,resilient,resilient,38,3.1245594233975615,True,0.496,0.7796410256410256,0.58,0.7080000000000001,0.16000000000000003,0.02564102564102564,1.2376410256410257,True,False,100.49118846795123
recovery_dominant,bottleneck,15,J2_recoverability,resilient,resilient,38,3.1245594233975615,True,0.496,0.7796410256410256,0.58,0.7080000000000001,0.16000000000000003,0.02564102564102564,1.2376410256410257,True,False,62.75282051282051
recovery_dominant,bottleneck,15,J3_joint,resilient,resilient,38,3.1245594233975615,True,0.496,0.7796410256410256,0.58,0.7080000000000001,0.16000000000000003,0.02564102564102564,1.2376410256410257,True,False,125.24400898077175
recovery_dominant,bottleneck,16,J0_shortest,none,resilient,38,3.1170430175236317,True,0.496,0.7796410256410256,0.58,0.7080000000000001,0.16000000000000003,0.02564102564102564,1.2376410256410257,False,True,38.0
recovery_dominant,bottleneck,16,J1_risk,none,resilient,38,3.1170430175236317,True,0.496,0.7796410256410256,0.58,0.7080000000000001,0.16000000000000003,0.02564102564102564,1.2376410256410257,False,True,100.34086035047264
recovery_dominant,bottleneck,16,J2_recoverability,none,resilient,38,3.1170430175236317,True,0.496,0.7796410256410256,0.58,0.7080000000000001,0.16000000000000003,0.02564102564102564,1.2376410256410257,False,True,62.75282051282051
recovery_dominant,bottleneck,16,J3_joint,none,resilient,38,3.1170430175236317,True,0.496,0.7796410256410256,0.58,0.7080000000000001,0.16000000000000003,0.02564102564102564,1.2376410256410257,False,True,125.09368086329314
recovery_dominant,bottleneck,17,J0_shortest,resilient,resilient,38,3.133548247861265,True,0.496,0.7796410256410256,0.58,0.7080000000000001,0.16000000000000003,0.02564102564102564,1.2376410256410257,True,False,38.0
recovery_dominant,bottleneck,17,J1_risk,resilient,resilient,38,3.133548247861265,True,0.496,0.7796410256410256,0.58,0.7080000000000001,0.16000000000000003,0.02564102564102564,1.2376410256410257,True,False,100.6709649572253
recovery_dominant,bottleneck,17,J2_recoverability,resilient,resilient,38,3.133548247861265,True,0.496,0.7796410256410256,0.58,0.7080000000000001,0.16000000000000003,0.02564102564102564,1.2376410256410257,True,False,62.75282051282051
recovery_dominant,bottleneck,17,J3_joint,resilient,resilient,38,3.133548247861265,True,0.496,0.7796410256410256,0.58,0.7080000000000001,0.16000000000000003,0.02564102564102564,1.2376410256410257,True,False,125.4237854700458
recovery_dominant,bottleneck,18,J0_shortest,fragile,resilient,38,3.094613494012022,True,0.496,0.7796410256410256,0.58,0.7080000000000001,0.16000000000000003,0.02564102564102564,1.2376410256410257,False,True,38.0
recovery_dominant,bottleneck,18,J1_risk,fragile,resilient,38,3.094613494012022,True,0.496,0.7796410256410256,0.58,0.7080000000000001,0.16000000000000003,0.02564102564102564,1.2376410256410257,False,True,99.89226988024043
recovery_dominant,bottleneck,18,J2_recoverability,fragile,resilient,38,3.094613494012022,True,0.496,0.7796410256410256,0.58,0.7080000000000001,0.16000000000000003,0.02564102564102564,1.2376410256410257,False,True,62.75282051282051
recovery_dominant,bottleneck,18,J3_joint,fragile,resilient,38,3.094613494012022,True,0.496,0.7796410256410256,0.58,0.7080000000000001,0.16000000000000003,0.02564102564102564,1.2376410256410257,False,True,124.64509039306094
recovery_dominant,bottleneck,19,J0_shortest,fragile,resilient,38,3.1059869688457544,True,0.496,0.7796410256410256,0.58,0.7080000000000001,0.16000000000000003,0.02564102564102564,1.2376410256410257,False,True,38.0
recovery_dominant,bottleneck,19,J1_risk,fragile,resilient,38,3.1059869688457544,True,0.496,0.7796410256410256,0.58,0.7080000000000001,0.16000000000000003,0.02564102564102564,1.2376410256410257,False,True,100.11973937691509
recovery_dominant,bottleneck,19,J2_recoverability,fragile,resilient,38,3.1059869688457544,True,0.496,0.7796410256410256,0.58,0.7080000000000001,0.16000000000000003,0.02564102564102564,1.2376410256410257,False,True,62.75282051282051
recovery_dominant,bottleneck,19,J3_joint,fragile,resilient,38,3.1059869688457544,True,0.496,0.7796410256410256,0.58,0.7080000000000001,0.16000000000000003,0.02564102564102564,1.2376410256410257,False,True,124.87255988973561
recovery_dominant,bottleneck,20,J0_shortest,none,resilient,38,3.1209488798204443,True,0.496,0.7796410256410256,0.58,0.7080000000000001,0.16000000000000003,0.02564102564102564,1.2376410256410257,False,True,38.0
recovery_dominant,bottleneck,20,J1_risk,none,resilient,38,3.1209488798204443,True,0.496,0.7796410256410256,0.58,0.7080000000000001,0.16000000000000003,0.02564102564102564,1.2376410256410257,False,True,100.4189775964089
recovery_dominant,bottleneck,20,J2_recoverability,none,resilient,38,3.1209488798204443,True,0.496,0.7796410256410256,0.58,0.7080000000000001,0.16000000000000003,0.02564102564102564,1.2376410256410257,False,True,62.75282051282051
recovery_dominant,bottleneck,20,J3_joint,none,resilient,38,3.1209488798204443,True,0.496,0.7796410256410256,0.58,0.7080000000000001,0.16000000000000003,0.02564102564102564,1.2376410256410257,False,True,125.1717981092294
recovery_dominant,bottleneck,21,J0_shortest,none,resilient,38,3.073632064707383,True,0.496,0.7796410256410256,0.58,0.7080000000000001,0.16000000000000003,0.02564102564102564,1.2376410256410257,False,True,38.0
recovery_dominant,bottleneck,21,J1_risk,none,resilient,38,3.073632064707383,True,0.496,0.7796410256410256,0.58,0.7080000000000001,0.16000000000000003,0.02564102564102564,1.2376410256410257,False,True,99.47264129414765
recovery_dominant,bottleneck,21,J2_recoverability,none,resilient,38,3.073632064707383,True,0.496,0.7796410256410256,0.58,0.7080000000000001,0.16000000000000003,0.02564102564102564,1.2376410256410257,False,True,62.75282051282051
recovery_dominant,bottleneck,21,J3_joint,none,resilient,38,3.073632064707383,True,0.496,0.7796410256410256,0.58,0.7080000000000001,0.16000000000000003,0.02564102564102564,1.2376410256410257,False,True,124.22546180696816
recovery_dominant,bottleneck,22,J0_shortest,fragile,resilient,38,3.140364555700209,True,0.496,0.7796410256410256,0.58,0.7080000000000001,0.16000000000000003,0.02564102564102564,1.2376410256410257,False,True,38.0
recovery_dominant,bottleneck,22,J1_risk,fragile,resilient,38,3.140364555700209,True,0.496,0.7796410256410256,0.58,0.7080000000000001,0.16000000000000003,0.02564102564102564,1.2376410256410257,False,True,100.80729111400419
recovery_dominant,bottleneck,22,J2_recoverability,fragile,resilient,38,3.140364555700209,True,0.496,0.7796410256410256,0.58,0.7080000000000001,0.16000000000000003,0.02564102564102564,1.2376410256410257,False,True,62.75282051282051
recovery_dominant,bottleneck,22,J3_joint,fragile,resilient,38,3.140364555700209,True,0.496,0.7796410256410256,0.58,0.7080000000000001,0.16000000000000003,0.02564102564102564,1.2376410256410257,False,True,125.56011162682469
recovery_dominant,bottleneck,23,J0_shortest,resilient,resilient,38,3.101046366725161,True,0.496,0.7796410256410256,0.58,0.7080000000000001,0.16000000000000003,0.02564102564102564,1.2376410256410257,True,False,38.0
recovery_dominant,bottleneck,23,J1_risk,resilient,resilient,38,3.101046366725161,True,0.496,0.7796410256410256,0.58,0.7080000000000001,0.16000000000000003,0.02564102564102564,1.2376410256410257,True,False,100.02092733450323
recovery_dominant,bottleneck,23,J2_recoverability,resilient,resilient,38,3.101046366725161,True,0.496,0.7796410256410256,0.58,0.7080000000000001,0.16000000000000003,0.02564102564102564,1.2376410256410257,True,False,62.75282051282051
recovery_dominant,bottleneck,23,J3_joint,resilient,resilient,38,3.101046366725161,True,0.496,0.7796410256410256,0.58,0.7080000000000001,0.16000000000000003,0.02564102564102564,1.2376410256410257,True,False,124.77374784732373
recovery_dominant,bottleneck,24,J0_shortest,resilient,resilient,38,3.067738652025452,True,0.496,0.7796410256410256,0.58,0.7080000000000001,0.16000000000000003,0.02564102564102564,1.2376410256410257,True,False,38.0
recovery_dominant,bottleneck,24,J1_risk,resilient,resilient,38,3.067738652025452,True,0.496,0.7796410256410256,0.58,0.7080000000000001,0.16000000000000003,0.02564102564102564,1.2376410256410257,True,False,99.35477304050904
recovery_dominant,bottleneck,24,J2_recoverability,resilient,resilient,38,3.067738652025452,True,0.496,0.7796410256410256,0.58,0.7080000000000001,0.16000000000000003,0.02564102564102564,1.2376410256410257,True,False,62.75282051282051
recovery_dominant,bottleneck,24,J3_joint,resilient,resilient,38,3.067738652025452,True,0.496,0.7796410256410256,0.58,0.7080000000000001,0.16000000000000003,0.02564102564102564,1.2376410256410257,True,False,124.10759355332956
recovery_dominant,bottleneck,25,J0_shortest,fragile,resilient,38,3.111845737579575,True,0.496,0.7796410256410256,0.58,0.7080000000000001,0.16000000000000003,0.02564102564102564,1.2376410256410257,False,True,38.0
recovery_dominant,bottleneck,25,J1_risk,fragile,resilient,38,3.111845737579575,True,0.496,0.7796410256410256,0.58,0.7080000000000001,0.16000000000000003,0.02564102564102564,1.2376410256410257,False,True,100.2369147515915
recovery_dominant,bottleneck,25,J2_recoverability,fragile,resilient,38,3.111845737579575,True,0.496,0.7796410256410256,0.58,0.7080000000000001,0.16000000000000003,0.02564102564102564,1.2376410256410257,False,True,62.75282051282051
recovery_dominant,bottleneck,25,J3_joint,fragile,resilient,38,3.111845737579575,True,0.496,0.7796410256410256,0.58,0.7080000000000001,0.16000000000000003,0.02564102564102564,1.2376410256410257,False,True,124.98973526441202
recovery_dominant,bottleneck,26,J0_shortest,none,resilient,38,3.111410009874969,True,0.496,0.7796410256410256,0.58,0.7080000000000001,0.16000000000000003,0.02564102564102564,1.2376410256410257,False,True,38.0
recovery_dominant,bottleneck,26,J1_risk,none,resilient,38,3.111410009874969,True,0.496,0.7796410256410256,0.58,0.7080000000000001,0.16000000000000003,0.02564102564102564,1.2376410256410257,False,True,100.22820019749938
recovery_dominant,bottleneck,26,J2_recoverability,none,resilient,38,3.111410009874969,True,0.496,0.7796410256410256,0.58,0.7080000000000001,0.16000000000000003,0.02564102564102564,1.2376410256410257,False,True,62.75282051282051
recovery_dominant,bottleneck,26,J3_joint,none,resilient,38,3.111410009874969,True,0.496,0.7796410256410256,0.58,0.7080000000000001,0.16000000000000003,0.02564102564102564,1.2376410256410257,False,True,124.98102071031988
recovery_dominant,bottleneck,27,J0_shortest,resilient,resilient,38,3.133059329428651,True,0.496,0.7796410256410256,0.58,0.7080000000000001,0.16000000000000003,0.02564102564102564,1.2376410256410257,True,False,38.0
recovery_dominant,bottleneck,27,J1_risk,resilient,resilient,38,3.133059329428651,True,0.496,0.7796410256410256,0.58,0.7080000000000001,0.16000000000000003,0.02564102564102564,1.2376410256410257,True,False,100.66118658857302
recovery_dominant,bottleneck,27,J2_recoverability,resilient,resilient,38,3.133059329428651,True,0.496,0.7796410256410256,0.58,0.7080000000000001,0.16000000000000003,0.02564102564102564,1.2376410256410257,True,False,62.75282051282051
recovery_dominant,bottleneck,27,J3_joint,resilient,resilient,38,3.133059329428651,True,0.496,0.7796410256410256,0.58,0.7080000000000001,0.16000000000000003,0.02564102564102564,1.2376410256410257,True,False,125.41400710139354
recovery_dominant,bottleneck,28,J0_shortest,resilient,resilient,38,3.0907617496650626,True,0.496,0.7796410256410256,0.58,0.7080000000000001,0.16000000000000003,0.02564102564102564,1.2376410256410257,True,False,38.0
recovery_dominant,bottleneck,28,J1_risk,resilient,resilient,38,3.0907617496650626,True,0.496,0.7796410256410256,0.58,0.7080000000000001,0.16000000000000003,0.02564102564102564,1.2376410256410257,True,False,99.81523499330126
recovery_dominant,bottleneck,28,J2_recoverability,resilient,resilient,38,3.0907617496650626,True,0.496,0.7796410256410256,0.58,0.7080000000000001,0.16000000000000003,0.02564102564102564,1.2376410256410257,True,False,62.75282051282051
recovery_dominant,bottleneck,28,J3_joint,resilient,resilient,38,3.0907617496650626,True,0.496,0.7796410256410256,0.58,0.7080000000000001,0.16000000000000003,0.02564102564102564,1.2376410256410257,True,False,124.56805550612177
recovery_dominant,bottleneck,29,J0_shortest,resilient,resilient,38,3.1187485259425842,True,0.496,0.7796410256410256,0.58,0.7080000000000001,0.16000000000000003,0.02564102564102564,1.2376410256410257,True,False,38.0
recovery_dominant,bottleneck,29,J1_risk,resilient,resilient,38,3.1187485259425842,True,0.496,0.7796410256410256,0.58,0.7080000000000001,0.16000000000000003,0.02564102564102564,1.2376410256410257,True,False,100.37497051885168
recovery_dominant,bottleneck,29,J2_recoverability,resilient,resilient,38,3.1187485259425842,True,0.496,0.7796410256410256,0.58,0.7080000000000001,0.16000000000000003,0.02564102564102564,1.2376410256410257,True,False,62.75282051282051
recovery_dominant,bottleneck,29,J3_joint,resilient,resilient,38,3.1187485259425842,True,0.496,0.7796410256410256,0.58,0.7080000000000001,0.16000000000000003,0.02564102564102564,1.2376410256410257,True,False,125.12779103167219
recovery_dominant,bottleneck,30,J0_shortest,fragile,resilient,38,3.0949941502111744,True,0.496,0.7796410256410256,0.58,0.7080000000000001,0.16000000000000003,0.02564102564102564,1.2376410256410257,False,True,38.0
recovery_dominant,bottleneck,30,J1_risk,fragile,resilient,38,3.0949941502111744,True,0.496,0.7796410256410256,0.58,0.7080000000000001,0.16000000000000003,0.02564102564102564,1.2376410256410257,False,True,99.89988300422348
recovery_dominant,bottleneck,30,J2_recoverability,fragile,resilient,38,3.0949941502111744,True,0.496,0.7796410256410256,0.58,0.7080000000000001,0.16000000000000003,0.02564102564102564,1.2376410256410257,False,True,62.75282051282051
recovery_dominant,bottleneck,30,J3_joint,fragile,resilient,38,3.0949941502111744,True,0.496,0.7796410256410256,0.58,0.7080000000000001,0.16000000000000003,0.02564102564102564,1.2376410256410257,False,True,124.65270351704399
recovery_dominant,bottleneck,31,J0_shortest,fragile,resilient,38,3.1188204036693534,True,0.496,0.7796410256410256,0.58,0.7080000000000001,0.16000000000000003,0.02564102564102564,1.2376410256410257,False,True,38.0
recovery_dominant,bottleneck,31,J1_risk,fragile,resilient,38,3.1188204036693534,True,0.496,0.7796410256410256,0.58,0.7080000000000001,0.16000000000000003,0.02564102564102564,1.2376410256410257,False,True,100.37640807338707
recovery_dominant,bottleneck,31,J2_recoverability,fragile,resilient,38,3.1188204036693534,True,0.496,0.7796410256410256,0.58,0.7080000000000001,0.16000000000000003,0.02564102564102564,1.2376410256410257,False,True,62.75282051282051
recovery_dominant,bottleneck,31,J3_joint,fragile,resilient,38,3.1188204036693534,True,0.496,0.7796410256410256,0.58,0.7080000000000001,0.16000000000000003,0.02564102564102564,1.2376410256410257,False,True,125.12922858620757
recovery_dominant,bottleneck,32,J0_shortest,none,resilient,38,3.138777323437613,True,0.496,0.7796410256410256,0.58,0.7080000000000001,0.16000000000000003,0.02564102564102564,1.2376410256410257,False,True,38.0
recovery_dominant,bottleneck,32,J1_risk,none,resilient,38,3.138777323437613,True,0.496,0.7796410256410256,0.58,0.7080000000000001,0.16000000000000003,0.02564102564102564,1.2376410256410257,False,True,100.77554646875225
recovery_dominant,bottleneck,32,J2_recoverability,none,resilient,38,3.138777323437613,True,0.496,0.7796410256410256,0.58,0.7080000000000001,0.16000000000000003,0.02564102564102564,1.2376410256410257,False,True,62.75282051282051
recovery_dominant,bottleneck,32,J3_joint,none,resilient,38,3.138777323437613,True,0.496,0.7796410256410256,0.58,0.7080000000000001,0.16000000000000003,0.02564102564102564,1.2376410256410257,False,True,125.52836698157276
recovery_dominant,bottleneck,33,J0_shortest,resilient,resilient,38,3.1152487166990737,True,0.496,0.7796410256410256,0.58,0.7080000000000001,0.16000000000000003,0.02564102564102564,1.2376410256410257,True,False,38.0
recovery_dominant,bottleneck,33,J1_risk,resilient,resilient,38,3.1152487166990737,True,0.496,0.7796410256410256,0.58,0.7080000000000001,0.16000000000000003,0.02564102564102564,1.2376410256410257,True,False,100.30497433398148
recovery_dominant,bottleneck,33,J2_recoverability,resilient,resilient,38,3.1152487166990737,True,0.496,0.7796410256410256,0.58,0.7080000000000001,0.16000000000000003,0.02564102564102564,1.2376410256410257,True,False,62.75282051282051
recovery_dominant,bottleneck,33,J3_joint,resilient,resilient,38,3.1152487166990737,True,0.496,0.7796410256410256,0.58,0.7080000000000001,0.16000000000000003,0.02564102564102564,1.2376410256410257,True,False,125.05779484680198
recovery_dominant,bottleneck,34,J0_shortest,fragile,resilient,38,3.1320913813618545,True,0.496,0.7796410256410256,0.58,0.7080000000000001,0.16000000000000003,0.02564102564102564,1.2376410256410257,False,True,38.0
recovery_dominant,bottleneck,34,J1_risk,fragile,resilient,38,3.1320913813618545,True,0.496,0.7796410256410256,0.58,0.7080000000000001,0.16000000000000003,0.02564102564102564,1.2376410256410257,False,True,100.64182762723709
recovery_dominant,bottleneck,34,J2_recoverability,fragile,resilient,38,3.1320913813618545,True,0.496,0.7796410256410256,0.58,0.7080000000000001,0.16000000000000003,0.02564102564102564,1.2376410256410257,False,True,62.75282051282051
recovery_dominant,bottleneck,34,J3_joint,fragile,resilient,38,3.1320913813618545,True,0.496,0.7796410256410256,0.58,0.7080000000000001,0.16000000000000003,0.02564102564102564,1.2376410256410257,False,True,125.3946481400576
recovery_dominant,bottleneck,35,J0_shortest,none,resilient,38,3.1524995114248133,True,0.496,0.7796410256410256,0.58,0.7080000000000001,0.16000000000000003,0.02564102564102564,1.2376410256410257,False,True,38.0
recovery_dominant,bottleneck,35,J1_risk,none,resilient,38,3.1524995114248133,True,0.496,0.7796410256410256,0.58,0.7080000000000001,0.16000000000000003,0.02564102564102564,1.2376410256410257,False,True,101.04999022849627
recovery_dominant,bottleneck,35,J2_recoverability,none,resilient,38,3.1524995114248133,True,0.496,0.7796410256410256,0.58,0.7080000000000001,0.16000000000000003,0.02564102564102564,1.2376410256410257,False,True,62.75282051282051
recovery_dominant,bottleneck,35,J3_joint,none,resilient,38,3.1524995114248133,True,0.496,0.7796410256410256,0.58,0.7080000000000001,0.16000000000000003,0.02564102564102564,1.2376410256410257,False,True,125.80281074131679
recovery_dominant,bottleneck,36,J0_shortest,fragile,resilient,38,3.1195437731367073,True,0.496,0.7796410256410256,0.58,0.7080000000000001,0.16000000000000003,0.02564102564102564,1.2376410256410257,False,True,38.0
recovery_dominant,bottleneck,36,J1_risk,fragile,resilient,38,3.1195437731367073,True,0.496,0.7796410256410256,0.58,0.7080000000000001,0.16000000000000003,0.02564102564102564,1.2376410256410257,False,True,100.39087546273414
recovery_dominant,bottleneck,36,J2_recoverability,fragile,resilient,38,3.1195437731367073,True,0.496,0.7796410256410256,0.58,0.7080000000000001,0.16000000000000003,0.02564102564102564,1.2376410256410257,False,True,62.75282051282051
recovery_dominant,bottleneck,36,J3_joint,fragile,resilient,38,3.1195437731367073,True,0.496,0.7796410256410256,0.58,0.7080000000000001,0.16000000000000003,0.02564102564102564,1.2376410256410257,False,True,125.14369597555466
recovery_dominant,bottleneck,37,J0_shortest,resilient,resilient,38,3.1291930364430276,True,0.496,0.7796410256410256,0.58,0.7080000000000001,0.16000000000000003,0.02564102564102564,1.2376410256410257,True,False,38.0
recovery_dominant,bottleneck,37,J1_risk,resilient,resilient,38,3.1291930364430276,True,0.496,0.7796410256410256,0.58,0.7080000000000001,0.16000000000000003,0.02564102564102564,1.2376410256410257,True,False,100.58386072886054
recovery_dominant,bottleneck,37,J2_recoverability,resilient,resilient,38,3.1291930364430276,True,0.496,0.7796410256410256,0.58,0.7080000000000001,0.16000000000000003,0.02564102564102564,1.2376410256410257,True,False,62.75282051282051
recovery_dominant,bottleneck,37,J3_joint,resilient,resilient,38,3.1291930364430276,True,0.496,0.7796410256410256,0.58,0.7080000000000001,0.16000000000000003,0.02564102564102564,1.2376410256410257,True,False,125.33668124168105
recovery_dominant,bottleneck,38,J0_shortest,fragile,resilient,38,3.12536150078847,True,0.496,0.7796410256410256,0.58,0.7080000000000001,0.16000000000000003,0.02564102564102564,1.2376410256410257,False,True,38.0
recovery_dominant,bottleneck,38,J1_risk,fragile,resilient,38,3.12536150078847,True,0.496,0.7796410256410256,0.58,0.7080000000000001,0.16000000000000003,0.02564102564102564,1.2376410256410257,False,True,100.50723001576941
recovery_dominant,bottleneck,38,J2_recoverability,fragile,resilient,38,3.12536150078847,True,0.496,0.7796410256410256,0.58,0.7080000000000001,0.16000000000000003,0.02564102564102564,1.2376410256410257,False,True,62.75282051282051
recovery_dominant,bottleneck,38,J3_joint,fragile,resilient,38,3.12536150078847,True,0.496,0.7796410256410256,0.58,0.7080000000000001,0.16000000000000003,0.02564102564102564,1.2376410256410257,False,True,125.26005052858991
recovery_dominant,bottleneck,39,J0_shortest,none,resilient,38,3.110397579814438,True,0.496,0.7796410256410256,0.58,0.7080000000000001,0.16000000000000003,0.02564102564102564,1.2376410256410257,False,True,38.0
recovery_dominant,bottleneck,39,J1_risk,none,resilient,38,3.110397579814438,True,0.496,0.7796410256410256,0.58,0.7080000000000001,0.16000000000000003,0.02564102564102564,1.2376410256410257,False,True,100.20795159628877
recovery_dominant,bottleneck,39,J2_recoverability,none,resilient,38,3.110397579814438,True,0.496,0.7796410256410256,0.58,0.7080000000000001,0.16000000000000003,0.02564102564102564,1.2376410256410257,False,True,62.75282051282051
recovery_dominant,bottleneck,39,J3_joint,none,resilient,38,3.110397579814438,True,0.496,0.7796410256410256,0.58,0.7080000000000001,0.16000000000000003,0.02564102564102564,1.2376410256410257,False,True,124.96077210910929
recovery_dominant,bottleneck,40,J0_shortest,fragile,resilient,38,3.1517279088709014,True,0.496,0.7796410256410256,0.58,0.7080000000000001,0.16000000000000003,0.02564102564102564,1.2376410256410257,False,True,38.0
recovery_dominant,bottleneck,40,J1_risk,fragile,resilient,38,3.1517279088709014,True,0.496,0.7796410256410256,0.58,0.7080000000000001,0.16000000000000003,0.02564102564102564,1.2376410256410257,False,True,101.03455817741803
recovery_dominant,bottleneck,40,J2_recoverability,fragile,resilient,38,3.1517279088709014,True,0.496,0.7796410256410256,0.58,0.7080000000000001,0.16000000000000003,0.02564102564102564,1.2376410256410257,False,True,62.75282051282051
recovery_dominant,bottleneck,40,J3_joint,fragile,resilient,38,3.1517279088709014,True,0.496,0.7796410256410256,0.58,0.7080000000000001,0.16000000000000003,0.02564102564102564,1.2376410256410257,False,True,125.78737869023854
recovery_dominant,bottleneck,41,J0_shortest,none,resilient,38,3.104391262149894,True,0.496,0.7796410256410256,0.58,0.7080000000000001,0.16000000000000003,0.02564102564102564,1.2376410256410257,False,True,38.0
recovery_dominant,bottleneck,41,J1_risk,none,resilient,38,3.104391262149894,True,0.496,0.7796410256410256,0.58,0.7080000000000001,0.16000000000000003,0.02564102564102564,1.2376410256410257,False,True,100.08782524299788
recovery_dominant,bottleneck,41,J2_recoverability,none,resilient,38,3.104391262149894,True,0.496,0.7796410256410256,0.58,0.7080000000000001,0.16000000000000003,0.02564102564102564,1.2376410256410257,False,True,62.75282051282051
recovery_dominant,bottleneck,41,J3_joint,none,resilient,38,3.104391262149894,True,0.496,0.7796410256410256,0.58,0.7080000000000001,0.16000000000000003,0.02564102564102564,1.2376410256410257,False,True,124.8406457558184
recovery_dominant,bottleneck,42,J0_shortest,fragile,resilient,38,3.121817138980799,True,0.496,0.7796410256410256,0.58,0.7080000000000001,0.16000000000000003,0.02564102564102564,1.2376410256410257,False,True,38.0
recovery_dominant,bottleneck,42,J1_risk,fragile,resilient,38,3.121817138980799,True,0.496,0.7796410256410256,0.58,0.7080000000000001,0.16000000000000003,0.02564102564102564,1.2376410256410257,False,True,100.43634277961598
recovery_dominant,bottleneck,42,J2_recoverability,fragile,resilient,38,3.121817138980799,True,0.496,0.7796410256410256,0.58,0.7080000000000001,0.16000000000000003,0.02564102564102564,1.2376410256410257,False,True,62.75282051282051
recovery_dominant,bottleneck,42,J3_joint,fragile,resilient,38,3.121817138980799,True,0.496,0.7796410256410256,0.58,0.7080000000000001,0.16000000000000003,0.02564102564102564,1.2376410256410257,False,True,125.18916329243649
recovery_dominant,bottleneck,43,J0_shortest,resilient,resilient,38,3.120812591004536,True,0.496,0.7796410256410256,0.58,0.7080000000000001,0.16000000000000003,0.02564102564102564,1.2376410256410257,True,False,38.0
recovery_dominant,bottleneck,43,J1_risk,resilient,resilient,38,3.120812591004536,True,0.496,0.7796410256410256,0.58,0.7080000000000001,0.16000000000000003,0.02564102564102564,1.2376410256410257,True,False,100.41625182009072
recovery_dominant,bottleneck,43,J2_recoverability,resilient,resilient,38,3.120812591004536,True,0.496,0.7796410256410256,0.58,0.7080000000000001,0.16000000000000003,0.02564102564102564,1.2376410256410257,True,False,62.75282051282051
recovery_dominant,bottleneck,43,J3_joint,resilient,resilient,38,3.120812591004536,True,0.496,0.7796410256410256,0.58,0.7080000000000001,0.16000000000000003,0.02564102564102564,1.2376410256410257,True,False,125.16907233291124
recovery_dominant,bottleneck,44,J0_shortest,fragile,resilient,38,3.151080447018207,True,0.496,0.7796410256410256,0.58,0.7080000000000001,0.16000000000000003,0.02564102564102564,1.2376410256410257,False,True,38.0
recovery_dominant,bottleneck,44,J1_risk,fragile,resilient,38,3.151080447018207,True,0.496,0.7796410256410256,0.58,0.7080000000000001,0.16000000000000003,0.02564102564102564,1.2376410256410257,False,True,101.02160894036415
recovery_dominant,bottleneck,44,J2_recoverability,fragile,resilient,38,3.151080447018207,True,0.496,0.7796410256410256,0.58,0.7080000000000001,0.16000000000000003,0.02564102564102564,1.2376410256410257,False,True,62.75282051282051
recovery_dominant,bottleneck,44,J3_joint,fragile,resilient,38,3.151080447018207,True,0.496,0.7796410256410256,0.58,0.7080000000000001,0.16000000000000003,0.02564102564102564,1.2376410256410257,False,True,125.77442945318467
recovery_dominant,bottleneck,45,J0_shortest,resilient,resilient,38,3.1405820486630565,True,0.496,0.7796410256410256,0.58,0.7080000000000001,0.16000000000000003,0.02564102564102564,1.2376410256410257,True,False,38.0
recovery_dominant,bottleneck,45,J1_risk,resilient,resilient,38,3.1405820486630565,True,0.496,0.7796410256410256,0.58,0.7080000000000001,0.16000000000000003,0.02564102564102564,1.2376410256410257,True,False,100.81164097326112
recovery_dominant,bottleneck,45,J2_recoverability,resilient,resilient,38,3.1405820486630565,True,0.496,0.7796410256410256,0.58,0.7080000000000001,0.16000000000000003,0.02564102564102564,1.2376410256410257,True,False,62.75282051282051
recovery_dominant,bottleneck,45,J3_joint,resilient,resilient,38,3.1405820486630565,True,0.496,0.7796410256410256,0.58,0.7080000000000001,0.16000000000000003,0.02564102564102564,1.2376410256410257,True,False,125.56446148608163
recovery_dominant,bottleneck,46,J0_shortest,none,resilient,38,3.1814079227719945,True,0.496,0.7796410256410256,0.58,0.7080000000000001,0.16000000000000003,0.02564102564102564,1.2376410256410257,False,True,38.0
recovery_dominant,bottleneck,46,J1_risk,none,resilient,38,3.1814079227719945,True,0.496,0.7796410256410256,0.58,0.7080000000000001,0.16000000000000003,0.02564102564102564,1.2376410256410257,False,True,101.62815845543989
recovery_dominant,bottleneck,46,J2_recoverability,none,resilient,38,3.1814079227719945,True,0.496,0.7796410256410256,0.58,0.7080000000000001,0.16000000000000003,0.02564102564102564,1.2376410256410257,False,True,62.75282051282051
recovery_dominant,bottleneck,46,J3_joint,none,resilient,38,3.1814079227719945,True,0.496,0.7796410256410256,0.58,0.7080000000000001,0.16000000000000003,0.02564102564102564,1.2376410256410257,False,True,126.3809789682604
recovery_dominant,bottleneck,47,J0_shortest,resilient,resilient,38,3.1358080883319945,True,0.496,0.7796410256410256,0.58,0.7080000000000001,0.16000000000000003,0.02564102564102564,1.2376410256410257,True,False,38.0
recovery_dominant,bottleneck,47,J1_risk,resilient,resilient,38,3.1358080883319945,True,0.496,0.7796410256410256,0.58,0.7080000000000001,0.16000000000000003,0.02564102564102564,1.2376410256410257,True,False,100.71616176663989
recovery_dominant,bottleneck,47,J2_recoverability,resilient,resilient,38,3.1358080883319945,True,0.496,0.7796410256410256,0.58,0.7080000000000001,0.16000000000000003,0.02564102564102564,1.2376410256410257,True,False,62.75282051282051
recovery_dominant,bottleneck,47,J3_joint,resilient,resilient,38,3.1358080883319945,True,0.496,0.7796410256410256,0.58,0.7080000000000001,0.16000000000000003,0.02564102564102564,1.2376410256410257,True,False,125.46898227946039
recovery_dominant,bottleneck,48,J0_shortest,fragile,resilient,38,3.1080803901519642,True,0.496,0.7796410256410256,0.58,0.7080000000000001,0.16000000000000003,0.02564102564102564,1.2376410256410257,False,True,38.0
recovery_dominant,bottleneck,48,J1_risk,fragile,resilient,38,3.1080803901519642,True,0.496,0.7796410256410256,0.58,0.7080000000000001,0.16000000000000003,0.02564102564102564,1.2376410256410257,False,True,100.16160780303929
recovery_dominant,bottleneck,48,J2_recoverability,fragile,resilient,38,3.1080803901519642,True,0.496,0.7796410256410256,0.58,0.7080000000000001,0.16000000000000003,0.02564102564102564,1.2376410256410257,False,True,62.75282051282051
recovery_dominant,bottleneck,48,J3_joint,fragile,resilient,38,3.1080803901519642,True,0.496,0.7796410256410256,0.58,0.7080000000000001,0.16000000000000003,0.02564102564102564,1.2376410256410257,False,True,124.9144283158598
recovery_dominant,bottleneck,49,J0_shortest,none,resilient,38,3.136780739795777,True,0.496,0.7796410256410256,0.58,0.7080000000000001,0.16000000000000003,0.02564102564102564,1.2376410256410257,False,True,38.0
recovery_dominant,bottleneck,49,J1_risk,none,resilient,38,3.136780739795777,True,0.496,0.7796410256410256,0.58,0.7080000000000001,0.16000000000000003,0.02564102564102564,1.2376410256410257,False,True,100.73561479591554
recovery_dominant,bottleneck,49,J2_recoverability,none,resilient,38,3.136780739795777,True,0.496,0.7796410256410256,0.58,0.7080000000000001,0.16000000000000003,0.02564102564102564,1.2376410256410257,False,True,62.75282051282051
recovery_dominant,bottleneck,49,J3_joint,none,resilient,38,3.136780739795777,True,0.496,0.7796410256410256,0.58,0.7080000000000001,0.16000000000000003,0.02564102564102564,1.2376410256410257,False,True,125.48843530873606
recovery_dominant,bottleneck,50,J0_shortest,resilient,resilient,38,3.1078242041712554,True,0.496,0.7796410256410256,0.58,0.7080000000000001,0.16000000000000003,0.02564102564102564,1.2376410256410257,True,False,38.0
recovery_dominant,bottleneck,50,J1_risk,resilient,resilient,38,3.1078242041712554,True,0.496,0.7796410256410256,0.58,0.7080000000000001,0.16000000000000003,0.02564102564102564,1.2376410256410257,True,False,100.15648408342511
recovery_dominant,bottleneck,50,J2_recoverability,resilient,resilient,38,3.1078242041712554,True,0.496,0.7796410256410256,0.58,0.7080000000000001,0.16000000000000003,0.02564102564102564,1.2376410256410257,True,False,62.75282051282051
recovery_dominant,bottleneck,50,J3_joint,resilient,resilient,38,3.1078242041712554,True,0.496,0.7796410256410256,0.58,0.7080000000000001,0.16000000000000003,0.02564102564102564,1.2376410256410257,True,False,124.90930459624562
recovery_dominant,bottleneck,51,J0_shortest,resilient,resilient,38,3.0980473934728545,True,0.496,0.7796410256410256,0.58,0.7080000000000001,0.16000000000000003,0.02564102564102564,1.2376410256410257,True,False,38.0
recovery_dominant,bottleneck,51,J1_risk,resilient,resilient,38,3.0980473934728545,True,0.496,0.7796410256410256,0.58,0.7080000000000001,0.16000000000000003,0.02564102564102564,1.2376410256410257,True,False,99.96094786945709
recovery_dominant,bottleneck,51,J2_recoverability,resilient,resilient,38,3.0980473934728545,True,0.496,0.7796410256410256,0.58,0.7080000000000001,0.16000000000000003,0.02564102564102564,1.2376410256410257,True,False,62.75282051282051
recovery_dominant,bottleneck,51,J3_joint,resilient,resilient,38,3.0980473934728545,True,0.496,0.7796410256410256,0.58,0.7080000000000001,0.16000000000000003,0.02564102564102564,1.2376410256410257,True,False,124.7137683822776
recovery_dominant,bottleneck,52,J0_shortest,fragile,resilient,38,3.1865792071746997,True,0.496,0.7796410256410256,0.58,0.7080000000000001,0.16000000000000003,0.02564102564102564,1.2376410256410257,False,True,38.0
recovery_dominant,bottleneck,52,J1_risk,fragile,resilient,38,3.1865792071746997,True,0.496,0.7796410256410256,0.58,0.7080000000000001,0.16000000000000003,0.02564102564102564,1.2376410256410257,False,True,101.73158414349399
recovery_dominant,bottleneck,52,J2_recoverability,fragile,resilient,38,3.1865792071746997,True,0.496,0.7796410256410256,0.58,0.7080000000000001,0.16000000000000003,0.02564102564102564,1.2376410256410257,False,True,62.75282051282051
recovery_dominant,bottleneck,52,J3_joint,fragile,resilient,38,3.1865792071746997,True,0.496,0.7796410256410256,0.58,0.7080000000000001,0.16000000000000003,0.02564102564102564,1.2376410256410257,False,True,126.4844046563145
recovery_dominant,bottleneck,53,J0_shortest,resilient,resilient,38,3.139310636231517,True,0.496,0.7796410256410256,0.58,0.7080000000000001,0.16000000000000003,0.02564102564102564,1.2376410256410257,True,False,38.0
recovery_dominant,bottleneck,53,J1_risk,resilient,resilient,38,3.139310636231517,True,0.496,0.7796410256410256,0.58,0.7080000000000001,0.16000000000000003,0.02564102564102564,1.2376410256410257,True,False,100.78621272463033
recovery_dominant,bottleneck,53,J2_recoverability,resilient,resilient,38,3.139310636231517,True,0.496,0.7796410256410256,0.58,0.7080000000000001,0.16000000000000003,0.02564102564102564,1.2376410256410257,True,False,62.75282051282051
recovery_dominant,bottleneck,53,J3_joint,resilient,resilient,38,3.139310636231517,True,0.496,0.7796410256410256,0.58,0.7080000000000001,0.16000000000000003,0.02564102564102564,1.2376410256410257,True,False,125.53903323745084
recovery_dominant,bottleneck,54,J0_shortest,fragile,resilient,38,3.1694276026818446,True,0.496,0.7796410256410256,0.58,0.7080000000000001,0.16000000000000003,0.02564102564102564,1.2376410256410257,False,True,38.0
recovery_dominant,bottleneck,54,J1_risk,fragile,resilient,38,3.1694276026818446,True,0.496,0.7796410256410256,0.58,0.7080000000000001,0.16000000000000003,0.02564102564102564,1.2376410256410257,False,True,101.38855205363689
recovery_dominant,bottleneck,54,J2_recoverability,fragile,resilient,38,3.1694276026818446,True,0.496,0.7796410256410256,0.58,0.7080000000000001,0.16000000000000003,0.02564102564102564,1.2376410256410257,False,True,62.75282051282051
recovery_dominant,bottleneck,54,J3_joint,fragile,resilient,38,3.1694276026818446,True,0.496,0.7796410256410256,0.58,0.7080000000000001,0.16000000000000003,0.02564102564102564,1.2376410256410257,False,True,126.14137256645739
recovery_dominant,bottleneck,55,J0_shortest,fragile,resilient,38,3.113407170304074,True,0.496,0.7796410256410256,0.58,0.7080000000000001,0.16000000000000003,0.02564102564102564,1.2376410256410257,False,True,38.0
recovery_dominant,bottleneck,55,J1_risk,fragile,resilient,38,3.113407170304074,True,0.496,0.7796410256410256,0.58,0.7080000000000001,0.16000000000000003,0.02564102564102564,1.2376410256410257,False,True,100.26814340608148
recovery_dominant,bottleneck,55,J2_recoverability,fragile,resilient,38,3.113407170304074,True,0.496,0.7796410256410256,0.58,0.7080000000000001,0.16000000000000003,0.02564102564102564,1.2376410256410257,False,True,62.75282051282051
recovery_dominant,bottleneck,55,J3_joint,fragile,resilient,38,3.113407170304074,True,0.496,0.7796410256410256,0.58,0.7080000000000001,0.16000000000000003,0.02564102564102564,1.2376410256410257,False,True,125.020963918902
recovery_dominant,bottleneck,56,J0_shortest,fragile,resilient,38,3.123757875597754,True,0.496,0.7796410256410256,0.58,0.7080000000000001,0.16000000000000003,0.02564102564102564,1.2376410256410257,False,True,38.0
recovery_dominant,bottleneck,56,J1_risk,fragile,resilient,38,3.123757875597754,True,0.496,0.7796410256410256,0.58,0.7080000000000001,0.16000000000000003,0.02564102564102564,1.2376410256410257,False,True,100.47515751195508
recovery_dominant,bottleneck,56,J2_recoverability,fragile,resilient,38,3.123757875597754,True,0.496,0.7796410256410256,0.58,0.7080000000000001,0.16000000000000003,0.02564102564102564,1.2376410256410257,False,True,62.75282051282051
recovery_dominant,bottleneck,56,J3_joint,fragile,resilient,38,3.123757875597754,True,0.496,0.7796410256410256,0.58,0.7080000000000001,0.16000000000000003,0.02564102564102564,1.2376410256410257,False,True,125.22797802477558
recovery_dominant,bottleneck,57,J0_shortest,fragile,resilient,38,3.1095245149853334,True,0.496,0.7796410256410256,0.58,0.7080000000000001,0.16000000000000003,0.02564102564102564,1.2376410256410257,False,True,38.0
recovery_dominant,bottleneck,57,J1_risk,fragile,resilient,38,3.1095245149853334,True,0.496,0.7796410256410256,0.58,0.7080000000000001,0.16000000000000003,0.02564102564102564,1.2376410256410257,False,True,100.19049029970667
recovery_dominant,bottleneck,57,J2_recoverability,fragile,resilient,38,3.1095245149853334,True,0.496,0.7796410256410256,0.58,0.7080000000000001,0.16000000000000003,0.02564102564102564,1.2376410256410257,False,True,62.75282051282051
recovery_dominant,bottleneck,57,J3_joint,fragile,resilient,38,3.1095245149853334,True,0.496,0.7796410256410256,0.58,0.7080000000000001,0.16000000000000003,0.02564102564102564,1.2376410256410257,False,True,124.94331081252719
recovery_dominant,bottleneck,58,J0_shortest,resilient,resilient,38,3.1132569999084345,True,0.496,0.7796410256410256,0.58,0.7080000000000001,0.16000000000000003,0.02564102564102564,1.2376410256410257,True,False,38.0
recovery_dominant,bottleneck,58,J1_risk,resilient,resilient,38,3.1132569999084345,True,0.496,0.7796410256410256,0.58,0.7080000000000001,0.16000000000000003,0.02564102564102564,1.2376410256410257,True,False,100.26513999816869
recovery_dominant,bottleneck,58,J2_recoverability,resilient,resilient,38,3.1132569999084345,True,0.496,0.7796410256410256,0.58,0.7080000000000001,0.16000000000000003,0.02564102564102564,1.2376410256410257,True,False,62.75282051282051
recovery_dominant,bottleneck,58,J3_joint,resilient,resilient,38,3.1132569999084345,True,0.496,0.7796410256410256,0.58,0.7080000000000001,0.16000000000000003,0.02564102564102564,1.2376410256410257,True,False,125.01796051098921
recovery_dominant,bottleneck,59,J0_shortest,fragile,resilient,38,3.113083875550536,True,0.496,0.7796410256410256,0.58,0.7080000000000001,0.16000000000000003,0.02564102564102564,1.2376410256410257,False,True,38.0
recovery_dominant,bottleneck,59,J1_risk,fragile,resilient,38,3.113083875550536,True,0.496,0.7796410256410256,0.58,0.7080000000000001,0.16000000000000003,0.02564102564102564,1.2376410256410257,False,True,100.26167751101073
recovery_dominant,bottleneck,59,J2_recoverability,fragile,resilient,38,3.113083875550536,True,0.496,0.7796410256410256,0.58,0.7080000000000001,0.16000000000000003,0.02564102564102564,1.2376410256410257,False,True,62.75282051282051
recovery_dominant,bottleneck,59,J3_joint,fragile,resilient,38,3.113083875550536,True,0.496,0.7796410256410256,0.58,0.7080000000000001,0.16000000000000003,0.02564102564102564,1.2376410256410257,False,True,125.01449802383124
recovery_dominant,bottleneck,60,J0_shortest,none,resilient,38,3.1394252327434247,True,0.496,0.7796410256410256,0.58,0.7080000000000001,0.16000000000000003,0.02564102564102564,1.2376410256410257,False,True,38.0
recovery_dominant,bottleneck,60,J1_risk,none,resilient,38,3.1394252327434247,True,0.496,0.7796410256410256,0.58,0.7080000000000001,0.16000000000000003,0.02564102564102564,1.2376410256410257,False,True,100.78850465486849
recovery_dominant,bottleneck,60,J2_recoverability,none,resilient,38,3.1394252327434247,True,0.496,0.7796410256410256,0.58,0.7080000000000001,0.16000000000000003,0.02564102564102564,1.2376410256410257,False,True,62.75282051282051
recovery_dominant,bottleneck,60,J3_joint,none,resilient,38,3.1394252327434247,True,0.496,0.7796410256410256,0.58,0.7080000000000001,0.16000000000000003,0.02564102564102564,1.2376410256410257,False,True,125.541325167689
recovery_dominant,bottleneck,61,J0_shortest,resilient,resilient,38,3.1410707974481573,True,0.496,0.7796410256410256,0.58,0.7080000000000001,0.16000000000000003,0.02564102564102564,1.2376410256410257,True,False,38.0
recovery_dominant,bottleneck,61,J1_risk,resilient,resilient,38,3.1410707974481573,True,0.496,0.7796410256410256,0.58,0.7080000000000001,0.16000000000000003,0.02564102564102564,1.2376410256410257,True,False,100.82141594896315
recovery_dominant,bottleneck,61,J2_recoverability,resilient,resilient,38,3.1410707974481573,True,0.496,0.7796410256410256,0.58,0.7080000000000001,0.16000000000000003,0.02564102564102564,1.2376410256410257,True,False,62.75282051282051
recovery_dominant,bottleneck,61,J3_joint,resilient,resilient,38,3.1410707974481573,True,0.496,0.7796410256410256,0.58,0.7080000000000001,0.16000000000000003,0.02564102564102564,1.2376410256410257,True,False,125.57423646178367
recovery_dominant,bottleneck,62,J0_shortest,fragile,resilient,38,3.138977311706634,True,0.496,0.7796410256410256,0.58,0.7080000000000001,0.16000000000000003,0.02564102564102564,1.2376410256410257,False,True,38.0
recovery_dominant,bottleneck,62,J1_risk,fragile,resilient,38,3.138977311706634,True,0.496,0.7796410256410256,0.58,0.7080000000000001,0.16000000000000003,0.02564102564102564,1.2376410256410257,False,True,100.77954623413268
recovery_dominant,bottleneck,62,J2_recoverability,fragile,resilient,38,3.138977311706634,True,0.496,0.7796410256410256,0.58,0.7080000000000001,0.16000000000000003,0.02564102564102564,1.2376410256410257,False,True,62.75282051282051
recovery_dominant,bottleneck,62,J3_joint,fragile,resilient,38,3.138977311706634,True,0.496,0.7796410256410256,0.58,0.7080000000000001,0.16000000000000003,0.02564102564102564,1.2376410256410257,False,True,125.53236674695319
recovery_dominant,bottleneck,63,J0_shortest,fragile,resilient,38,3.121062145203812,True,0.496,0.7796410256410256,0.58,0.7080000000000001,0.16000000000000003,0.02564102564102564,1.2376410256410257,False,True,38.0
recovery_dominant,bottleneck,63,J1_risk,fragile,resilient,38,3.121062145203812,True,0.496,0.7796410256410256,0.58,0.7080000000000001,0.16000000000000003,0.02564102564102564,1.2376410256410257,False,True,100.42124290407624
recovery_dominant,bottleneck,63,J2_recoverability,fragile,resilient,38,3.121062145203812,True,0.496,0.7796410256410256,0.58,0.7080000000000001,0.16000000000000003,0.02564102564102564,1.2376410256410257,False,True,62.75282051282051
recovery_dominant,bottleneck,63,J3_joint,fragile,resilient,38,3.121062145203812,True,0.496,0.7796410256410256,0.58,0.7080000000000001,0.16000000000000003,0.02564102564102564,1.2376410256410257,False,True,125.17406341689676
recovery_dominant,bottleneck,64,J0_shortest,none,resilient,38,3.152122136142,True,0.496,0.7796410256410256,0.58,0.7080000000000001,0.16000000000000003,0.02564102564102564,1.2376410256410257,False,True,38.0
recovery_dominant,bottleneck,64,J1_risk,none,resilient,38,3.152122136142,True,0.496,0.7796410256410256,0.58,0.7080000000000001,0.16000000000000003,0.02564102564102564,1.2376410256410257,False,True,101.04244272284001
recovery_dominant,bottleneck,64,J2_recoverability,none,resilient,38,3.152122136142,True,0.496,0.7796410256410256,0.58,0.7080000000000001,0.16000000000000003,0.02564102564102564,1.2376410256410257,False,True,62.75282051282051
recovery_dominant,bottleneck,64,J3_joint,none,resilient,38,3.152122136142,True,0.496,0.7796410256410256,0.58,0.7080000000000001,0.16000000000000003,0.02564102564102564,1.2376410256410257,False,True,125.79526323566051
recovery_dominant,bottleneck,65,J0_shortest,fragile,resilient,38,3.122581976917339,True,0.496,0.7796410256410256,0.58,0.7080000000000001,0.16000000000000003,0.02564102564102564,1.2376410256410257,False,True,38.0
recovery_dominant,bottleneck,65,J1_risk,fragile,resilient,38,3.122581976917339,True,0.496,0.7796410256410256,0.58,0.7080000000000001,0.16000000000000003,0.02564102564102564,1.2376410256410257,False,True,100.45163953834677
recovery_dominant,bottleneck,65,J2_recoverability,fragile,resilient,38,3.122581976917339,True,0.496,0.7796410256410256,0.58,0.7080000000000001,0.16000000000000003,0.02564102564102564,1.2376410256410257,False,True,62.75282051282051
recovery_dominant,bottleneck,65,J3_joint,fragile,resilient,38,3.122581976917339,True,0.496,0.7796410256410256,0.58,0.7080000000000001,0.16000000000000003,0.02564102564102564,1.2376410256410257,False,True,125.20446005116727
recovery_dominant,bottleneck,66,J0_shortest,fragile,resilient,38,3.1038342015377234,True,0.496,0.7796410256410256,0.58,0.7080000000000001,0.16000000000000003,0.02564102564102564,1.2376410256410257,False,True,38.0
recovery_dominant,bottleneck,66,J1_risk,fragile,resilient,38,3.1038342015377234,True,0.496,0.7796410256410256,0.58,0.7080000000000001,0.16000000000000003,0.02564102564102564,1.2376410256410257,False,True,100.07668403075446
recovery_dominant,bottleneck,66,J2_recoverability,fragile,resilient,38,3.1038342015377234,True,0.496,0.7796410256410256,0.58,0.7080000000000001,0.16000000000000003,0.02564102564102564,1.2376410256410257,False,True,62.75282051282051
recovery_dominant,bottleneck,66,J3_joint,fragile,resilient,38,3.1038342015377234,True,0.496,0.7796410256410256,0.58,0.7080000000000001,0.16000000000000003,0.02564102564102564,1.2376410256410257,False,True,124.82950454357498
recovery_dominant,bottleneck,67,J0_shortest,resilient,resilient,38,3.1098662763479634,True,0.496,0.7796410256410256,0.58,0.7080000000000001,0.16000000000000003,0.02564102564102564,1.2376410256410257,True,False,38.0
recovery_dominant,bottleneck,67,J1_risk,resilient,resilient,38,3.1098662763479634,True,0.496,0.7796410256410256,0.58,0.7080000000000001,0.16000000000000003,0.02564102564102564,1.2376410256410257,True,False,100.19732552695928
recovery_dominant,bottleneck,67,J2_recoverability,resilient,resilient,38,3.1098662763479634,True,0.496,0.7796410256410256,0.58,0.7080000000000001,0.16000000000000003,0.02564102564102564,1.2376410256410257,True,False,62.75282051282051
recovery_dominant,bottleneck,67,J3_joint,resilient,resilient,38,3.1098662763479634,True,0.496,0.7796410256410256,0.58,0.7080000000000001,0.16000000000000003,0.02564102564102564,1.2376410256410257,True,False,124.95014603977978
recovery_dominant,bottleneck,68,J0_shortest,resilient,resilient,38,3.099823391861752,True,0.496,0.7796410256410256,0.58,0.7080000000000001,0.16000000000000003,0.02564102564102564,1.2376410256410257,True,False,38.0
recovery_dominant,bottleneck,68,J1_risk,resilient,resilient,38,3.099823391861752,True,0.496,0.7796410256410256,0.58,0.7080000000000001,0.16000000000000003,0.02564102564102564,1.2376410256410257,True,False,99.99646783723504
recovery_dominant,bottleneck,68,J2_recoverability,resilient,resilient,38,3.099823391861752,True,0.496,0.7796410256410256,0.58,0.7080000000000001,0.16000000000000003,0.02564102564102564,1.2376410256410257,True,False,62.75282051282051
recovery_dominant,bottleneck,68,J3_joint,resilient,resilient,38,3.099823391861752,True,0.496,0.7796410256410256,0.58,0.7080000000000001,0.16000000000000003,0.02564102564102564,1.2376410256410257,True,False,124.74928835005556
recovery_dominant,bottleneck,69,J0_shortest,none,resilient,38,3.1028557818317726,True,0.496,0.7796410256410256,0.58,0.7080000000000001,0.16000000000000003,0.02564102564102564,1.2376410256410257,False,True,38.0
recovery_dominant,bottleneck,69,J1_risk,none,resilient,38,3.1028557818317726,True,0.496,0.7796410256410256,0.58,0.7080000000000001,0.16000000000000003,0.02564102564102564,1.2376410256410257,False,True,100.05711563663544
recovery_dominant,bottleneck,69,J2_recoverability,none,resilient,38,3.1028557818317726,True,0.496,0.7796410256410256,0.58,0.7080000000000001,0.16000000000000003,0.02564102564102564,1.2376410256410257,False,True,62.75282051282051
recovery_dominant,bottleneck,69,J3_joint,none,resilient,38,3.1028557818317726,True,0.496,0.7796410256410256,0.58,0.7080000000000001,0.16000000000000003,0.02564102564102564,1.2376410256410257,False,True,124.80993614945595
recovery_dominant,bottleneck,70,J0_shortest,fragile,resilient,38,3.1135591561677205,True,0.496,0.7796410256410256,0.58,0.7080000000000001,0.16000000000000003,0.02564102564102564,1.2376410256410257,False,True,38.0
recovery_dominant,bottleneck,70,J1_risk,fragile,resilient,38,3.1135591561677205,True,0.496,0.7796410256410256,0.58,0.7080000000000001,0.16000000000000003,0.02564102564102564,1.2376410256410257,False,True,100.2711831233544
recovery_dominant,bottleneck,70,J2_recoverability,fragile,resilient,38,3.1135591561677205,True,0.496,0.7796410256410256,0.58,0.7080000000000001,0.16000000000000003,0.02564102564102564,1.2376410256410257,False,True,62.75282051282051
recovery_dominant,bottleneck,70,J3_joint,fragile,resilient,38,3.1135591561677205,True,0.496,0.7796410256410256,0.58,0.7080000000000001,0.16000000000000003,0.02564102564102564,1.2376410256410257,False,True,125.02400363617491
recovery_dominant,bottleneck,71,J0_shortest,fragile,resilient,38,3.070380841229492,True,0.496,0.7796410256410256,0.58,0.7080000000000001,0.16000000000000003,0.02564102564102564,1.2376410256410257,False,True,38.0
recovery_dominant,bottleneck,71,J1_risk,fragile,resilient,38,3.070380841229492,True,0.496,0.7796410256410256,0.58,0.7080000000000001,0.16000000000000003,0.02564102564102564,1.2376410256410257,False,True,99.40761682458984
recovery_dominant,bottleneck,71,J2_recoverability,fragile,resilient,38,3.070380841229492,True,0.496,0.7796410256410256,0.58,0.7080000000000001,0.16000000000000003,0.02564102564102564,1.2376410256410257,False,True,62.75282051282051
recovery_dominant,bottleneck,71,J3_joint,fragile,resilient,38,3.070380841229492,True,0.496,0.7796410256410256,0.58,0.7080000000000001,0.16000000000000003,0.02564102564102564,1.2376410256410257,False,True,124.16043733741034
recovery_dominant,bottleneck,72,J0_shortest,fragile,resilient,38,3.1266751702484825,True,0.496,0.7796410256410256,0.58,0.7080000000000001,0.16000000000000003,0.02564102564102564,1.2376410256410257,False,True,38.0
recovery_dominant,bottleneck,72,J1_risk,fragile,resilient,38,3.1266751702484825,True,0.496,0.7796410256410256,0.58,0.7080000000000001,0.16000000000000003,0.02564102564102564,1.2376410256410257,False,True,100.53350340496965
recovery_dominant,bottleneck,72,J2_recoverability,fragile,resilient,38,3.1266751702484825,True,0.496,0.7796410256410256,0.58,0.7080000000000001,0.16000000000000003,0.02564102564102564,1.2376410256410257,False,True,62.75282051282051
recovery_dominant,bottleneck,72,J3_joint,fragile,resilient,38,3.1266751702484825,True,0.496,0.7796410256410256,0.58,0.7080000000000001,0.16000000000000003,0.02564102564102564,1.2376410256410257,False,True,125.28632391779016
recovery_dominant,bottleneck,73,J0_shortest,fragile,resilient,38,3.1503479222833697,True,0.496,0.7796410256410256,0.58,0.7080000000000001,0.16000000000000003,0.02564102564102564,1.2376410256410257,False,True,38.0
recovery_dominant,bottleneck,73,J1_risk,fragile,resilient,38,3.1503479222833697,True,0.496,0.7796410256410256,0.58,0.7080000000000001,0.16000000000000003,0.02564102564102564,1.2376410256410257,False,True,101.0069584456674
recovery_dominant,bottleneck,73,J2_recoverability,fragile,resilient,38,3.1503479222833697,True,0.496,0.7796410256410256,0.58,0.7080000000000001,0.16000000000000003,0.02564102564102564,1.2376410256410257,False,True,62.75282051282051
recovery_dominant,bottleneck,73,J3_joint,fragile,resilient,38,3.1503479222833697,True,0.496,0.7796410256410256,0.58,0.7080000000000001,0.16000000000000003,0.02564102564102564,1.2376410256410257,False,True,125.75977895848791
recovery_dominant,bottleneck,74,J0_shortest,none,resilient,38,3.164412993082295,True,0.496,0.7796410256410256,0.58,0.7080000000000001,0.16000000000000003,0.02564102564102564,1.2376410256410257,False,True,38.0
recovery_dominant,bottleneck,74,J1_risk,none,resilient,38,3.164412993082295,True,0.496,0.7796410256410256,0.58,0.7080000000000001,0.16000000000000003,0.02564102564102564,1.2376410256410257,False,True,101.2882598616459
recovery_dominant,bottleneck,74,J2_recoverability,none,resilient,38,3.164412993082295,True,0.496,0.7796410256410256,0.58,0.7080000000000001,0.16000000000000003,0.02564102564102564,1.2376410256410257,False,True,62.75282051282051
recovery_dominant,bottleneck,74,J3_joint,none,resilient,38,3.164412993082295,True,0.496,0.7796410256410256,0.58,0.7080000000000001,0.16000000000000003,0.02564102564102564,1.2376410256410257,False,True,126.04108037446642
recovery_dominant,bottleneck,75,J0_shortest,resilient,resilient,38,3.1186564900730342,True,0.496,0.7796410256410256,0.58,0.7080000000000001,0.16000000000000003,0.02564102564102564,1.2376410256410257,True,False,38.0
recovery_dominant,bottleneck,75,J1_risk,resilient,resilient,38,3.1186564900730342,True,0.496,0.7796410256410256,0.58,0.7080000000000001,0.16000000000000003,0.02564102564102564,1.2376410256410257,True,False,100.37312980146069
recovery_dominant,bottleneck,75,J2_recoverability,resilient,resilient,38,3.1186564900730342,True,0.496,0.7796410256410256,0.58,0.7080000000000001,0.16000000000000003,0.02564102564102564,1.2376410256410257,True,False,62.75282051282051
recovery_dominant,bottleneck,75,J3_joint,resilient,resilient,38,3.1186564900730342,True,0.496,0.7796410256410256,0.58,0.7080000000000001,0.16000000000000003,0.02564102564102564,1.2376410256410257,True,False,125.1259503142812
recovery_dominant,bottleneck,76,J0_shortest,none,resilient,38,3.1758972179891,True,0.496,0.7796410256410256,0.58,0.7080000000000001,0.16000000000000003,0.02564102564102564,1.2376410256410257,False,True,38.0
recovery_dominant,bottleneck,76,J1_risk,none,resilient,38,3.1758972179891,True,0.496,0.7796410256410256,0.58,0.7080000000000001,0.16000000000000003,0.02564102564102564,1.2376410256410257,False,True,101.517944359782
recovery_dominant,bottleneck,76,J2_recoverability,none,resilient,38,3.1758972179891,True,0.496,0.7796410256410256,0.58,0.7080000000000001,0.16000000000000003,0.02564102564102564,1.2376410256410257,False,True,62.75282051282051
recovery_dominant,bottleneck,76,J3_joint,none,resilient,38,3.1758972179891,True,0.496,0.7796410256410256,0.58,0.7080000000000001,0.16000000000000003,0.02564102564102564,1.2376410256410257,False,True,126.27076487260251
recovery_dominant,bottleneck,77,J0_shortest,fragile,resilient,38,3.1203232803545675,True,0.496,0.7796410256410256,0.58,0.7080000000000001,0.16000000000000003,0.02564102564102564,1.2376410256410257,False,True,38.0
recovery_dominant,bottleneck,77,J1_risk,fragile,resilient,38,3.1203232803545675,True,0.496,0.7796410256410256,0.58,0.7080000000000001,0.16000000000000003,0.02564102564102564,1.2376410256410257,False,True,100.40646560709135
recovery_dominant,bottleneck,77,J2_recoverability,fragile,resilient,38,3.1203232803545675,True,0.496,0.7796410256410256,0.58,0.7080000000000001,0.16000000000000003,0.02564102564102564,1.2376410256410257,False,True,62.75282051282051
recovery_dominant,bottleneck,77,J3_joint,fragile,resilient,38,3.1203232803545675,True,0.496,0.7796410256410256,0.58,0.7080000000000001,0.16000000000000003,0.02564102564102564,1.2376410256410257,False,True,125.15928611991185
recovery_dominant,bottleneck,78,J0_shortest,none,resilient,38,3.14593917702011,True,0.496,0.7796410256410256,0.58,0.7080000000000001,0.16000000000000003,0.02564102564102564,1.2376410256410257,False,True,38.0
recovery_dominant,bottleneck,78,J1_risk,none,resilient,38,3.14593917702011,True,0.496,0.7796410256410256,0.58,0.7080000000000001,0.16000000000000003,0.02564102564102564,1.2376410256410257,False,True,100.9187835404022
recovery_dominant,bottleneck,78,J2_recoverability,none,resilient,38,3.14593917702011,True,0.496,0.7796410256410256,0.58,0.7080000000000001,0.16000000000000003,0.02564102564102564,1.2376410256410257,False,True,62.75282051282051
recovery_dominant,bottleneck,78,J3_joint,none,resilient,38,3.14593917702011,True,0.496,0.7796410256410256,0.58,0.7080000000000001,0.16000000000000003,0.02564102564102564,1.2376410256410257,False,True,125.67160405322272
recovery_dominant,bottleneck,79,J0_shortest,resilient,resilient,38,3.173976191945307,True,0.496,0.7796410256410256,0.58,0.7080000000000001,0.16000000000000003,0.02564102564102564,1.2376410256410257,True,False,38.0
recovery_dominant,bottleneck,79,J1_risk,resilient,resilient,38,3.173976191945307,True,0.496,0.7796410256410256,0.58,0.7080000000000001,0.16000000000000003,0.02564102564102564,1.2376410256410257,True,False,101.47952383890615
recovery_dominant,bottleneck,79,J2_recoverability,resilient,resilient,38,3.173976191945307,True,0.496,0.7796410256410256,0.58,0.7080000000000001,0.16000000000000003,0.02564102564102564,1.2376410256410257,True,False,62.75282051282051
recovery_dominant,bottleneck,79,J3_joint,resilient,resilient,38,3.173976191945307,True,0.496,0.7796410256410256,0.58,0.7080000000000001,0.16000000000000003,0.02564102564102564,1.2376410256410257,True,False,126.23234435172665
recovery_dominant,bottleneck,80,J0_shortest,resilient,resilient,38,3.1776259909318116,True,0.496,0.7796410256410256,0.58,0.7080000000000001,0.16000000000000003,0.02564102564102564,1.2376410256410257,True,False,38.0
recovery_dominant,bottleneck,80,J1_risk,resilient,resilient,38,3.1776259909318116,True,0.496,0.7796410256410256,0.58,0.7080000000000001,0.16000000000000003,0.02564102564102564,1.2376410256410257,True,False,101.55251981863623
recovery_dominant,bottleneck,80,J2_recoverability,resilient,resilient,38,3.1776259909318116,True,0.496,0.7796410256410256,0.58,0.7080000000000001,0.16000000000000003,0.02564102564102564,1.2376410256410257,True,False,62.75282051282051
recovery_dominant,bottleneck,80,J3_joint,resilient,resilient,38,3.1776259909318116,True,0.496,0.7796410256410256,0.58,0.7080000000000001,0.16000000000000003,0.02564102564102564,1.2376410256410257,True,False,126.30534033145673
recovery_dominant,bottleneck,81,J0_shortest,resilient,resilient,38,3.0922129811772656,True,0.496,0.7796410256410256,0.58,0.7080000000000001,0.16000000000000003,0.02564102564102564,1.2376410256410257,True,False,38.0
recovery_dominant,bottleneck,81,J1_risk,resilient,resilient,38,3.0922129811772656,True,0.496,0.7796410256410256,0.58,0.7080000000000001,0.16000000000000003,0.02564102564102564,1.2376410256410257,True,False,99.84425962354531
recovery_dominant,bottleneck,81,J2_recoverability,resilient,resilient,38,3.0922129811772656,True,0.496,0.7796410256410256,0.58,0.7080000000000001,0.16000000000000003,0.02564102564102564,1.2376410256410257,True,False,62.75282051282051
recovery_dominant,bottleneck,81,J3_joint,resilient,resilient,38,3.0922129811772656,True,0.496,0.7796410256410256,0.58,0.7080000000000001,0.16000000000000003,0.02564102564102564,1.2376410256410257,True,False,124.59708013636583
recovery_dominant,bottleneck,82,J0_shortest,fragile,resilient,38,3.1355148277627176,True,0.496,0.7796410256410256,0.58,0.7080000000000001,0.16000000000000003,0.02564102564102564,1.2376410256410257,False,True,38.0
recovery_dominant,bottleneck,82,J1_risk,fragile,resilient,38,3.1355148277627176,True,0.496,0.7796410256410256,0.58,0.7080000000000001,0.16000000000000003,0.02564102564102564,1.2376410256410257,False,True,100.71029655525436
recovery_dominant,bottleneck,82,J2_recoverability,fragile,resilient,38,3.1355148277627176,True,0.496,0.7796410256410256,0.58,0.7080000000000001,0.16000000000000003,0.02564102564102564,1.2376410256410257,False,True,62.75282051282051
recovery_dominant,bottleneck,82,J3_joint,fragile,resilient,38,3.1355148277627176,True,0.496,0.7796410256410256,0.58,0.7080000000000001,0.16000000000000003,0.02564102564102564,1.2376410256410257,False,True,125.46311706807487
recovery_dominant,bottleneck,83,J0_shortest,fragile,resilient,38,3.117879547379597,True,0.496,0.7796410256410256,0.58,0.7080000000000001,0.16000000000000003,0.02564102564102564,1.2376410256410257,False,True,38.0
recovery_dominant,bottleneck,83,J1_risk,fragile,resilient,38,3.117879547379597,True,0.496,0.7796410256410256,0.58,0.7080000000000001,0.16000000000000003,0.02564102564102564,1.2376410256410257,False,True,100.35759094759194
recovery_dominant,bottleneck,83,J2_recoverability,fragile,resilient,38,3.117879547379597,True,0.496,0.7796410256410256,0.58,0.7080000000000001,0.16000000000000003,0.02564102564102564,1.2376410256410257,False,True,62.75282051282051
recovery_dominant,bottleneck,83,J3_joint,fragile,resilient,38,3.117879547379597,True,0.496,0.7796410256410256,0.58,0.7080000000000001,0.16000000000000003,0.02564102564102564,1.2376410256410257,False,True,125.11041146041245
recovery_dominant,bottleneck,84,J0_shortest,resilient,resilient,38,3.0892720904284916,True,0.496,0.7796410256410256,0.58,0.7080000000000001,0.16000000000000003,0.02564102564102564,1.2376410256410257,True,False,38.0
recovery_dominant,bottleneck,84,J1_risk,resilient,resilient,38,3.0892720904284916,True,0.496,0.7796410256410256,0.58,0.7080000000000001,0.16000000000000003,0.02564102564102564,1.2376410256410257,True,False,99.78544180856983
recovery_dominant,bottleneck,84,J2_recoverability,resilient,resilient,38,3.0892720904284916,True,0.496,0.7796410256410256,0.58,0.7080000000000001,0.16000000000000003,0.02564102564102564,1.2376410256410257,True,False,62.75282051282051
recovery_dominant,bottleneck,84,J3_joint,resilient,resilient,38,3.0892720904284916,True,0.496,0.7796410256410256,0.58,0.7080000000000001,0.16000000000000003,0.02564102564102564,1.2376410256410257,True,False,124.53826232139033
recovery_dominant,bottleneck,85,J0_shortest,fragile,resilient,38,3.135935302830401,True,0.496,0.7796410256410256,0.58,0.7080000000000001,0.16000000000000003,0.02564102564102564,1.2376410256410257,False,True,38.0
recovery_dominant,bottleneck,85,J1_risk,fragile,resilient,38,3.135935302830401,True,0.496,0.7796410256410256,0.58,0.7080000000000001,0.16000000000000003,0.02564102564102564,1.2376410256410257,False,True,100.71870605660803
recovery_dominant,bottleneck,85,J2_recoverability,fragile,resilient,38,3.135935302830401,True,0.496,0.7796410256410256,0.58,0.7080000000000001,0.16000000000000003,0.02564102564102564,1.2376410256410257,False,True,62.75282051282051
recovery_dominant,bottleneck,85,J3_joint,fragile,resilient,38,3.135935302830401,True,0.496,0.7796410256410256,0.58,0.7080000000000001,0.16000000000000003,0.02564102564102564,1.2376410256410257,False,True,125.47152656942853
recovery_dominant,bottleneck,86,J0_shortest,fragile,resilient,38,3.079259792000472,True,0.496,0.7796410256410256,0.58,0.7080000000000001,0.16000000000000003,0.02564102564102564,1.2376410256410257,False,True,38.0
recovery_dominant,bottleneck,86,J1_risk,fragile,resilient,38,3.079259792000472,True,0.496,0.7796410256410256,0.58,0.7080000000000001,0.16000000000000003,0.02564102564102564,1.2376410256410257,False,True,99.58519584000943
recovery_dominant,bottleneck,86,J2_recoverability,fragile,resilient,38,3.079259792000472,True,0.496,0.7796410256410256,0.58,0.7080000000000001,0.16000000000000003,0.02564102564102564,1.2376410256410257,False,True,62.75282051282051
recovery_dominant,bottleneck,86,J3_joint,fragile,resilient,38,3.079259792000472,True,0.496,0.7796410256410256,0.58,0.7080000000000001,0.16000000000000003,0.02564102564102564,1.2376410256410257,False,True,124.33801635282995
recovery_dominant,bottleneck,87,J0_shortest,resilient,resilient,38,3.1424349322044027,True,0.496,0.7796410256410256,0.58,0.7080000000000001,0.16000000000000003,0.02564102564102564,1.2376410256410257,True,False,38.0
recovery_dominant,bottleneck,87,J1_risk,resilient,resilient,38,3.1424349322044027,True,0.496,0.7796410256410256,0.58,0.7080000000000001,0.16000000000000003,0.02564102564102564,1.2376410256410257,True,False,100.84869864408805
recovery_dominant,bottleneck,87,J2_recoverability,resilient,resilient,38,3.1424349322044027,True,0.496,0.7796410256410256,0.58,0.7080000000000001,0.16000000000000003,0.02564102564102564,1.2376410256410257,True,False,62.75282051282051
recovery_dominant,bottleneck,87,J3_joint,resilient,resilient,38,3.1424349322044027,True,0.496,0.7796410256410256,0.58,0.7080000000000001,0.16000000000000003,0.02564102564102564,1.2376410256410257,True,False,125.60151915690855
recovery_dominant,bottleneck,88,J0_shortest,fragile,resilient,38,3.1312426934555564,True,0.496,0.7796410256410256,0.58,0.7080000000000001,0.16000000000000003,0.02564102564102564,1.2376410256410257,False,True,38.0
recovery_dominant,bottleneck,88,J1_risk,fragile,resilient,38,3.1312426934555564,True,0.496,0.7796410256410256,0.58,0.7080000000000001,0.16000000000000003,0.02564102564102564,1.2376410256410257,False,True,100.62485386911112
recovery_dominant,bottleneck,88,J2_recoverability,fragile,resilient,38,3.1312426934555564,True,0.496,0.7796410256410256,0.58,0.7080000000000001,0.16000000000000003,0.02564102564102564,1.2376410256410257,False,True,62.75282051282051
recovery_dominant,bottleneck,88,J3_joint,fragile,resilient,38,3.1312426934555564,True,0.496,0.7796410256410256,0.58,0.7080000000000001,0.16000000000000003,0.02564102564102564,1.2376410256410257,False,True,125.37767438193163
recovery_dominant,bottleneck,89,J0_shortest,resilient,resilient,38,3.1204824898894015,True,0.496,0.7796410256410256,0.58,0.7080000000000001,0.16000000000000003,0.02564102564102564,1.2376410256410257,True,False,38.0
recovery_dominant,bottleneck,89,J1_risk,resilient,resilient,38,3.1204824898894015,True,0.496,0.7796410256410256,0.58,0.7080000000000001,0.16000000000000003,0.02564102564102564,1.2376410256410257,True,False,100.40964979778803
recovery_dominant,bottleneck,89,J2_recoverability,resilient,resilient,38,3.1204824898894015,True,0.496,0.7796410256410256,0.58,0.7080000000000001,0.16000000000000003,0.02564102564102564,1.2376410256410257,True,False,62.75282051282051
recovery_dominant,bottleneck,89,J3_joint,resilient,resilient,38,3.1204824898894015,True,0.496,0.7796410256410256,0.58,0.7080000000000001,0.16000000000000003,0.02564102564102564,1.2376410256410257,True,False,125.16247031060854
recovery_dominant,bottleneck,90,J0_shortest,none,resilient,38,3.1064450417583473,True,0.496,0.7796410256410256,0.58,0.7080000000000001,0.16000000000000003,0.02564102564102564,1.2376410256410257,False,True,38.0
recovery_dominant,bottleneck,90,J1_risk,none,resilient,38,3.1064450417583473,True,0.496,0.7796410256410256,0.58,0.7080000000000001,0.16000000000000003,0.02564102564102564,1.2376410256410257,False,True,100.12890083516695
recovery_dominant,bottleneck,90,J2_recoverability,none,resilient,38,3.1064450417583473,True,0.496,0.7796410256410256,0.58,0.7080000000000001,0.16000000000000003,0.02564102564102564,1.2376410256410257,False,True,62.75282051282051
recovery_dominant,bottleneck,90,J3_joint,none,resilient,38,3.1064450417583473,True,0.496,0.7796410256410256,0.58,0.7080000000000001,0.16000000000000003,0.02564102564102564,1.2376410256410257,False,True,124.88172134798745
recovery_dominant,bottleneck,91,J0_shortest,resilient,resilient,38,3.14445331794762,True,0.496,0.7796410256410256,0.58,0.7080000000000001,0.16000000000000003,0.02564102564102564,1.2376410256410257,True,False,38.0
recovery_dominant,bottleneck,91,J1_risk,resilient,resilient,38,3.14445331794762,True,0.496,0.7796410256410256,0.58,0.7080000000000001,0.16000000000000003,0.02564102564102564,1.2376410256410257,True,False,100.8890663589524
recovery_dominant,bottleneck,91,J2_recoverability,resilient,resilient,38,3.14445331794762,True,0.496,0.7796410256410256,0.58,0.7080000000000001,0.16000000000000003,0.02564102564102564,1.2376410256410257,True,False,62.75282051282051
recovery_dominant,bottleneck,91,J3_joint,resilient,resilient,38,3.14445331794762,True,0.496,0.7796410256410256,0.58,0.7080000000000001,0.16000000000000003,0.02564102564102564,1.2376410256410257,True,False,125.64188687177293
recovery_dominant,bottleneck,92,J0_shortest,fragile,resilient,38,3.1001804923527785,True,0.496,0.7796410256410256,0.58,0.7080000000000001,0.16000000000000003,0.02564102564102564,1.2376410256410257,False,True,38.0
recovery_dominant,bottleneck,92,J1_risk,fragile,resilient,38,3.1001804923527785,True,0.496,0.7796410256410256,0.58,0.7080000000000001,0.16000000000000003,0.02564102564102564,1.2376410256410257,False,True,100.00360984705557
recovery_dominant,bottleneck,92,J2_recoverability,fragile,resilient,38,3.1001804923527785,True,0.496,0.7796410256410256,0.58,0.7080000000000001,0.16000000000000003,0.02564102564102564,1.2376410256410257,False,True,62.75282051282051
recovery_dominant,bottleneck,92,J3_joint,fragile,resilient,38,3.1001804923527785,True,0.496,0.7796410256410256,0.58,0.7080000000000001,0.16000000000000003,0.02564102564102564,1.2376410256410257,False,True,124.75643035987608
recovery_dominant,bottleneck,93,J0_shortest,none,resilient,38,3.1107460750298204,True,0.496,0.7796410256410256,0.58,0.7080000000000001,0.16000000000000003,0.02564102564102564,1.2376410256410257,False,True,38.0
recovery_dominant,bottleneck,93,J1_risk,none,resilient,38,3.1107460750298204,True,0.496,0.7796410256410256,0.58,0.7080000000000001,0.16000000000000003,0.02564102564102564,1.2376410256410257,False,True,100.2149215005964
recovery_dominant,bottleneck,93,J2_recoverability,none,resilient,38,3.1107460750298204,True,0.496,0.7796410256410256,0.58,0.7080000000000001,0.16000000000000003,0.02564102564102564,1.2376410256410257,False,True,62.75282051282051
recovery_dominant,bottleneck,93,J3_joint,none,resilient,38,3.1107460750298204,True,0.496,0.7796410256410256,0.58,0.7080000000000001,0.16000000000000003,0.02564102564102564,1.2376410256410257,False,True,124.96774201341691
recovery_dominant,bottleneck,94,J0_shortest,fragile,resilient,38,3.138639960816544,True,0.496,0.7796410256410256,0.58,0.7080000000000001,0.16000000000000003,0.02564102564102564,1.2376410256410257,False,True,38.0
recovery_dominant,bottleneck,94,J1_risk,fragile,resilient,38,3.138639960816544,True,0.496,0.7796410256410256,0.58,0.7080000000000001,0.16000000000000003,0.02564102564102564,1.2376410256410257,False,True,100.77279921633088
recovery_dominant,bottleneck,94,J2_recoverability,fragile,resilient,38,3.138639960816544,True,0.496,0.7796410256410256,0.58,0.7080000000000001,0.16000000000000003,0.02564102564102564,1.2376410256410257,False,True,62.75282051282051
recovery_dominant,bottleneck,94,J3_joint,fragile,resilient,38,3.138639960816544,True,0.496,0.7796410256410256,0.58,0.7080000000000001,0.16000000000000003,0.02564102564102564,1.2376410256410257,False,True,125.5256197291514
recovery_dominant,bottleneck,95,J0_shortest,none,resilient,38,3.0859787004913657,True,0.496,0.7796410256410256,0.58,0.7080000000000001,0.16000000000000003,0.02564102564102564,1.2376410256410257,False,True,38.0
recovery_dominant,bottleneck,95,J1_risk,none,resilient,38,3.0859787004913657,True,0.496,0.7796410256410256,0.58,0.7080000000000001,0.16000000000000003,0.02564102564102564,1.2376410256410257,False,True,99.71957400982731
recovery_dominant,bottleneck,95,J2_recoverability,none,resilient,38,3.0859787004913657,True,0.496,0.7796410256410256,0.58,0.7080000000000001,0.16000000000000003,0.02564102564102564,1.2376410256410257,False,True,62.75282051282051
recovery_dominant,bottleneck,95,J3_joint,none,resilient,38,3.0859787004913657,True,0.496,0.7796410256410256,0.58,0.7080000000000001,0.16000000000000003,0.02564102564102564,1.2376410256410257,False,True,124.47239452264782
recovery_dominant,bottleneck,96,J0_shortest,resilient,resilient,38,3.0989176182293896,True,0.496,0.7796410256410256,0.58,0.7080000000000001,0.16000000000000003,0.02564102564102564,1.2376410256410257,True,False,38.0
recovery_dominant,bottleneck,96,J1_risk,resilient,resilient,38,3.0989176182293896,True,0.496,0.7796410256410256,0.58,0.7080000000000001,0.16000000000000003,0.02564102564102564,1.2376410256410257,True,False,99.97835236458779
recovery_dominant,bottleneck,96,J2_recoverability,resilient,resilient,38,3.0989176182293896,True,0.496,0.7796410256410256,0.58,0.7080000000000001,0.16000000000000003,0.02564102564102564,1.2376410256410257,True,False,62.75282051282051
recovery_dominant,bottleneck,96,J3_joint,resilient,resilient,38,3.0989176182293896,True,0.496,0.7796410256410256,0.58,0.7080000000000001,0.16000000000000003,0.02564102564102564,1.2376410256410257,True,False,124.73117287740831
recovery_dominant,bottleneck,97,J0_shortest,fragile,resilient,38,3.1235199810861656,True,0.496,0.7796410256410256,0.58,0.7080000000000001,0.16000000000000003,0.02564102564102564,1.2376410256410257,False,True,38.0
recovery_dominant,bottleneck,97,J1_risk,fragile,resilient,38,3.1235199810861656,True,0.496,0.7796410256410256,0.58,0.7080000000000001,0.16000000000000003,0.02564102564102564,1.2376410256410257,False,True,100.47039962172332
recovery_dominant,bottleneck,97,J2_recoverability,fragile,resilient,38,3.1235199810861656,True,0.496,0.7796410256410256,0.58,0.7080000000000001,0.16000000000000003,0.02564102564102564,1.2376410256410257,False,True,62.75282051282051
recovery_dominant,bottleneck,97,J3_joint,fragile,resilient,38,3.1235199810861656,True,0.496,0.7796410256410256,0.58,0.7080000000000001,0.16000000000000003,0.02564102564102564,1.2376410256410257,False,True,125.22322013454382
recovery_dominant,bottleneck,98,J0_shortest,fragile,resilient,38,3.0728063351684254,True,0.496,0.7796410256410256,0.58,0.7080000000000001,0.16000000000000003,0.02564102564102564,1.2376410256410257,False,True,38.0
recovery_dominant,bottleneck,98,J1_risk,fragile,resilient,38,3.0728063351684254,True,0.496,0.7796410256410256,0.58,0.7080000000000001,0.16000000000000003,0.02564102564102564,1.2376410256410257,False,True,99.45612670336851
recovery_dominant,bottleneck,98,J2_recoverability,fragile,resilient,38,3.0728063351684254,True,0.496,0.7796410256410256,0.58,0.7080000000000001,0.16000000000000003,0.02564102564102564,1.2376410256410257,False,True,62.75282051282051
recovery_dominant,bottleneck,98,J3_joint,fragile,resilient,38,3.0728063351684254,True,0.496,0.7796410256410256,0.58,0.7080000000000001,0.16000000000000003,0.02564102564102564,1.2376410256410257,False,True,124.20894721618902
recovery_dominant,bottleneck,99,J0_shortest,resilient,resilient,38,3.14957970690566,True,0.496,0.7796410256410256,0.58,0.7080000000000001,0.16000000000000003,0.02564102564102564,1.2376410256410257,True,False,38.0
recovery_dominant,bottleneck,99,J1_risk,resilient,resilient,38,3.14957970690566,True,0.496,0.7796410256410256,0.58,0.7080000000000001,0.16000000000000003,0.02564102564102564,1.2376410256410257,True,False,100.9915941381132
recovery_dominant,bottleneck,99,J2_recoverability,resilient,resilient,38,3.14957970690566,True,0.496,0.7796410256410256,0.58,0.7080000000000001,0.16000000000000003,0.02564102564102564,1.2376410256410257,True,False,62.75282051282051
recovery_dominant,bottleneck,99,J3_joint,resilient,resilient,38,3.14957970690566,True,0.496,0.7796410256410256,0.58,0.7080000000000001,0.16000000000000003,0.02564102564102564,1.2376410256410257,True,False,125.74441465093372
risk_recovery_conflict,bottleneck,0,J0_shortest,fragile,resilient,38,4.298820504879458,True,0.496,0.7796410256410256,0.58,0.7080000000000001,0.16000000000000003,0.02564102564102564,1.2376410256410257,False,True,38.0
risk_recovery_conflict,bottleneck,0,J1_risk,fragile,fragile,40,3.515647261299122,True,0.37399999999999994,0.5600487804878048,0.58,0.5940000000000001,0.18400000000000005,0.3780487804878049,1.598048780487805,True,False,110.31294522598243
risk_recovery_conflict,bottleneck,0,J2_recoverability,fragile,resilient,38,4.298820504879458,True,0.496,0.7796410256410256,0.58,0.7080000000000001,0.16000000000000003,0.02564102564102564,1.2376410256410257,False,True,62.75282051282051
risk_recovery_conflict,bottleneck,0,J3_joint,fragile,fragile,40,3.515647261299122,True,0.37399999999999994,0.5600487804878048,0.58,0.5940000000000001,0.18400000000000005,0.3780487804878049,1.598048780487805,True,False,142.27392083573852
risk_recovery_conflict,bottleneck,1,J0_shortest,resilient,resilient,38,4.247608914736221,True,0.496,0.7796410256410256,0.58,0.7080000000000001,0.16000000000000003,0.02564102564102564,1.2376410256410257,True,False,38.0
risk_recovery_conflict,bottleneck,1,J1_risk,resilient,fragile,40,3.5151272363312334,True,0.37399999999999994,0.5600487804878048,0.58,0.5940000000000001,0.18400000000000005,0.3780487804878049,1.598048780487805,False,True,110.30254472662466
risk_recovery_conflict,bottleneck,1,J2_recoverability,resilient,resilient,38,4.247608914736221,True,0.496,0.7796410256410256,0.58,0.7080000000000001,0.16000000000000003,0.02564102564102564,1.2376410256410257,True,False,62.75282051282051
risk_recovery_conflict,bottleneck,1,J3_joint,resilient,fragile,40,3.5151272363312334,True,0.37399999999999994,0.5600487804878048,0.58,0.5940000000000001,0.18400000000000005,0.3780487804878049,1.598048780487805,False,True,142.26352033638076
risk_recovery_conflict,bottleneck,2,J0_shortest,resilient,resilient,38,4.295282060862087,True,0.496,0.7796410256410256,0.58,0.7080000000000001,0.16000000000000003,0.02564102564102564,1.2376410256410257,True,False,38.0
risk_recovery_conflict,bottleneck,2,J1_risk,resilient,fragile,40,3.5125882830420254,True,0.37399999999999994,0.5600487804878048,0.58,0.5940000000000001,0.18400000000000005,0.3780487804878049,1.598048780487805,False,True,110.2517656608405
risk_recovery_conflict,bottleneck,2,J2_recoverability,resilient,resilient,38,4.295282060862087,True,0.496,0.7796410256410256,0.58,0.7080000000000001,0.16000000000000003,0.02564102564102564,1.2376410256410257,True,False,62.75282051282051
risk_recovery_conflict,bottleneck,2,J3_joint,resilient,fragile,40,3.5125882830420254,True,0.37399999999999994,0.5600487804878048,0.58,0.5940000000000001,0.18400000000000005,0.3780487804878049,1.598048780487805,False,True,142.2127412705966
risk_recovery_conflict,bottleneck,3,J0_shortest,none,resilient,38,4.3188407775992745,True,0.496,0.7796410256410256,0.58,0.7080000000000001,0.16000000000000003,0.02564102564102564,1.2376410256410257,False,True,38.0
risk_recovery_conflict,bottleneck,3,J1_risk,none,fragile,40,3.505393403881894,True,0.37399999999999994,0.5600487804878048,0.58,0.5940000000000001,0.18400000000000005,0.3780487804878049,1.598048780487805,False,True,110.10786807763787
risk_recovery_conflict,bottleneck,3,J2_recoverability,none,resilient,38,4.3188407775992745,True,0.496,0.7796410256410256,0.58,0.7080000000000001,0.16000000000000003,0.02564102564102564,1.2376410256410257,False,True,62.75282051282051
risk_recovery_conflict,bottleneck,3,J3_joint,none,fragile,40,3.505393403881894,True,0.37399999999999994,0.5600487804878048,0.58,0.5940000000000001,0.18400000000000005,0.3780487804878049,1.598048780487805,False,True,142.06884368739398
risk_recovery_conflict,bottleneck,4,J0_shortest,fragile,resilient,38,4.318710006571864,True,0.496,0.7796410256410256,0.58,0.7080000000000001,0.16000000000000003,0.02564102564102564,1.2376410256410257,False,True,38.0
risk_recovery_conflict,bottleneck,4,J1_risk,fragile,fragile,40,3.5090714367852023,True,0.37399999999999994,0.5600487804878048,0.58,0.5940000000000001,0.18400000000000005,0.3780487804878049,1.598048780487805,True,False,110.18142873570405
risk_recovery_conflict,bottleneck,4,J2_recoverability,fragile,resilient,38,4.318710006571864,True,0.496,0.7796410256410256,0.58,0.7080000000000001,0.16000000000000003,0.02564102564102564,1.2376410256410257,False,True,62.75282051282051
risk_recovery_conflict,bottleneck,4,J3_joint,fragile,fragile,40,3.5090714367852023,True,0.37399999999999994,0.5600487804878048,0.58,0.5940000000000001,0.18400000000000005,0.3780487804878049,1.598048780487805,True,False,142.14240434546014
risk_recovery_conflict,bottleneck,5,J0_shortest,resilient,resilient,38,4.2889623160924515,True,0.496,0.7796410256410256,0.58,0.7080000000000001,0.16000000000000003,0.02564102564102564,1.2376410256410257,True,False,38.0
risk_recovery_conflict,bottleneck,5,J1_risk,resilient,fragile,40,3.4672498010643884,True,0.37399999999999994,0.5600487804878048,0.58,0.5940000000000001,0.18400000000000005,0.3780487804878049,1.598048780487805,False,True,109.34499602128777
risk_recovery_conflict,bottleneck,5,J2_recoverability,resilient,resilient,38,4.2889623160924515,True,0.496,0.7796410256410256,0.58,0.7080000000000001,0.16000000000000003,0.02564102564102564,1.2376410256410257,True,False,62.75282051282051
risk_recovery_conflict,bottleneck,5,J3_joint,resilient,fragile,40,3.4672498010643884,True,0.37399999999999994,0.5600487804878048,0.58,0.5940000000000001,0.18400000000000005,0.3780487804878049,1.598048780487805,False,True,141.30597163104386
risk_recovery_conflict,bottleneck,6,J0_shortest,resilient,resilient,38,4.332033723061925,True,0.496,0.7796410256410256,0.58,0.7080000000000001,0.16000000000000003,0.02564102564102564,1.2376410256410257,True,False,38.0
risk_recovery_conflict,bottleneck,6,J1_risk,resilient,fragile,40,3.546478172576375,True,0.37399999999999994,0.5600487804878048,0.58,0.5940000000000001,0.18400000000000005,0.3780487804878049,1.598048780487805,False,True,110.9295634515275
risk_recovery_conflict,bottleneck,6,J2_recoverability,resilient,resilient,38,4.332033723061925,True,0.496,0.7796410256410256,0.58,0.7080000000000001,0.16000000000000003,0.02564102564102564,1.2376410256410257,True,False,62.75282051282051
risk_recovery_conflict,bottleneck,6,J3_joint,resilient,fragile,40,3.546478172576375,True,0.37399999999999994,0.5600487804878048,0.58,0.5940000000000001,0.18400000000000005,0.3780487804878049,1.598048780487805,False,True,142.8905390612836
risk_recovery_conflict,bottleneck,7,J0_shortest,resilient,resilient,38,4.239598302089616,True,0.496,0.7796410256410256,0.58,0.7080000000000001,0.16000000000000003,0.02564102564102564,1.2376410256410257,True,False,38.0
risk_recovery_conflict,bottleneck,7,J1_risk,resilient,fragile,40,3.453911291178242,True,0.37399999999999994,0.5600487804878048,0.58,0.5940000000000001,0.18400000000000005,0.3780487804878049,1.598048780487805,False,True,109.07822582356485
risk_recovery_conflict,bottleneck,7,J2_recoverability,resilient,resilient,38,4.239598302089616,True,0.496,0.7796410256410256,0.58,0.7080000000000001,0.16000000000000003,0.02564102564102564,1.2376410256410257,True,False,62.75282051282051
risk_recovery_conflict,bottleneck,7,J3_joint,resilient,fragile,40,3.453911291178242,True,0.37399999999999994,0.5600487804878048,0.58,0.5940000000000001,0.18400000000000005,0.3780487804878049,1.598048780487805,False,True,141.03920143332095
risk_recovery_conflict,bottleneck,8,J0_shortest,none,resilient,38,4.304409380494334,True,0.496,0.7796410256410256,0.58,0.7080000000000001,0.16000000000000003,0.02564102564102564,1.2376410256410257,False,True,38.0
risk_recovery_conflict,bottleneck,8,J1_risk,none,fragile,40,3.507115184904906,True,0.37399999999999994,0.5600487804878048,0.58,0.5940000000000001,0.18400000000000005,0.3780487804878049,1.598048780487805,False,True,110.14230369809812
risk_recovery_conflict,bottleneck,8,J2_recoverability,none,resilient,38,4.304409380494334,True,0.496,0.7796410256410256,0.58,0.7080000000000001,0.16000000000000003,0.02564102564102564,1.2376410256410257,False,True,62.75282051282051
risk_recovery_conflict,bottleneck,8,J3_joint,none,fragile,40,3.507115184904906,True,0.37399999999999994,0.5600487804878048,0.58,0.5940000000000001,0.18400000000000005,0.3780487804878049,1.598048780487805,False,True,142.10327930785422
risk_recovery_conflict,bottleneck,9,J0_shortest,resilient,resilient,38,4.299856600997766,True,0.496,0.7796410256410256,0.58,0.7080000000000001,0.16000000000000003,0.02564102564102564,1.2376410256410257,True,False,38.0
risk_recovery_conflict,bottleneck,9,J1_risk,resilient,fragile,40,3.5250994840756222,True,0.37399999999999994,0.5600487804878048,0.58,0.5940000000000001,0.18400000000000005,0.3780487804878049,1.598048780487805,False,True,110.50198968151244
risk_recovery_conflict,bottleneck,9,J2_recoverability,resilient,resilient,38,4.299856600997766,True,0.496,0.7796410256410256,0.58,0.7080000000000001,0.16000000000000003,0.02564102564102564,1.2376410256410257,True,False,62.75282051282051
risk_recovery_conflict,bottleneck,9,J3_joint,resilient,fragile,40,3.5250994840756222,True,0.37399999999999994,0.5600487804878048,0.58,0.5940000000000001,0.18400000000000005,0.3780487804878049,1.598048780487805,False,True,142.46296529126855
risk_recovery_conflict,bottleneck,10,J0_shortest,fragile,resilient,38,4.2482876295927205,True,0.496,0.7796410256410256,0.58,0.7080000000000001,0.16000000000000003,0.02564102564102564,1.2376410256410257,False,True,38.0
risk_recovery_conflict,bottleneck,10,J1_risk,fragile,fragile,40,3.4872139297164058,True,0.37399999999999994,0.5600487804878048,0.58,0.5940000000000001,0.18400000000000005,0.3780487804878049,1.598048780487805,True,False,109.74427859432811
risk_recovery_conflict,bottleneck,10,J2_recoverability,fragile,resilient,38,4.2482876295927205,True,0.496,0.7796410256410256,0.58,0.7080000000000001,0.16000000000000003,0.02564102564102564,1.2376410256410257,False,True,62.75282051282051
risk_recovery_conflict,bottleneck,10,J3_joint,fragile,fragile,40,3.4872139297164058,True,0.37399999999999994,0.5600487804878048,0.58,0.5940000000000001,0.18400000000000005,0.3780487804878049,1.598048780487805,True,False,141.7052542040842
risk_recovery_conflict,bottleneck,11,J0_shortest,none,resilient,38,4.284995564402317,True,0.496,0.7796410256410256,0.58,0.7080000000000001,0.16000000000000003,0.02564102564102564,1.2376410256410257,False,True,38.0
risk_recovery_conflict,bottleneck,11,J1_risk,none,fragile,40,3.5067501696437184,True,0.37399999999999994,0.5600487804878048,0.58,0.5940000000000001,0.18400000000000005,0.3780487804878049,1.598048780487805,False,True,110.13500339287437
risk_recovery_conflict,bottleneck,11,J2_recoverability,none,resilient,38,4.284995564402317,True,0.496,0.7796410256410256,0.58,0.7080000000000001,0.16000000000000003,0.02564102564102564,1.2376410256410257,False,True,62.75282051282051
risk_recovery_conflict,bottleneck,11,J3_joint,none,fragile,40,3.5067501696437184,True,0.37399999999999994,0.5600487804878048,0.58,0.5940000000000001,0.18400000000000005,0.3780487804878049,1.598048780487805,False,True,142.09597900263046
risk_recovery_conflict,bottleneck,12,J0_shortest,none,resilient,38,4.273148009086166,True,0.496,0.7796410256410256,0.58,0.7080000000000001,0.16000000000000003,0.02564102564102564,1.2376410256410257,False,True,38.0
risk_recovery_conflict,bottleneck,12,J1_risk,none,fragile,40,3.531027240126743,True,0.37399999999999994,0.5600487804878048,0.58,0.5940000000000001,0.18400000000000005,0.3780487804878049,1.598048780487805,False,True,110.62054480253485
risk_recovery_conflict,bottleneck,12,J2_recoverability,none,resilient,38,4.273148009086166,True,0.496,0.7796410256410256,0.58,0.7080000000000001,0.16000000000000003,0.02564102564102564,1.2376410256410257,False,True,62.75282051282051
risk_recovery_conflict,bottleneck,12,J3_joint,none,fragile,40,3.531027240126743,True,0.37399999999999994,0.5600487804878048,0.58,0.5940000000000001,0.18400000000000005,0.3780487804878049,1.598048780487805,False,True,142.58152041229096
risk_recovery_conflict,bottleneck,13,J0_shortest,fragile,resilient,38,4.305865989789393,True,0.496,0.7796410256410256,0.58,0.7080000000000001,0.16000000000000003,0.02564102564102564,1.2376410256410257,False,True,38.0
risk_recovery_conflict,bottleneck,13,J1_risk,fragile,fragile,40,3.573875708739849,True,0.37399999999999994,0.5600487804878048,0.58,0.5940000000000001,0.18400000000000005,0.3780487804878049,1.598048780487805,True,False,111.47751417479698
risk_recovery_conflict,bottleneck,13,J2_recoverability,fragile,resilient,38,4.305865989789393,True,0.496,0.7796410256410256,0.58,0.7080000000000001,0.16000000000000003,0.02564102564102564,1.2376410256410257,False,True,62.75282051282051
risk_recovery_conflict,bottleneck,13,J3_joint,fragile,fragile,40,3.573875708739849,True,0.37399999999999994,0.5600487804878048,0.58,0.5940000000000001,0.18400000000000005,0.3780487804878049,1.598048780487805,True,False,143.43848978455307
risk_recovery_conflict,bottleneck,14,J0_shortest,none,resilient,38,4.304482385774699,True,0.496,0.7796410256410256,0.58,0.7080000000000001,0.16000000000000003,0.02564102564102564,1.2376410256410257,False,True,38.0
risk_recovery_conflict,bottleneck,14,J1_risk,none,fragile,40,3.539429863721619,True,0.37399999999999994,0.5600487804878048,0.58,0.5940000000000001,0.18400000000000005,0.3780487804878049,1.598048780487805,False,True,110.78859727443238
risk_recovery_conflict,bottleneck,14,J2_recoverability,none,resilient,38,4.304482385774699,True,0.496,0.7796410256410256,0.58,0.7080000000000001,0.16000000000000003,0.02564102564102564,1.2376410256410257,False,True,62.75282051282051
risk_recovery_conflict,bottleneck,14,J3_joint,none,fragile,40,3.539429863721619,True,0.37399999999999994,0.5600487804878048,0.58,0.5940000000000001,0.18400000000000005,0.3780487804878049,1.598048780487805,False,True,142.74957288418847
risk_recovery_conflict,bottleneck,15,J0_shortest,resilient,resilient,38,4.294559423397562,True,0.496,0.7796410256410256,0.58,0.7080000000000001,0.16000000000000003,0.02564102564102564,1.2376410256410257,True,False,38.0
risk_recovery_conflict,bottleneck,15,J1_risk,resilient,fragile,40,3.53065162134408,True,0.37399999999999994,0.5600487804878048,0.58,0.5940000000000001,0.18400000000000005,0.3780487804878049,1.598048780487805,False,True,110.6130324268816
risk_recovery_conflict,bottleneck,15,J2_recoverability,resilient,resilient,38,4.294559423397562,True,0.496,0.7796410256410256,0.58,0.7080000000000001,0.16000000000000003,0.02564102564102564,1.2376410256410257,True,False,62.75282051282051
risk_recovery_conflict,bottleneck,15,J3_joint,resilient,fragile,40,3.53065162134408,True,0.37399999999999994,0.5600487804878048,0.58,0.5940000000000001,0.18400000000000005,0.3780487804878049,1.598048780487805,False,True,142.5740080366377
risk_recovery_conflict,bottleneck,16,J0_shortest,none,resilient,38,4.287043017523631,True,0.496,0.7796410256410256,0.58,0.7080000000000001,0.16000000000000003,0.02564102564102564,1.2376410256410257,False,True,38.0
risk_recovery_conflict,bottleneck,16,J1_risk,none,fragile,40,3.5314537312221446,True,0.37399999999999994,0.5600487804878048,0.58,0.5940000000000001,0.18400000000000005,0.3780487804878049,1.598048780487805,False,True,110.6290746244429
risk_recovery_conflict,bottleneck,16,J2_recoverability,none,resilient,38,4.287043017523631,True,0.496,0.7796410256410256,0.58,0.7080000000000001,0.16000000000000003,0.02564102564102564,1.2376410256410257,False,True,62.75282051282051
risk_recovery_conflict,bottleneck,16,J3_joint,none,fragile,40,3.5314537312221446,True,0.37399999999999994,0.5600487804878048,0.58,0.5940000000000001,0.18400000000000005,0.3780487804878049,1.598048780487805,False,True,142.590050234199
risk_recovery_conflict,bottleneck,17,J0_shortest,resilient,resilient,38,4.303548247861266,True,0.496,0.7796410256410256,0.58,0.7080000000000001,0.16000000000000003,0.02564102564102564,1.2376410256410257,True,False,38.0
risk_recovery_conflict,bottleneck,17,J1_risk,resilient,fragile,40,3.4716183133248633,True,0.37399999999999994,0.5600487804878048,0.58,0.5940000000000001,0.18400000000000005,0.3780487804878049,1.598048780487805,False,True,109.43236626649727
risk_recovery_conflict,bottleneck,17,J2_recoverability,resilient,resilient,38,4.303548247861266,True,0.496,0.7796410256410256,0.58,0.7080000000000001,0.16000000000000003,0.02564102564102564,1.2376410256410257,True,False,62.75282051282051
risk_recovery_conflict,bottleneck,17,J3_joint,resilient,fragile,40,3.4716183133248633,True,0.37399999999999994,0.5600487804878048,0.58,0.5940000000000001,0.18400000000000005,0.3780487804878049,1.598048780487805,False,True,141.39334187625337
risk_recovery_conflict,bottleneck,18,J0_shortest,fragile,resilient,38,4.264613494012022,True,0.496,0.7796410256410256,0.58,0.7080000000000001,0.16000000000000003,0.02564102564102564,1.2376410256410257,False,True,38.0
risk_recovery_conflict,bottleneck,18,J1_risk,fragile,fragile,40,3.5494769033634013,True,0.37399999999999994,0.5600487804878048,0.58,0.5940000000000001,0.18400000000000005,0.3780487804878049,1.598048780487805,True,False,110.98953806726803
risk_recovery_conflict,bottleneck,18,J2_recoverability,fragile,resilient,38,4.264613494012022,True,0.496,0.7796410256410256,0.58,0.7080000000000001,0.16000000000000003,0.02564102564102564,1.2376410256410257,False,True,62.75282051282051
risk_recovery_conflict,bottleneck,18,J3_joint,fragile,fragile,40,3.5494769033634013,True,0.37399999999999994,0.5600487804878048,0.58,0.5940000000000001,0.18400000000000005,0.3780487804878049,1.598048780487805,True,False,142.95051367702413
risk_recovery_conflict,bottleneck,19,J0_shortest,fragile,resilient,38,4.2759869688457535,True,0.496,0.7796410256410256,0.58,0.7080000000000001,0.16000000000000003,0.02564102564102564,1.2376410256410257,False,True,38.0
risk_recovery_conflict,bottleneck,19,J1_risk,fragile,fragile,40,3.5045026432647,True,0.37399999999999994,0.5600487804878048,0.58,0.5940000000000001,0.18400000000000005,0.3780487804878049,1.598048780487805,True,False,110.090052865294
risk_recovery_conflict,bottleneck,19,J2_recoverability,fragile,resilient,38,4.2759869688457535,True,0.496,0.7796410256410256,0.58,0.7080000000000001,0.16000000000000003,0.02564102564102564,1.2376410256410257,False,True,62.75282051282051
risk_recovery_conflict,bottleneck,19,J3_joint,fragile,fragile,40,3.5045026432647,True,0.37399999999999994,0.5600487804878048,0.58,0.5940000000000001,0.18400000000000005,0.3780487804878049,1.598048780487805,True,False,142.0510284750501
risk_recovery_conflict,bottleneck,20,J0_shortest,none,resilient,38,4.290948879820445,True,0.496,0.7796410256410256,0.58,0.7080000000000001,0.16000000000000003,0.02564102564102564,1.2376410256410257,False,True,38.0
risk_recovery_conflict,bottleneck,20,J1_risk,none,fragile,40,3.48252664828149,True,0.37399999999999994,0.5600487804878048,0.58,0.5940000000000001,0.18400000000000005,0.3780487804878049,1.598048780487805,False,True,109.6505329656298
risk_recovery_conflict,bottleneck,20,J2_recoverability,none,resilient,38,4.290948879820445,True,0.496,0.7796410256410256,0.58,0.7080000000000001,0.16000000000000003,0.02564102564102564,1.2376410256410257,False,True,62.75282051282051
risk_recovery_conflict,bottleneck,20,J3_joint,none,fragile,40,3.48252664828149,True,0.37399999999999994,0.5600487804878048,0.58,0.5940000000000001,0.18400000000000005,0.3780487804878049,1.598048780487805,False,True,141.6115085753859
risk_recovery_conflict,bottleneck,21,J0_shortest,none,resilient,38,4.243632064707384,True,0.496,0.7796410256410256,0.58,0.7080000000000001,0.16000000000000003,0.02564102564102564,1.2376410256410257,False,True,38.0
risk_recovery_conflict,bottleneck,21,J1_risk,none,fragile,40,3.544279521862941,True,0.37399999999999994,0.5600487804878048,0.58,0.5940000000000001,0.18400000000000005,0.3780487804878049,1.598048780487805,False,True,110.88559043725881
risk_recovery_conflict,bottleneck,21,J2_recoverability,none,resilient,38,4.243632064707384,True,0.496,0.7796410256410256,0.58,0.7080000000000001,0.16000000000000003,0.02564102564102564,1.2376410256410257,False,True,62.75282051282051
risk_recovery_conflict,bottleneck,21,J3_joint,none,fragile,40,3.544279521862941,True,0.37399999999999994,0.5600487804878048,0.58,0.5940000000000001,0.18400000000000005,0.3780487804878049,1.598048780487805,False,True,142.8465660470149
risk_recovery_conflict,bottleneck,22,J0_shortest,fragile,resilient,38,4.310364555700208,True,0.496,0.7796410256410256,0.58,0.7080000000000001,0.16000000000000003,0.02564102564102564,1.2376410256410257,False,True,38.0
risk_recovery_conflict,bottleneck,22,J1_risk,fragile,fragile,40,3.547518147849867,True,0.37399999999999994,0.5600487804878048,0.58,0.5940000000000001,0.18400000000000005,0.3780487804878049,1.598048780487805,True,False,110.95036295699734
risk_recovery_conflict,bottleneck,22,J2_recoverability,fragile,resilient,38,4.310364555700208,True,0.496,0.7796410256410256,0.58,0.7080000000000001,0.16000000000000003,0.02564102564102564,1.2376410256410257,False,True,62.75282051282051
risk_recovery_conflict,bottleneck,22,J3_joint,fragile,fragile,40,3.547518147849867,True,0.37399999999999994,0.5600487804878048,0.58,0.5940000000000001,0.18400000000000005,0.3780487804878049,1.598048780487805,True,False,142.91133856675344
risk_recovery_conflict,bottleneck,23,J0_shortest,resilient,resilient,38,4.27104636672516,True,0.496,0.7796410256410256,0.58,0.7080000000000001,0.16000000000000003,0.02564102564102564,1.2376410256410257,True,False,38.0
risk_recovery_conflict,bottleneck,23,J1_risk,resilient,fragile,40,3.4860281469986405,True,0.37399999999999994,0.5600487804878048,0.58,0.5940000000000001,0.18400000000000005,0.3780487804878049,1.598048780487805,False,True,109.72056293997281
risk_recovery_conflict,bottleneck,23,J2_recoverability,resilient,resilient,38,4.27104636672516,True,0.496,0.7796410256410256,0.58,0.7080000000000001,0.16000000000000003,0.02564102564102564,1.2376410256410257,True,False,62.75282051282051
risk_recovery_conflict,bottleneck,23,J3_joint,resilient,fragile,40,3.4860281469986405,True,0.37399999999999994,0.5600487804878048,0.58,0.5940000000000001,0.18400000000000005,0.3780487804878049,1.598048780487805,False,True,141.6815385497289
risk_recovery_conflict,bottleneck,24,J0_shortest,resilient,resilient,38,4.237738652025454,True,0.496,0.7796410256410256,0.58,0.7080000000000001,0.16000000000000003,0.02564102564102564,1.2376410256410257,True,False,38.0
risk_recovery_conflict,bottleneck,24,J1_risk,resilient,fragile,40,3.4934375645301357,True,0.37399999999999994,0.5600487804878048,0.58,0.5940000000000001,0.18400000000000005,0.3780487804878049,1.598048780487805,False,True,109.86875129060272
risk_recovery_conflict,bottleneck,24,J2_recoverability,resilient,resilient,38,4.237738652025454,True,0.496,0.7796410256410256,0.58,0.7080000000000001,0.16000000000000003,0.02564102564102564,1.2376410256410257,True,False,62.75282051282051
risk_recovery_conflict,bottleneck,24,J3_joint,resilient,fragile,40,3.4934375645301357,True,0.37399999999999994,0.5600487804878048,0.58,0.5940000000000001,0.18400000000000005,0.3780487804878049,1.598048780487805,False,True,141.82972690035882
risk_recovery_conflict,bottleneck,25,J0_shortest,fragile,resilient,38,4.281845737579574,True,0.496,0.7796410256410256,0.58,0.7080000000000001,0.16000000000000003,0.02564102564102564,1.2376410256410257,False,True,38.0
risk_recovery_conflict,bottleneck,25,J1_risk,fragile,fragile,40,3.546151860359618,True,0.37399999999999994,0.5600487804878048,0.58,0.5940000000000001,0.18400000000000005,0.3780487804878049,1.598048780487805,True,False,110.92303720719235
risk_recovery_conflict,bottleneck,25,J2_recoverability,fragile,resilient,38,4.281845737579574,True,0.496,0.7796410256410256,0.58,0.7080000000000001,0.16000000000000003,0.02564102564102564,1.2376410256410257,False,True,62.75282051282051
risk_recovery_conflict,bottleneck,25,J3_joint,fragile,fragile,40,3.546151860359618,True,0.37399999999999994,0.5600487804878048,0.58,0.5940000000000001,0.18400000000000005,0.3780487804878049,1.598048780487805,True,False,142.88401281694846
risk_recovery_conflict,bottleneck,26,J0_shortest,none,resilient,38,4.2814100098749694,True,0.496,0.7796410256410256,0.58,0.7080000000000001,0.16000000000000003,0.02564102564102564,1.2376410256410257,False,True,38.0
risk_recovery_conflict,bottleneck,26,J1_risk,none,fragile,40,3.5378942620529923,True,0.37399999999999994,0.5600487804878048,0.58,0.5940000000000001,0.18400000000000005,0.3780487804878049,1.598048780487805,False,True,110.75788524105985
risk_recovery_conflict,bottleneck,26,J2_recoverability,none,resilient,38,4.2814100098749694,True,0.496,0.7796410256410256,0.58,0.7080000000000001,0.16000000000000003,0.02564102564102564,1.2376410256410257,False,True,62.75282051282051
risk_recovery_conflict,bottleneck,26,J3_joint,none,fragile,40,3.5378942620529923,True,0.37399999999999994,0.5600487804878048,0.58,0.5940000000000001,0.18400000000000005,0.3780487804878049,1.598048780487805,False,True,142.71886085081596
risk_recovery_conflict,bottleneck,27,J0_shortest,resilient,resilient,38,4.303059329428651,True,0.496,0.7796410256410256,0.58,0.7080000000000001,0.16000000000000003,0.02564102564102564,1.2376410256410257,True,False,38.0
risk_recovery_conflict,bottleneck,27,J1_risk,resilient,fragile,40,3.508956298169881,True,0.37399999999999994,0.5600487804878048,0.58,0.5940000000000001,0.18400000000000005,0.3780487804878049,1.598048780487805,False,True,110.17912596339762
risk_recovery_conflict,bottleneck,27,J2_recoverability,resilient,resilient,38,4.303059329428651,True,0.496,0.7796410256410256,0.58,0.7080000000000001,0.16000000000000003,0.02564102564102564,1.2376410256410257,True,False,62.75282051282051
risk_recovery_conflict,bottleneck,27,J3_joint,resilient,fragile,40,3.508956298169881,True,0.37399999999999994,0.5600487804878048,0.58,0.5940000000000001,0.18400000000000005,0.3780487804878049,1.598048780487805,False,True,142.14010157315371
risk_recovery_conflict,bottleneck,28,J0_shortest,resilient,resilient,38,4.260761749665063,True,0.496,0.7796410256410256,0.58,0.7080000000000001,0.16000000000000003,0.02564102564102564,1.2376410256410257,True,False,38.0
risk_recovery_conflict,bottleneck,28,J1_risk,resilient,fragile,40,3.513801157454519,True,0.37399999999999994,0.5600487804878048,0.58,0.5940000000000001,0.18400000000000005,0.3780487804878049,1.598048780487805,False,True,110.27602314909038
risk_recovery_conflict,bottleneck,28,J2_recoverability,resilient,resilient,38,4.260761749665063,True,0.496,0.7796410256410256,0.58,0.7080000000000001,0.16000000000000003,0.02564102564102564,1.2376410256410257,True,False,62.75282051282051
risk_recovery_conflict,bottleneck,28,J3_joint,resilient,fragile,40,3.513801157454519,True,0.37399999999999994,0.5600487804878048,0.58,0.5940000000000001,0.18400000000000005,0.3780487804878049,1.598048780487805,False,True,142.23699875884648
risk_recovery_conflict,bottleneck,29,J0_shortest,resilient,resilient,38,4.288748525942583,True,0.496,0.7796410256410256,0.58,0.7080000000000001,0.16000000000000003,0.02564102564102564,1.2376410256410257,True,False,38.0
risk_recovery_conflict,bottleneck,29,J1_risk,resilient,fragile,40,3.5195459376619103,True,0.37399999999999994,0.5600487804878048,0.58,0.5940000000000001,0.18400000000000005,0.3780487804878049,1.598048780487805,False,True,110.39091875323821
risk_recovery_conflict,bottleneck,29,J2_recoverability,resilient,resilient,38,4.288748525942583,True,0.496,0.7796410256410256,0.58,0.7080000000000001,0.16000000000000003,0.02564102564102564,1.2376410256410257,True,False,62.75282051282051
risk_recovery_conflict,bottleneck,29,J3_joint,resilient,fragile,40,3.5195459376619103,True,0.37399999999999994,0.5600487804878048,0.58,0.5940000000000001,0.18400000000000005,0.3780487804878049,1.598048780487805,False,True,142.3518943629943
risk_recovery_conflict,bottleneck,30,J0_shortest,fragile,resilient,38,4.264994150211174,True,0.496,0.7796410256410256,0.58,0.7080000000000001,0.16000000000000003,0.02564102564102564,1.2376410256410257,False,True,38.0
risk_recovery_conflict,bottleneck,30,J1_risk,fragile,fragile,40,3.5403680852895407,True,0.37399999999999994,0.5600487804878048,0.58,0.5940000000000001,0.18400000000000005,0.3780487804878049,1.598048780487805,True,False,110.80736170579081
risk_recovery_conflict,bottleneck,30,J2_recoverability,fragile,resilient,38,4.264994150211174,True,0.496,0.7796410256410256,0.58,0.7080000000000001,0.16000000000000003,0.02564102564102564,1.2376410256410257,False,True,62.75282051282051
risk_recovery_conflict,bottleneck,30,J3_joint,fragile,fragile,40,3.5403680852895407,True,0.37399999999999994,0.5600487804878048,0.58,0.5940000000000001,0.18400000000000005,0.3780487804878049,1.598048780487805,True,False,142.76833731554692
risk_recovery_conflict,bottleneck,31,J0_shortest,fragile,resilient,38,4.288820403669354,True,0.496,0.7796410256410256,0.58,0.7080000000000001,0.16000000000000003,0.02564102564102564,1.2376410256410257,False,True,38.0
risk_recovery_conflict,bottleneck,31,J1_risk,fragile,fragile,40,3.4921385141463293,True,0.37399999999999994,0.5600487804878048,0.58,0.5940000000000001,0.18400000000000005,0.3780487804878049,1.598048780487805,True,False,109.84277028292658
risk_recovery_conflict,bottleneck,31,J2_recoverability,fragile,resilient,38,4.288820403669354,True,0.496,0.7796410256410256,0.58,0.7080000000000001,0.16000000000000003,0.02564102564102564,1.2376410256410257,False,True,62.75282051282051
risk_recovery_conflict,bottleneck,31,J3_joint,fragile,fragile,40,3.4921385141463293,True,0.37399999999999994,0.5600487804878048,0.58,0.5940000000000001,0.18400000000000005,0.3780487804878049,1.598048780487805,True,False,141.80374589268268
risk_recovery_conflict,bottleneck,32,J0_shortest,none,resilient,38,4.308777323437614,True,0.496,0.7796410256410256,0.58,0.7080000000000001,0.16000000000000003,0.02564102564102564,1.2376410256410257,False,True,38.0
risk_recovery_conflict,bottleneck,32,J1_risk,none,fragile,40,3.534406257063257,True,0.37399999999999994,0.5600487804878048,0.58,0.5940000000000001,0.18400000000000005,0.3780487804878049,1.598048780487805,False,True,110.68812514126515
risk_recovery_conflict,bottleneck,32,J2_recoverability,none,resilient,38,4.308777323437614,True,0.496,0.7796410256410256,0.58,0.7080000000000001,0.16000000000000003,0.02564102564102564,1.2376410256410257,False,True,62.75282051282051
risk_recovery_conflict,bottleneck,32,J3_joint,none,fragile,40,3.534406257063257,True,0.37399999999999994,0.5600487804878048,0.58,0.5940000000000001,0.18400000000000005,0.3780487804878049,1.598048780487805,False,True,142.64910075102125
risk_recovery_conflict,bottleneck,33,J0_shortest,resilient,resilient,38,4.285248716699073,True,0.496,0.7796410256410256,0.58,0.7080000000000001,0.16000000000000003,0.02564102564102564,1.2376410256410257,True,False,38.0
risk_recovery_conflict,bottleneck,33,J1_risk,resilient,fragile,40,3.52489222093448,True,0.37399999999999994,0.5600487804878048,0.58,0.5940000000000001,0.18400000000000005,0.3780487804878049,1.598048780487805,False,True,110.4978444186896
risk_recovery_conflict,bottleneck,33,J2_recoverability,resilient,resilient,38,4.285248716699073,True,0.496,0.7796410256410256,0.58,0.7080000000000001,0.16000000000000003,0.02564102564102564,1.2376410256410257,True,False,62.75282051282051
risk_recovery_conflict,bottleneck,33,J3_joint,resilient,fragile,40,3.52489222093448,True,0.37399999999999994,0.5600487804878048,0.58,0.5940000000000001,0.18400000000000005,0.3780487804878049,1.598048780487805,False,True,142.4588200284457
risk_recovery_conflict,bottleneck,34,J0_shortest,fragile,resilient,38,4.302091381361853,True,0.496,0.7796410256410256,0.58,0.7080000000000001,0.16000000000000003,0.02564102564102564,1.2376410256410257,False,True,38.0
risk_recovery_conflict,bottleneck,34,J1_risk,fragile,fragile,40,3.5261371825277608,True,0.37399999999999994,0.5600487804878048,0.58,0.5940000000000001,0.18400000000000005,0.3780487804878049,1.598048780487805,True,False,110.52274365055521
risk_recovery_conflict,bottleneck,34,J2_recoverability,fragile,resilient,38,4.302091381361853,True,0.496,0.7796410256410256,0.58,0.7080000000000001,0.16000000000000003,0.02564102564102564,1.2376410256410257,False,True,62.75282051282051
risk_recovery_conflict,bottleneck,34,J3_joint,fragile,fragile,40,3.5261371825277608,True,0.37399999999999994,0.5600487804878048,0.58,0.5940000000000001,0.18400000000000005,0.3780487804878049,1.598048780487805,True,False,142.48371926031132
risk_recovery_conflict,bottleneck,35,J0_shortest,none,resilient,38,4.322499511424813,True,0.496,0.7796410256410256,0.58,0.7080000000000001,0.16000000000000003,0.02564102564102564,1.2376410256410257,False,True,38.0
risk_recovery_conflict,bottleneck,35,J1_risk,none,fragile,40,3.5078193980750254,True,0.37399999999999994,0.5600487804878048,0.58,0.5940000000000001,0.18400000000000005,0.3780487804878049,1.598048780487805,False,True,110.15638796150051
risk_recovery_conflict,bottleneck,35,J2_recoverability,none,resilient,38,4.322499511424813,True,0.496,0.7796410256410256,0.58,0.7080000000000001,0.16000000000000003,0.02564102564102564,1.2376410256410257,False,True,62.75282051282051
risk_recovery_conflict,bottleneck,35,J3_joint,none,fragile,40,3.5078193980750254,True,0.37399999999999994,0.5600487804878048,0.58,0.5940000000000001,0.18400000000000005,0.3780487804878049,1.598048780487805,False,True,142.11736357125662
risk_recovery_conflict,bottleneck,36,J0_shortest,fragile,resilient,38,4.289543773136707,True,0.496,0.7796410256410256,0.58,0.7080000000000001,0.16000000000000003,0.02564102564102564,1.2376410256410257,False,True,38.0
risk_recovery_conflict,bottleneck,36,J1_risk,fragile,fragile,40,3.4941256705371666,True,0.37399999999999994,0.5600487804878048,0.58,0.5940000000000001,0.18400000000000005,0.3780487804878049,1.598048780487805,True,False,109.88251341074333
risk_recovery_conflict,bottleneck,36,J2_recoverability,fragile,resilient,38,4.289543773136707,True,0.496,0.7796410256410256,0.58,0.7080000000000001,0.16000000000000003,0.02564102564102564,1.2376410256410257,False,True,62.75282051282051
risk_recovery_conflict,bottleneck,36,J3_joint,fragile,fragile,40,3.4941256705371666,True,0.37399999999999994,0.5600487804878048,0.58,0.5940000000000001,0.18400000000000005,0.3780487804878049,1.598048780487805,True,False,141.84348902049942
risk_recovery_conflict,bottleneck,37,J0_shortest,resilient,resilient,38,4.299193036443026,True,0.496,0.7796410256410256,0.58,0.7080000000000001,0.16000000000000003,0.02564102564102564,1.2376410256410257,True,False,38.0
risk_recovery_conflict,bottleneck,37,J1_risk,resilient,fragile,40,3.519568853104005,True,0.37399999999999994,0.5600487804878048,0.58,0.5940000000000001,0.18400000000000005,0.3780487804878049,1.598048780487805,False,True,110.3913770620801
risk_recovery_conflict,bottleneck,37,J2_recoverability,resilient,resilient,38,4.299193036443026,True,0.496,0.7796410256410256,0.58,0.7080000000000001,0.16000000000000003,0.02564102564102564,1.2376410256410257,True,False,62.75282051282051
risk_recovery_conflict,bottleneck,37,J3_joint,resilient,fragile,40,3.519568853104005,True,0.37399999999999994,0.5600487804878048,0.58,0.5940000000000001,0.18400000000000005,0.3780487804878049,1.598048780487805,False,True,142.3523526718362
risk_recovery_conflict,bottleneck,38,J0_shortest,fragile,resilient,38,4.295361500788471,True,0.496,0.7796410256410256,0.58,0.7080000000000001,0.16000000000000003,0.02564102564102564,1.2376410256410257,False,True,38.0
risk_recovery_conflict,bottleneck,38,J1_risk,fragile,fragile,40,3.5251003992477994,True,0.37399999999999994,0.5600487804878048,0.58,0.5940000000000001,0.18400000000000005,0.3780487804878049,1.598048780487805,True,False,110.50200798495598
risk_recovery_conflict,bottleneck,38,J2_recoverability,fragile,resilient,38,4.295361500788471,True,0.496,0.7796410256410256,0.58,0.7080000000000001,0.16000000000000003,0.02564102564102564,1.2376410256410257,False,True,62.75282051282051
risk_recovery_conflict,bottleneck,38,J3_joint,fragile,fragile,40,3.5251003992477994,True,0.37399999999999994,0.5600487804878048,0.58,0.5940000000000001,0.18400000000000005,0.3780487804878049,1.598048780487805,True,False,142.46298359471209
risk_recovery_conflict,bottleneck,39,J0_shortest,none,resilient,38,4.280397579814437,True,0.496,0.7796410256410256,0.58,0.7080000000000001,0.16000000000000003,0.02564102564102564,1.2376410256410257,False,True,38.0
risk_recovery_conflict,bottleneck,39,J1_risk,none,fragile,40,3.5298577105873905,True,0.37399999999999994,0.5600487804878048,0.58,0.5940000000000001,0.18400000000000005,0.3780487804878049,1.598048780487805,False,True,110.5971542117478
risk_recovery_conflict,bottleneck,39,J2_recoverability,none,resilient,38,4.280397579814437,True,0.496,0.7796410256410256,0.58,0.7080000000000001,0.16000000000000003,0.02564102564102564,1.2376410256410257,False,True,62.75282051282051
risk_recovery_conflict,bottleneck,39,J3_joint,none,fragile,40,3.5298577105873905,True,0.37399999999999994,0.5600487804878048,0.58,0.5940000000000001,0.18400000000000005,0.3780487804878049,1.598048780487805,False,True,142.5581298215039
risk_recovery_conflict,bottleneck,40,J0_shortest,fragile,resilient,38,4.3217279088709,True,0.496,0.7796410256410256,0.58,0.7080000000000001,0.16000000000000003,0.02564102564102564,1.2376410256410257,False,True,38.0
risk_recovery_conflict,bottleneck,40,J1_risk,fragile,fragile,40,3.528540383432775,True,0.37399999999999994,0.5600487804878048,0.58,0.5940000000000001,0.18400000000000005,0.3780487804878049,1.598048780487805,True,False,110.5708076686555
risk_recovery_conflict,bottleneck,40,J2_recoverability,fragile,resilient,38,4.3217279088709,True,0.496,0.7796410256410256,0.58,0.7080000000000001,0.16000000000000003,0.02564102564102564,1.2376410256410257,False,True,62.75282051282051
risk_recovery_conflict,bottleneck,40,J3_joint,fragile,fragile,40,3.528540383432775,True,0.37399999999999994,0.5600487804878048,0.58,0.5940000000000001,0.18400000000000005,0.3780487804878049,1.598048780487805,True,False,142.5317832784116
risk_recovery_conflict,bottleneck,41,J0_shortest,none,resilient,38,4.274391262149893,True,0.496,0.7796410256410256,0.58,0.7080000000000001,0.16000000000000003,0.02564102564102564,1.2376410256410257,False,True,38.0
risk_recovery_conflict,bottleneck,41,J1_risk,none,fragile,40,3.5143557546660453,True,0.37399999999999994,0.5600487804878048,0.58,0.5940000000000001,0.18400000000000005,0.3780487804878049,1.598048780487805,False,True,110.2871150933209
risk_recovery_conflict,bottleneck,41,J2_recoverability,none,resilient,38,4.274391262149893,True,0.496,0.7796410256410256,0.58,0.7080000000000001,0.16000000000000003,0.02564102564102564,1.2376410256410257,False,True,62.75282051282051
risk_recovery_conflict,bottleneck,41,J3_joint,none,fragile,40,3.5143557546660453,True,0.37399999999999994,0.5600487804878048,0.58,0.5940000000000001,0.18400000000000005,0.3780487804878049,1.598048780487805,False,True,142.248090703077
risk_recovery_conflict,bottleneck,42,J0_shortest,fragile,resilient,38,4.291817138980799,True,0.496,0.7796410256410256,0.58,0.7080000000000001,0.16000000000000003,0.02564102564102564,1.2376410256410257,False,True,38.0
risk_recovery_conflict,bottleneck,42,J1_risk,fragile,fragile,40,3.5313931979239586,True,0.37399999999999994,0.5600487804878048,0.58,0.5940000000000001,0.18400000000000005,0.3780487804878049,1.598048780487805,True,False,110.62786395847917
risk_recovery_conflict,bottleneck,42,J2_recoverability,fragile,resilient,38,4.291817138980799,True,0.496,0.7796410256410256,0.58,0.7080000000000001,0.16000000000000003,0.02564102564102564,1.2376410256410257,False,True,62.75282051282051
risk_recovery_conflict,bottleneck,42,J3_joint,fragile,fragile,40,3.5313931979239586,True,0.37399999999999994,0.5600487804878048,0.58,0.5940000000000001,0.18400000000000005,0.3780487804878049,1.598048780487805,True,False,142.58883956823527
risk_recovery_conflict,bottleneck,43,J0_shortest,resilient,resilient,38,4.290812591004538,True,0.496,0.7796410256410256,0.58,0.7080000000000001,0.16000000000000003,0.02564102564102564,1.2376410256410257,True,False,38.0
risk_recovery_conflict,bottleneck,43,J1_risk,resilient,fragile,40,3.506224510321942,True,0.37399999999999994,0.5600487804878048,0.58,0.5940000000000001,0.18400000000000005,0.3780487804878049,1.598048780487805,False,True,110.12449020643884
risk_recovery_conflict,bottleneck,43,J2_recoverability,resilient,resilient,38,4.290812591004538,True,0.496,0.7796410256410256,0.58,0.7080000000000001,0.16000000000000003,0.02564102564102564,1.2376410256410257,True,False,62.75282051282051
risk_recovery_conflict,bottleneck,43,J3_joint,resilient,fragile,40,3.506224510321942,True,0.37399999999999994,0.5600487804878048,0.58,0.5940000000000001,0.18400000000000005,0.3780487804878049,1.598048780487805,False,True,142.08546581619493
risk_recovery_conflict,bottleneck,44,J0_shortest,fragile,resilient,38,4.321080447018208,True,0.496,0.7796410256410256,0.58,0.7080000000000001,0.16000000000000003,0.02564102564102564,1.2376410256410257,False,True,38.0
risk_recovery_conflict,bottleneck,44,J1_risk,fragile,fragile,40,3.534077639580145,True,0.37399999999999994,0.5600487804878048,0.58,0.5940000000000001,0.18400000000000005,0.3780487804878049,1.598048780487805,True,False,110.68155279160291
risk_recovery_conflict,bottleneck,44,J2_recoverability,fragile,resilient,38,4.321080447018208,True,0.496,0.7796410256410256,0.58,0.7080000000000001,0.16000000000000003,0.02564102564102564,1.2376410256410257,False,True,62.75282051282051
risk_recovery_conflict,bottleneck,44,J3_joint,fragile,fragile,40,3.534077639580145,True,0.37399999999999994,0.5600487804878048,0.58,0.5940000000000001,0.18400000000000005,0.3780487804878049,1.598048780487805,True,False,142.64252840135902
risk_recovery_conflict,bottleneck,45,J0_shortest,resilient,resilient,38,4.310582048663055,True,0.496,0.7796410256410256,0.58,0.7080000000000001,0.16000000000000003,0.02564102564102564,1.2376410256410257,True,False,38.0
risk_recovery_conflict,bottleneck,45,J1_risk,resilient,fragile,40,3.502988156979901,True,0.37399999999999994,0.5600487804878048,0.58,0.5940000000000001,0.18400000000000005,0.3780487804878049,1.598048780487805,False,True,110.05976313959802
risk_recovery_conflict,bottleneck,45,J2_recoverability,resilient,resilient,38,4.310582048663055,True,0.496,0.7796410256410256,0.58,0.7080000000000001,0.16000000000000003,0.02564102564102564,1.2376410256410257,True,False,62.75282051282051
risk_recovery_conflict,bottleneck,45,J3_joint,resilient,fragile,40,3.502988156979901,True,0.37399999999999994,0.5600487804878048,0.58,0.5940000000000001,0.18400000000000005,0.3780487804878049,1.598048780487805,False,True,142.0207387493541
risk_recovery_conflict,bottleneck,46,J0_shortest,none,resilient,38,4.351407922771996,True,0.496,0.7796410256410256,0.58,0.7080000000000001,0.16000000000000003,0.02564102564102564,1.2376410256410257,False,True,38.0
risk_recovery_conflict,bottleneck,46,J1_risk,none,fragile,40,3.521942966704366,True,0.37399999999999994,0.5600487804878048,0.58,0.5940000000000001,0.18400000000000005,0.3780487804878049,1.598048780487805,False,True,110.43885933408733
risk_recovery_conflict,bottleneck,46,J2_recoverability,none,resilient,38,4.351407922771996,True,0.496,0.7796410256410256,0.58,0.7080000000000001,0.16000000000000003,0.02564102564102564,1.2376410256410257,False,True,62.75282051282051
risk_recovery_conflict,bottleneck,46,J3_joint,none,fragile,40,3.521942966704366,True,0.37399999999999994,0.5600487804878048,0.58,0.5940000000000001,0.18400000000000005,0.3780487804878049,1.598048780487805,False,True,142.39983494384342
risk_recovery_conflict,bottleneck,47,J0_shortest,resilient,resilient,38,4.305808088331995,True,0.496,0.7796410256410256,0.58,0.7080000000000001,0.16000000000000003,0.02564102564102564,1.2376410256410257,True,False,38.0
risk_recovery_conflict,bottleneck,47,J1_risk,resilient,fragile,40,3.5162061517634604,True,0.37399999999999994,0.5600487804878048,0.58,0.5940000000000001,0.18400000000000005,0.3780487804878049,1.598048780487805,False,True,110.32412303526921
risk_recovery_conflict,bottleneck,47,J2_recoverability,resilient,resilient,38,4.305808088331995,True,0.496,0.7796410256410256,0.58,0.7080000000000001,0.16000000000000003,0.02564102564102564,1.2376410256410257,True,False,62.75282051282051
risk_recovery_conflict,bottleneck,47,J3_joint,resilient,fragile,40,3.5162061517634604,True,0.37399999999999994,0.5600487804878048,0.58,0.5940000000000001,0.18400000000000005,0.3780487804878049,1.598048780487805,False,True,142.2850986450253
risk_recovery_conflict,bottleneck,48,J0_shortest,fragile,resilient,38,4.278080390151966,True,0.496,0.7796410256410256,0.58,0.7080000000000001,0.16000000000000003,0.02564102564102564,1.2376410256410257,False,True,38.0
risk_recovery_conflict,bottleneck,48,J1_risk,fragile,fragile,40,3.571132243800957,True,0.37399999999999994,0.5600487804878048,0.58,0.5940000000000001,0.18400000000000005,0.3780487804878049,1.598048780487805,True,False,111.42264487601915
risk_recovery_conflict,bottleneck,48,J2_recoverability,fragile,resilient,38,4.278080390151966,True,0.496,0.7796410256410256,0.58,0.7080000000000001,0.16000000000000003,0.02564102564102564,1.2376410256410257,False,True,62.75282051282051
risk_recovery_conflict,bottleneck,48,J3_joint,fragile,fragile,40,3.571132243800957,True,0.37399999999999994,0.5600487804878048,0.58,0.5940000000000001,0.18400000000000005,0.3780487804878049,1.598048780487805,True,False,143.38362048577525
risk_recovery_conflict,bottleneck,49,J0_shortest,none,resilient,38,4.3067807397957765,True,0.496,0.7796410256410256,0.58,0.7080000000000001,0.16000000000000003,0.02564102564102564,1.2376410256410257,False,True,38.0
risk_recovery_conflict,bottleneck,49,J1_risk,none,fragile,40,3.565081500608974,True,0.37399999999999994,0.5600487804878048,0.58,0.5940000000000001,0.18400000000000005,0.3780487804878049,1.598048780487805,False,True,111.30163001217949
risk_recovery_conflict,bottleneck,49,J2_recoverability,none,resilient,38,4.3067807397957765,True,0.496,0.7796410256410256,0.58,0.7080000000000001,0.16000000000000003,0.02564102564102564,1.2376410256410257,False,True,62.75282051282051
risk_recovery_conflict,bottleneck,49,J3_joint,none,fragile,40,3.565081500608974,True,0.37399999999999994,0.5600487804878048,0.58,0.5940000000000001,0.18400000000000005,0.3780487804878049,1.598048780487805,False,True,143.2626056219356
risk_recovery_conflict,bottleneck,50,J0_shortest,resilient,resilient,38,4.277824204171255,True,0.496,0.7796410256410256,0.58,0.7080000000000001,0.16000000000000003,0.02564102564102564,1.2376410256410257,True,False,38.0
risk_recovery_conflict,bottleneck,50,J1_risk,resilient,fragile,40,3.4743440528961154,True,0.37399999999999994,0.5600487804878048,0.58,0.5940000000000001,0.18400000000000005,0.3780487804878049,1.598048780487805,False,True,109.4868810579223
risk_recovery_conflict,bottleneck,50,J2_recoverability,resilient,resilient,38,4.277824204171255,True,0.496,0.7796410256410256,0.58,0.7080000000000001,0.16000000000000003,0.02564102564102564,1.2376410256410257,True,False,62.75282051282051
risk_recovery_conflict,bottleneck,50,J3_joint,resilient,fragile,40,3.4743440528961154,True,0.37399999999999994,0.5600487804878048,0.58,0.5940000000000001,0.18400000000000005,0.3780487804878049,1.598048780487805,False,True,141.4478566676784
risk_recovery_conflict,bottleneck,51,J0_shortest,resilient,resilient,38,4.268047393472855,True,0.496,0.7796410256410256,0.58,0.7080000000000001,0.16000000000000003,0.02564102564102564,1.2376410256410257,True,False,38.0
risk_recovery_conflict,bottleneck,51,J1_risk,resilient,fragile,40,3.523437510399959,True,0.37399999999999994,0.5600487804878048,0.58,0.5940000000000001,0.18400000000000005,0.3780487804878049,1.598048780487805,False,True,110.46875020799918
risk_recovery_conflict,bottleneck,51,J2_recoverability,resilient,resilient,38,4.268047393472855,True,0.496,0.7796410256410256,0.58,0.7080000000000001,0.16000000000000003,0.02564102564102564,1.2376410256410257,True,False,62.75282051282051
risk_recovery_conflict,bottleneck,51,J3_joint,resilient,fragile,40,3.523437510399959,True,0.37399999999999994,0.5600487804878048,0.58,0.5940000000000001,0.18400000000000005,0.3780487804878049,1.598048780487805,False,True,142.42972581775527
risk_recovery_conflict,bottleneck,52,J0_shortest,fragile,resilient,38,4.356579207174698,True,0.496,0.7796410256410256,0.58,0.7080000000000001,0.16000000000000003,0.02564102564102564,1.2376410256410257,False,True,38.0
risk_recovery_conflict,bottleneck,52,J1_risk,fragile,fragile,40,3.553356229828567,True,0.37399999999999994,0.5600487804878048,0.58,0.5940000000000001,0.18400000000000005,0.3780487804878049,1.598048780487805,True,False,111.06712459657133
risk_recovery_conflict,bottleneck,52,J2_recoverability,fragile,resilient,38,4.356579207174698,True,0.496,0.7796410256410256,0.58,0.7080000000000001,0.16000000000000003,0.02564102564102564,1.2376410256410257,False,True,62.75282051282051
risk_recovery_conflict,bottleneck,52,J3_joint,fragile,fragile,40,3.553356229828567,True,0.37399999999999994,0.5600487804878048,0.58,0.5940000000000001,0.18400000000000005,0.3780487804878049,1.598048780487805,True,False,143.02810020632742
risk_recovery_conflict,bottleneck,53,J0_shortest,resilient,resilient,38,4.309310636231516,True,0.496,0.7796410256410256,0.58,0.7080000000000001,0.16000000000000003,0.02564102564102564,1.2376410256410257,True,False,38.0
risk_recovery_conflict,bottleneck,53,J1_risk,resilient,fragile,40,3.5279900734385006,True,0.37399999999999994,0.5600487804878048,0.58,0.5940000000000001,0.18400000000000005,0.3780487804878049,1.598048780487805,False,True,110.55980146877002
risk_recovery_conflict,bottleneck,53,J2_recoverability,resilient,resilient,38,4.309310636231516,True,0.496,0.7796410256410256,0.58,0.7080000000000001,0.16000000000000003,0.02564102564102564,1.2376410256410257,True,False,62.75282051282051
risk_recovery_conflict,bottleneck,53,J3_joint,resilient,fragile,40,3.5279900734385006,True,0.37399999999999994,0.5600487804878048,0.58,0.5940000000000001,0.18400000000000005,0.3780487804878049,1.598048780487805,False,True,142.52077707852612
risk_recovery_conflict,bottleneck,54,J0_shortest,fragile,resilient,38,4.339427602681844,True,0.496,0.7796410256410256,0.58,0.7080000000000001,0.16000000000000003,0.02564102564102564,1.2376410256410257,False,True,38.0
risk_recovery_conflict,bottleneck,54,J1_risk,fragile,fragile,40,3.5388716908052906,True,0.37399999999999994,0.5600487804878048,0.58,0.5940000000000001,0.18400000000000005,0.3780487804878049,1.598048780487805,True,False,110.77743381610581
risk_recovery_conflict,bottleneck,54,J2_recoverability,fragile,resilient,38,4.339427602681844,True,0.496,0.7796410256410256,0.58,0.7080000000000001,0.16000000000000003,0.02564102564102564,1.2376410256410257,False,True,62.75282051282051
risk_recovery_conflict,bottleneck,54,J3_joint,fragile,fragile,40,3.5388716908052906,True,0.37399999999999994,0.5600487804878048,0.58,0.5940000000000001,0.18400000000000005,0.3780487804878049,1.598048780487805,True,False,142.7384094258619
risk_recovery_conflict,bottleneck,55,J0_shortest,fragile,resilient,38,4.283407170304074,True,0.496,0.7796410256410256,0.58,0.7080000000000001,0.16000000000000003,0.02564102564102564,1.2376410256410257,False,True,38.0
risk_recovery_conflict,bottleneck,55,J1_risk,fragile,fragile,40,3.518512468291657,True,0.37399999999999994,0.5600487804878048,0.58,0.5940000000000001,0.18400000000000005,0.3780487804878049,1.598048780487805,True,False,110.37024936583313
risk_recovery_conflict,bottleneck,55,J2_recoverability,fragile,resilient,38,4.283407170304074,True,0.496,0.7796410256410256,0.58,0.7080000000000001,0.16000000000000003,0.02564102564102564,1.2376410256410257,False,True,62.75282051282051
risk_recovery_conflict,bottleneck,55,J3_joint,fragile,fragile,40,3.518512468291657,True,0.37399999999999994,0.5600487804878048,0.58,0.5940000000000001,0.18400000000000005,0.3780487804878049,1.598048780487805,True,False,142.33122497558924
risk_recovery_conflict,bottleneck,56,J0_shortest,fragile,resilient,38,4.2937578755977555,True,0.496,0.7796410256410256,0.58,0.7080000000000001,0.16000000000000003,0.02564102564102564,1.2376410256410257,False,True,38.0
risk_recovery_conflict,bottleneck,56,J1_risk,fragile,fragile,40,3.541994480331501,True,0.37399999999999994,0.5600487804878048,0.58,0.5940000000000001,0.18400000000000005,0.3780487804878049,1.598048780487805,True,False,110.83988960663002
risk_recovery_conflict,bottleneck,56,J2_recoverability,fragile,resilient,38,4.2937578755977555,True,0.496,0.7796410256410256,0.58,0.7080000000000001,0.16000000000000003,0.02564102564102564,1.2376410256410257,False,True,62.75282051282051
risk_recovery_conflict,bottleneck,56,J3_joint,fragile,fragile,40,3.541994480331501,True,0.37399999999999994,0.5600487804878048,0.58,0.5940000000000001,0.18400000000000005,0.3780487804878049,1.598048780487805,True,False,142.80086521638611
risk_recovery_conflict,bottleneck,57,J0_shortest,fragile,resilient,38,4.279524514985334,True,0.496,0.7796410256410256,0.58,0.7080000000000001,0.16000000000000003,0.02564102564102564,1.2376410256410257,False,True,38.0
risk_recovery_conflict,bottleneck,57,J1_risk,fragile,fragile,40,3.512799935680834,True,0.37399999999999994,0.5600487804878048,0.58,0.5940000000000001,0.18400000000000005,0.3780487804878049,1.598048780487805,True,False,110.25599871361668
risk_recovery_conflict,bottleneck,57,J2_recoverability,fragile,resilient,38,4.279524514985334,True,0.496,0.7796410256410256,0.58,0.7080000000000001,0.16000000000000003,0.02564102564102564,1.2376410256410257,False,True,62.75282051282051
risk_recovery_conflict,bottleneck,57,J3_joint,fragile,fragile,40,3.512799935680834,True,0.37399999999999994,0.5600487804878048,0.58,0.5940000000000001,0.18400000000000005,0.3780487804878049,1.598048780487805,True,False,142.21697432337277
risk_recovery_conflict,bottleneck,58,J0_shortest,resilient,resilient,38,4.283256999908433,True,0.496,0.7796410256410256,0.58,0.7080000000000001,0.16000000000000003,0.02564102564102564,1.2376410256410257,True,False,38.0
risk_recovery_conflict,bottleneck,58,J1_risk,resilient,fragile,40,3.4683734692212997,True,0.37399999999999994,0.5600487804878048,0.58,0.5940000000000001,0.18400000000000005,0.3780487804878049,1.598048780487805,False,True,109.36746938442599
risk_recovery_conflict,bottleneck,58,J2_recoverability,resilient,resilient,38,4.283256999908433,True,0.496,0.7796410256410256,0.58,0.7080000000000001,0.16000000000000003,0.02564102564102564,1.2376410256410257,True,False,62.75282051282051
risk_recovery_conflict,bottleneck,58,J3_joint,resilient,fragile,40,3.4683734692212997,True,0.37399999999999994,0.5600487804878048,0.58,0.5940000000000001,0.18400000000000005,0.3780487804878049,1.598048780487805,False,True,141.3284449941821
risk_recovery_conflict,bottleneck,59,J0_shortest,fragile,resilient,38,4.2830838755505365,True,0.496,0.7796410256410256,0.58,0.7080000000000001,0.16000000000000003,0.02564102564102564,1.2376410256410257,False,True,38.0
risk_recovery_conflict,bottleneck,59,J1_risk,fragile,fragile,40,3.525011713104579,True,0.37399999999999994,0.5600487804878048,0.58,0.5940000000000001,0.18400000000000005,0.3780487804878049,1.598048780487805,True,False,110.50023426209158
risk_recovery_conflict,bottleneck,59,J2_recoverability,fragile,resilient,38,4.2830838755505365,True,0.496,0.7796410256410256,0.58,0.7080000000000001,0.16000000000000003,0.02564102564102564,1.2376410256410257,False,True,62.75282051282051
risk_recovery_conflict,bottleneck,59,J3_joint,fragile,fragile,40,3.525011713104579,True,0.37399999999999994,0.5600487804878048,0.58,0.5940000000000001,0.18400000000000005,0.3780487804878049,1.598048780487805,True,False,142.46120987184767
risk_recovery_conflict,bottleneck,60,J0_shortest,none,resilient,38,4.309425232743424,True,0.496,0.7796410256410256,0.58,0.7080000000000001,0.16000000000000003,0.02564102564102564,1.2376410256410257,False,True,38.0
risk_recovery_conflict,bottleneck,60,J1_risk,none,fragile,40,3.5550375800724763,True,0.37399999999999994,0.5600487804878048,0.58,0.5940000000000001,0.18400000000000005,0.3780487804878049,1.598048780487805,False,True,111.10075160144953
risk_recovery_conflict,bottleneck,60,J2_recoverability,none,resilient,38,4.309425232743424,True,0.496,0.7796410256410256,0.58,0.7080000000000001,0.16000000000000003,0.02564102564102564,1.2376410256410257,False,True,62.75282051282051
risk_recovery_conflict,bottleneck,60,J3_joint,none,fragile,40,3.5550375800724763,True,0.37399999999999994,0.5600487804878048,0.58,0.5940000000000001,0.18400000000000005,0.3780487804878049,1.598048780487805,False,True,143.06172721120564
risk_recovery_conflict,bottleneck,61,J0_shortest,resilient,resilient,38,4.311070797448158,True,0.496,0.7796410256410256,0.58,0.7080000000000001,0.16000000000000003,0.02564102564102564,1.2376410256410257,True,False,38.0
risk_recovery_conflict,bottleneck,61,J1_risk,resilient,fragile,40,3.5204208444802068,True,0.37399999999999994,0.5600487804878048,0.58,0.5940000000000001,0.18400000000000005,0.3780487804878049,1.598048780487805,False,True,110.40841688960414
risk_recovery_conflict,bottleneck,61,J2_recoverability,resilient,resilient,38,4.311070797448158,True,0.496,0.7796410256410256,0.58,0.7080000000000001,0.16000000000000003,0.02564102564102564,1.2376410256410257,True,False,62.75282051282051
risk_recovery_conflict,bottleneck,61,J3_joint,resilient,fragile,40,3.5204208444802068,True,0.37399999999999994,0.5600487804878048,0.58,0.5940000000000001,0.18400000000000005,0.3780487804878049,1.598048780487805,False,True,142.36939249936023
risk_recovery_conflict,bottleneck,62,J0_shortest,fragile,resilient,38,4.3089773117066335,True,0.496,0.7796410256410256,0.58,0.7080000000000001,0.16000000000000003,0.02564102564102564,1.2376410256410257,False,True,38.0
risk_recovery_conflict,bottleneck,62,J1_risk,fragile,fragile,40,3.4874175737028947,True,0.37399999999999994,0.5600487804878048,0.58,0.5940000000000001,0.18400000000000005,0.3780487804878049,1.598048780487805,True,False,109.7483514740579
risk_recovery_conflict,bottleneck,62,J2_recoverability,fragile,resilient,38,4.3089773117066335,True,0.496,0.7796410256410256,0.58,0.7080000000000001,0.16000000000000003,0.02564102564102564,1.2376410256410257,False,True,62.75282051282051
risk_recovery_conflict,bottleneck,62,J3_joint,fragile,fragile,40,3.4874175737028947,True,0.37399999999999994,0.5600487804878048,0.58,0.5940000000000001,0.18400000000000005,0.3780487804878049,1.598048780487805,True,False,141.709327083814
risk_recovery_conflict,bottleneck,63,J0_shortest,fragile,resilient,38,4.291062145203812,True,0.496,0.7796410256410256,0.58,0.7080000000000001,0.16000000000000003,0.02564102564102564,1.2376410256410257,False,True,38.0
risk_recovery_conflict,bottleneck,63,J1_risk,fragile,fragile,40,3.5709448875535825,True,0.37399999999999994,0.5600487804878048,0.58,0.5940000000000001,0.18400000000000005,0.3780487804878049,1.598048780487805,True,False,111.41889775107165
risk_recovery_conflict,bottleneck,63,J2_recoverability,fragile,resilient,38,4.291062145203812,True,0.496,0.7796410256410256,0.58,0.7080000000000001,0.16000000000000003,0.02564102564102564,1.2376410256410257,False,True,62.75282051282051
risk_recovery_conflict,bottleneck,63,J3_joint,fragile,fragile,40,3.5709448875535825,True,0.37399999999999994,0.5600487804878048,0.58,0.5940000000000001,0.18400000000000005,0.3780487804878049,1.598048780487805,True,False,143.37987336082776
risk_recovery_conflict,bottleneck,64,J0_shortest,none,resilient,38,4.322122136141999,True,0.496,0.7796410256410256,0.58,0.7080000000000001,0.16000000000000003,0.02564102564102564,1.2376410256410257,False,True,38.0
risk_recovery_conflict,bottleneck,64,J1_risk,none,fragile,40,3.5431277361209808,True,0.37399999999999994,0.5600487804878048,0.58,0.5940000000000001,0.18400000000000005,0.3780487804878049,1.598048780487805,False,True,110.86255472241962
risk_recovery_conflict,bottleneck,64,J2_recoverability,none,resilient,38,4.322122136141999,True,0.496,0.7796410256410256,0.58,0.7080000000000001,0.16000000000000003,0.02564102564102564,1.2376410256410257,False,True,62.75282051282051
risk_recovery_conflict,bottleneck,64,J3_joint,none,fragile,40,3.5431277361209808,True,0.37399999999999994,0.5600487804878048,0.58,0.5940000000000001,0.18400000000000005,0.3780487804878049,1.598048780487805,False,True,142.82353033217572
risk_recovery_conflict,bottleneck,65,J0_shortest,fragile,resilient,38,4.292581976917338,True,0.496,0.7796410256410256,0.58,0.7080000000000001,0.16000000000000003,0.02564102564102564,1.2376410256410257,False,True,38.0
risk_recovery_conflict,bottleneck,65,J1_risk,fragile,fragile,40,3.5274652828278956,True,0.37399999999999994,0.5600487804878048,0.58,0.5940000000000001,0.18400000000000005,0.3780487804878049,1.598048780487805,True,False,110.54930565655792
risk_recovery_conflict,bottleneck,65,J2_recoverability,fragile,resilient,38,4.292581976917338,True,0.496,0.7796410256410256,0.58,0.7080000000000001,0.16000000000000003,0.02564102564102564,1.2376410256410257,False,True,62.75282051282051
risk_recovery_conflict,bottleneck,65,J3_joint,fragile,fragile,40,3.5274652828278956,True,0.37399999999999994,0.5600487804878048,0.58,0.5940000000000001,0.18400000000000005,0.3780487804878049,1.598048780487805,True,False,142.51028126631402
risk_recovery_conflict,bottleneck,66,J0_shortest,fragile,resilient,38,4.273834201537723,True,0.496,0.7796410256410256,0.58,0.7080000000000001,0.16000000000000003,0.02564102564102564,1.2376410256410257,False,True,38.0
risk_recovery_conflict,bottleneck,66,J1_risk,fragile,fragile,40,3.508382856001127,True,0.37399999999999994,0.5600487804878048,0.58,0.5940000000000001,0.18400000000000005,0.3780487804878049,1.598048780487805,True,False,110.16765712002254
risk_recovery_conflict,bottleneck,66,J2_recoverability,fragile,resilient,38,4.273834201537723,True,0.496,0.7796410256410256,0.58,0.7080000000000001,0.16000000000000003,0.02564102564102564,1.2376410256410257,False,True,62.75282051282051
risk_recovery_conflict,bottleneck,66,J3_joint,fragile,fragile,40,3.508382856001127,True,0.37399999999999994,0.5600487804878048,0.58,0.5940000000000001,0.18400000000000005,0.3780487804878049,1.598048780487805,True,False,142.12863272977864
risk_recovery_conflict,bottleneck,67,J0_shortest,resilient,resilient,38,4.279866276347963,True,0.496,0.7796410256410256,0.58,0.7080000000000001,0.16000000000000003,0.02564102564102564,1.2376410256410257,True,False,38.0
risk_recovery_conflict,bottleneck,67,J1_risk,resilient,fragile,40,3.4850930256368406,True,0.37399999999999994,0.5600487804878048,0.58,0.5940000000000001,0.18400000000000005,0.3780487804878049,1.598048780487805,False,True,109.70186051273681
risk_recovery_conflict,bottleneck,67,J2_recoverability,resilient,resilient,38,4.279866276347963,True,0.496,0.7796410256410256,0.58,0.7080000000000001,0.16000000000000003,0.02564102564102564,1.2376410256410257,True,False,62.75282051282051
risk_recovery_conflict,bottleneck,67,J3_joint,resilient,fragile,40,3.4850930256368406,True,0.37399999999999994,0.5600487804878048,0.58,0.5940000000000001,0.18400000000000005,0.3780487804878049,1.598048780487805,False,True,141.6628361224929
risk_recovery_conflict,bottleneck,68,J0_shortest,resilient,resilient,38,4.2698233918617525,True,0.496,0.7796410256410256,0.58,0.7080000000000001,0.16000000000000003,0.02564102564102564,1.2376410256410257,True,False,38.0
risk_recovery_conflict,bottleneck,68,J1_risk,resilient,fragile,40,3.5436915271031926,True,0.37399999999999994,0.5600487804878048,0.58,0.5940000000000001,0.18400000000000005,0.3780487804878049,1.598048780487805,False,True,110.87383054206386
risk_recovery_conflict,bottleneck,68,J2_recoverability,resilient,resilient,38,4.2698233918617525,True,0.496,0.7796410256410256,0.58,0.7080000000000001,0.16000000000000003,0.02564102564102564,1.2376410256410257,True,False,62.75282051282051
risk_recovery_conflict,bottleneck,68,J3_joint,resilient,fragile,40,3.5436915271031926,True,0.37399999999999994,0.5600487804878048,0.58,0.5940000000000001,0.18400000000000005,0.3780487804878049,1.598048780487805,False,True,142.83480615181995
risk_recovery_conflict,bottleneck,69,J0_shortest,none,resilient,38,4.2728557818317725,True,0.496,0.7796410256410256,0.58,0.7080000000000001,0.16000000000000003,0.02564102564102564,1.2376410256410257,False,True,38.0
risk_recovery_conflict,bottleneck,69,J1_risk,none,fragile,40,3.5156984328057734,True,0.37399999999999994,0.5600487804878048,0.58,0.5940000000000001,0.18400000000000005,0.3780487804878049,1.598048780487805,False,True,110.31396865611546
risk_recovery_conflict,bottleneck,69,J2_recoverability,none,resilient,38,4.2728557818317725,True,0.496,0.7796410256410256,0.58,0.7080000000000001,0.16000000000000003,0.02564102564102564,1.2376410256410257,False,True,62.75282051282051
risk_recovery_conflict,bottleneck,69,J3_joint,none,fragile,40,3.5156984328057734,True,0.37399999999999994,0.5600487804878048,0.58,0.5940000000000001,0.18400000000000005,0.3780487804878049,1.598048780487805,False,True,142.27494426587157
risk_recovery_conflict,bottleneck,70,J0_shortest,fragile,resilient,38,4.283559156167719,True,0.496,0.7796410256410256,0.58,0.7080000000000001,0.16000000000000003,0.02564102564102564,1.2376410256410257,False,True,38.0
risk_recovery_conflict,bottleneck,70,J1_risk,fragile,fragile,40,3.5403765387211483,True,0.37399999999999994,0.5600487804878048,0.58,0.5940000000000001,0.18400000000000005,0.3780487804878049,1.598048780487805,True,False,110.80753077442297
risk_recovery_conflict,bottleneck,70,J2_recoverability,fragile,resilient,38,4.283559156167719,True,0.496,0.7796410256410256,0.58,0.7080000000000001,0.16000000000000003,0.02564102564102564,1.2376410256410257,False,True,62.75282051282051
risk_recovery_conflict,bottleneck,70,J3_joint,fragile,fragile,40,3.5403765387211483,True,0.37399999999999994,0.5600487804878048,0.58,0.5940000000000001,0.18400000000000005,0.3780487804878049,1.598048780487805,True,False,142.76850638417906
risk_recovery_conflict,bottleneck,71,J0_shortest,fragile,resilient,38,4.2403808412294905,True,0.496,0.7796410256410256,0.58,0.7080000000000001,0.16000000000000003,0.02564102564102564,1.2376410256410257,False,True,38.0
risk_recovery_conflict,bottleneck,71,J1_risk,fragile,fragile,40,3.507164320214665,True,0.37399999999999994,0.5600487804878048,0.58,0.5940000000000001,0.18400000000000005,0.3780487804878049,1.598048780487805,True,False,110.14328640429329
risk_recovery_conflict,bottleneck,71,J2_recoverability,fragile,resilient,38,4.2403808412294905,True,0.496,0.7796410256410256,0.58,0.7080000000000001,0.16000000000000003,0.02564102564102564,1.2376410256410257,False,True,62.75282051282051
risk_recovery_conflict,bottleneck,71,J3_joint,fragile,fragile,40,3.507164320214665,True,0.37399999999999994,0.5600487804878048,0.58,0.5940000000000001,0.18400000000000005,0.3780487804878049,1.598048780487805,True,False,142.1042620140494
risk_recovery_conflict,bottleneck,72,J0_shortest,fragile,resilient,38,4.296675170248482,True,0.496,0.7796410256410256,0.58,0.7080000000000001,0.16000000000000003,0.02564102564102564,1.2376410256410257,False,True,38.0
risk_recovery_conflict,bottleneck,72,J1_risk,fragile,fragile,40,3.5116473125479386,True,0.37399999999999994,0.5600487804878048,0.58,0.5940000000000001,0.18400000000000005,0.3780487804878049,1.598048780487805,True,False,110.23294625095878
risk_recovery_conflict,bottleneck,72,J2_recoverability,fragile,resilient,38,4.296675170248482,True,0.496,0.7796410256410256,0.58,0.7080000000000001,0.16000000000000003,0.02564102564102564,1.2376410256410257,False,True,62.75282051282051
risk_recovery_conflict,bottleneck,72,J3_joint,fragile,fragile,40,3.5116473125479386,True,0.37399999999999994,0.5600487804878048,0.58,0.5940000000000001,0.18400000000000005,0.3780487804878049,1.598048780487805,True,False,142.19392186071488
risk_recovery_conflict,bottleneck,73,J0_shortest,fragile,resilient,38,4.32034792228337,True,0.496,0.7796410256410256,0.58,0.7080000000000001,0.16000000000000003,0.02564102564102564,1.2376410256410257,False,True,38.0
risk_recovery_conflict,bottleneck,73,J1_risk,fragile,fragile,40,3.524526812492946,True,0.37399999999999994,0.5600487804878048,0.58,0.5940000000000001,0.18400000000000005,0.3780487804878049,1.598048780487805,True,False,110.49053624985892
risk_recovery_conflict,bottleneck,73,J2_recoverability,fragile,resilient,38,4.32034792228337,True,0.496,0.7796410256410256,0.58,0.7080000000000001,0.16000000000000003,0.02564102564102564,1.2376410256410257,False,True,62.75282051282051
risk_recovery_conflict,bottleneck,73,J3_joint,fragile,fragile,40,3.524526812492946,True,0.37399999999999994,0.5600487804878048,0.58,0.5940000000000001,0.18400000000000005,0.3780487804878049,1.598048780487805,True,False,142.451511859615
risk_recovery_conflict,bottleneck,74,J0_shortest,none,resilient,38,4.334412993082295,True,0.496,0.7796410256410256,0.58,0.7080000000000001,0.16000000000000003,0.02564102564102564,1.2376410256410257,False,True,38.0
risk_recovery_conflict,bottleneck,74,J1_risk,none,fragile,40,3.538555392780968,True,0.37399999999999994,0.5600487804878048,0.58,0.5940000000000001,0.18400000000000005,0.3780487804878049,1.598048780487805,False,True,110.77110785561936
risk_recovery_conflict,bottleneck,74,J2_recoverability,none,resilient,38,4.334412993082295,True,0.496,0.7796410256410256,0.58,0.7080000000000001,0.16000000000000003,0.02564102564102564,1.2376410256410257,False,True,62.75282051282051
risk_recovery_conflict,bottleneck,74,J3_joint,none,fragile,40,3.538555392780968,True,0.37399999999999994,0.5600487804878048,0.58,0.5940000000000001,0.18400000000000005,0.3780487804878049,1.598048780487805,False,True,142.73208346537547
risk_recovery_conflict,bottleneck,75,J0_shortest,resilient,resilient,38,4.288656490073033,True,0.496,0.7796410256410256,0.58,0.7080000000000001,0.16000000000000003,0.02564102564102564,1.2376410256410257,True,False,38.0
risk_recovery_conflict,bottleneck,75,J1_risk,resilient,fragile,40,3.5134460775775156,True,0.37399999999999994,0.5600487804878048,0.58,0.5940000000000001,0.18400000000000005,0.3780487804878049,1.598048780487805,False,True,110.2689215515503
risk_recovery_conflict,bottleneck,75,J2_recoverability,resilient,resilient,38,4.288656490073033,True,0.496,0.7796410256410256,0.58,0.7080000000000001,0.16000000000000003,0.02564102564102564,1.2376410256410257,True,False,62.75282051282051
risk_recovery_conflict,bottleneck,75,J3_joint,resilient,fragile,40,3.5134460775775156,True,0.37399999999999994,0.5600487804878048,0.58,0.5940000000000001,0.18400000000000005,0.3780487804878049,1.598048780487805,False,True,142.2298971613064
risk_recovery_conflict,bottleneck,76,J0_shortest,none,resilient,38,4.3458972179891004,True,0.496,0.7796410256410256,0.58,0.7080000000000001,0.16000000000000003,0.02564102564102564,1.2376410256410257,False,True,38.0
risk_recovery_conflict,bottleneck,76,J1_risk,none,fragile,40,3.555739636502725,True,0.37399999999999994,0.5600487804878048,0.58,0.5940000000000001,0.18400000000000005,0.3780487804878049,1.598048780487805,False,True,111.1147927300545
risk_recovery_conflict,bottleneck,76,J2_recoverability,none,resilient,38,4.3458972179891004,True,0.496,0.7796410256410256,0.58,0.7080000000000001,0.16000000000000003,0.02564102564102564,1.2376410256410257,False,True,62.75282051282051
risk_recovery_conflict,bottleneck,76,J3_joint,none,fragile,40,3.555739636502725,True,0.37399999999999994,0.5600487804878048,0.58,0.5940000000000001,0.18400000000000005,0.3780487804878049,1.598048780487805,False,True,143.0757683398106
risk_recovery_conflict,bottleneck,77,J0_shortest,fragile,resilient,38,4.290323280354569,True,0.496,0.7796410256410256,0.58,0.7080000000000001,0.16000000000000003,0.02564102564102564,1.2376410256410257,False,True,38.0
risk_recovery_conflict,bottleneck,77,J1_risk,fragile,fragile,40,3.4923247043790497,True,0.37399999999999994,0.5600487804878048,0.58,0.5940000000000001,0.18400000000000005,0.3780487804878049,1.598048780487805,True,False,109.846494087581
risk_recovery_conflict,bottleneck,77,J2_recoverability,fragile,resilient,38,4.290323280354569,True,0.496,0.7796410256410256,0.58,0.7080000000000001,0.16000000000000003,0.02564102564102564,1.2376410256410257,False,True,62.75282051282051
risk_recovery_conflict,bottleneck,77,J3_joint,fragile,fragile,40,3.4923247043790497,True,0.37399999999999994,0.5600487804878048,0.58,0.5940000000000001,0.18400000000000005,0.3780487804878049,1.598048780487805,True,False,141.8074696973371
risk_recovery_conflict,bottleneck,78,J0_shortest,none,resilient,38,4.31593917702011,True,0.496,0.7796410256410256,0.58,0.7080000000000001,0.16000000000000003,0.02564102564102564,1.2376410256410257,False,True,38.0
risk_recovery_conflict,bottleneck,78,J1_risk,none,fragile,40,3.582219997691163,True,0.37399999999999994,0.5600487804878048,0.58,0.5940000000000001,0.18400000000000005,0.3780487804878049,1.598048780487805,False,True,111.64439995382325
risk_recovery_conflict,bottleneck,78,J2_recoverability,none,resilient,38,4.31593917702011,True,0.496,0.7796410256410256,0.58,0.7080000000000001,0.16000000000000003,0.02564102564102564,1.2376410256410257,False,True,62.75282051282051
risk_recovery_conflict,bottleneck,78,J3_joint,none,fragile,40,3.582219997691163,True,0.37399999999999994,0.5600487804878048,0.58,0.5940000000000001,0.18400000000000005,0.3780487804878049,1.598048780487805,False,True,143.60537556357934
risk_recovery_conflict,bottleneck,79,J0_shortest,resilient,resilient,38,4.3439761919453055,True,0.496,0.7796410256410256,0.58,0.7080000000000001,0.16000000000000003,0.02564102564102564,1.2376410256410257,True,False,38.0
risk_recovery_conflict,bottleneck,79,J1_risk,resilient,fragile,40,3.531749093973006,True,0.37399999999999994,0.5600487804878048,0.58,0.5940000000000001,0.18400000000000005,0.3780487804878049,1.598048780487805,False,True,110.63498187946011
risk_recovery_conflict,bottleneck,79,J2_recoverability,resilient,resilient,38,4.3439761919453055,True,0.496,0.7796410256410256,0.58,0.7080000000000001,0.16000000000000003,0.02564102564102564,1.2376410256410257,True,False,62.75282051282051
risk_recovery_conflict,bottleneck,79,J3_joint,resilient,fragile,40,3.531749093973006,True,0.37399999999999994,0.5600487804878048,0.58,0.5940000000000001,0.18400000000000005,0.3780487804878049,1.598048780487805,False,True,142.5959574892162
risk_recovery_conflict,bottleneck,80,J0_shortest,resilient,resilient,38,4.347625990931812,True,0.496,0.7796410256410256,0.58,0.7080000000000001,0.16000000000000003,0.02564102564102564,1.2376410256410257,True,False,38.0
risk_recovery_conflict,bottleneck,80,J1_risk,resilient,fragile,40,3.520229448485313,True,0.37399999999999994,0.5600487804878048,0.58,0.5940000000000001,0.18400000000000005,0.3780487804878049,1.598048780487805,False,True,110.40458896970625
risk_recovery_conflict,bottleneck,80,J2_recoverability,resilient,resilient,38,4.347625990931812,True,0.496,0.7796410256410256,0.58,0.7080000000000001,0.16000000000000003,0.02564102564102564,1.2376410256410257,True,False,62.75282051282051
risk_recovery_conflict,bottleneck,80,J3_joint,resilient,fragile,40,3.520229448485313,True,0.37399999999999994,0.5600487804878048,0.58,0.5940000000000001,0.18400000000000005,0.3780487804878049,1.598048780487805,False,True,142.36556457946236
risk_recovery_conflict,bottleneck,81,J0_shortest,resilient,resilient,38,4.2622129811772655,True,0.496,0.7796410256410256,0.58,0.7080000000000001,0.16000000000000003,0.02564102564102564,1.2376410256410257,True,False,38.0
risk_recovery_conflict,bottleneck,81,J1_risk,resilient,fragile,40,3.5309497598963504,True,0.37399999999999994,0.5600487804878048,0.58,0.5940000000000001,0.18400000000000005,0.3780487804878049,1.598048780487805,False,True,110.618995197927
risk_recovery_conflict,bottleneck,81,J2_recoverability,resilient,resilient,38,4.2622129811772655,True,0.496,0.7796410256410256,0.58,0.7080000000000001,0.16000000000000003,0.02564102564102564,1.2376410256410257,True,False,62.75282051282051
risk_recovery_conflict,bottleneck,81,J3_joint,resilient,fragile,40,3.5309497598963504,True,0.37399999999999994,0.5600487804878048,0.58,0.5940000000000001,0.18400000000000005,0.3780487804878049,1.598048780487805,False,True,142.5799708076831
risk_recovery_conflict,bottleneck,82,J0_shortest,fragile,resilient,38,4.305514827762718,True,0.496,0.7796410256410256,0.58,0.7080000000000001,0.16000000000000003,0.02564102564102564,1.2376410256410257,False,True,38.0
risk_recovery_conflict,bottleneck,82,J1_risk,fragile,fragile,40,3.504897650285569,True,0.37399999999999994,0.5600487804878048,0.58,0.5940000000000001,0.18400000000000005,0.3780487804878049,1.598048780487805,True,False,110.09795300571139
risk_recovery_conflict,bottleneck,82,J2_recoverability,fragile,resilient,38,4.305514827762718,True,0.496,0.7796410256410256,0.58,0.7080000000000001,0.16000000000000003,0.02564102564102564,1.2376410256410257,False,True,62.75282051282051
risk_recovery_conflict,bottleneck,82,J3_joint,fragile,fragile,40,3.504897650285569,True,0.37399999999999994,0.5600487804878048,0.58,0.5940000000000001,0.18400000000000005,0.3780487804878049,1.598048780487805,True,False,142.0589286154675
risk_recovery_conflict,bottleneck,83,J0_shortest,fragile,resilient,38,4.287879547379599,True,0.496,0.7796410256410256,0.58,0.7080000000000001,0.16000000000000003,0.02564102564102564,1.2376410256410257,False,True,38.0
risk_recovery_conflict,bottleneck,83,J1_risk,fragile,fragile,40,3.5500245452746193,True,0.37399999999999994,0.5600487804878048,0.58,0.5940000000000001,0.18400000000000005,0.3780487804878049,1.598048780487805,True,False,111.00049090549238
risk_recovery_conflict,bottleneck,83,J2_recoverability,fragile,resilient,38,4.287879547379599,True,0.496,0.7796410256410256,0.58,0.7080000000000001,0.16000000000000003,0.02564102564102564,1.2376410256410257,False,True,62.75282051282051
risk_recovery_conflict,bottleneck,83,J3_joint,fragile,fragile,40,3.5500245452746193,True,0.37399999999999994,0.5600487804878048,0.58,0.5940000000000001,0.18400000000000005,0.3780487804878049,1.598048780487805,True,False,142.96146651524847
risk_recovery_conflict,bottleneck,84,J0_shortest,resilient,resilient,38,4.2592720904284915,True,0.496,0.7796410256410256,0.58,0.7080000000000001,0.16000000000000003,0.02564102564102564,1.2376410256410257,True,False,38.0
risk_recovery_conflict,bottleneck,84,J1_risk,resilient,fragile,40,3.490190486693599,True,0.37399999999999994,0.5600487804878048,0.58,0.5940000000000001,0.18400000000000005,0.3780487804878049,1.598048780487805,False,True,109.80380973387197
risk_recovery_conflict,bottleneck,84,J2_recoverability,resilient,resilient,38,4.2592720904284915,True,0.496,0.7796410256410256,0.58,0.7080000000000001,0.16000000000000003,0.02564102564102564,1.2376410256410257,True,False,62.75282051282051
risk_recovery_conflict,bottleneck,84,J3_joint,resilient,fragile,40,3.490190486693599,True,0.37399999999999994,0.5600487804878048,0.58,0.5940000000000001,0.18400000000000005,0.3780487804878049,1.598048780487805,False,True,141.76478534362806
risk_recovery_conflict,bottleneck,85,J0_shortest,fragile,resilient,38,4.305935302830403,True,0.496,0.7796410256410256,0.58,0.7080000000000001,0.16000000000000003,0.02564102564102564,1.2376410256410257,False,True,38.0
risk_recovery_conflict,bottleneck,85,J1_risk,fragile,fragile,40,3.4916073609731093,True,0.37399999999999994,0.5600487804878048,0.58,0.5940000000000001,0.18400000000000005,0.3780487804878049,1.598048780487805,True,False,109.83214721946219
risk_recovery_conflict,bottleneck,85,J2_recoverability,fragile,resilient,38,4.305935302830403,True,0.496,0.7796410256410256,0.58,0.7080000000000001,0.16000000000000003,0.02564102564102564,1.2376410256410257,False,True,62.75282051282051
risk_recovery_conflict,bottleneck,85,J3_joint,fragile,fragile,40,3.4916073609731093,True,0.37399999999999994,0.5600487804878048,0.58,0.5940000000000001,0.18400000000000005,0.3780487804878049,1.598048780487805,True,False,141.79312282921828
risk_recovery_conflict,bottleneck,86,J0_shortest,fragile,resilient,38,4.249259792000473,True,0.496,0.7796410256410256,0.58,0.7080000000000001,0.16000000000000003,0.02564102564102564,1.2376410256410257,False,True,38.0
risk_recovery_conflict,bottleneck,86,J1_risk,fragile,fragile,40,3.51031738235311,True,0.37399999999999994,0.5600487804878048,0.58,0.5940000000000001,0.18400000000000005,0.3780487804878049,1.598048780487805,True,False,110.2063476470622
risk_recovery_conflict,bottleneck,86,J2_recoverability,fragile,resilient,38,4.249259792000473,True,0.496,0.7796410256410256,0.58,0.7080000000000001,0.16000000000000003,0.02564102564102564,1.2376410256410257,False,True,62.75282051282051
risk_recovery_conflict,bottleneck,86,J3_joint,fragile,fragile,40,3.51031738235311,True,0.37399999999999994,0.5600487804878048,0.58,0.5940000000000001,0.18400000000000005,0.3780487804878049,1.598048780487805,True,False,142.1673232568183
risk_recovery_conflict,bottleneck,87,J0_shortest,resilient,resilient,38,4.312434932204402,True,0.496,0.7796410256410256,0.58,0.7080000000000001,0.16000000000000003,0.02564102564102564,1.2376410256410257,True,False,38.0
risk_recovery_conflict,bottleneck,87,J1_risk,resilient,fragile,40,3.5375446253541782,True,0.37399999999999994,0.5600487804878048,0.58,0.5940000000000001,0.18400000000000005,0.3780487804878049,1.598048780487805,False,True,110.75089250708356
risk_recovery_conflict,bottleneck,87,J2_recoverability,resilient,resilient,38,4.312434932204402,True,0.496,0.7796410256410256,0.58,0.7080000000000001,0.16000000000000003,0.02564102564102564,1.2376410256410257,True,False,62.75282051282051
risk_recovery_conflict,bottleneck,87,J3_joint,resilient,fragile,40,3.5375446253541782,True,0.37399999999999994,0.5600487804878048,0.58,0.5940000000000001,0.18400000000000005,0.3780487804878049,1.598048780487805,False,True,142.71186811683967
risk_recovery_conflict,bottleneck,88,J0_shortest,fragile,resilient,38,4.3012426934555545,True,0.496,0.7796410256410256,0.58,0.7080000000000001,0.16000000000000003,0.02564102564102564,1.2376410256410257,False,True,38.0
risk_recovery_conflict,bottleneck,88,J1_risk,fragile,fragile,40,3.5234964943414813,True,0.37399999999999994,0.5600487804878048,0.58,0.5940000000000001,0.18400000000000005,0.3780487804878049,1.598048780487805,True,False,110.46992988682962
risk_recovery_conflict,bottleneck,88,J2_recoverability,fragile,resilient,38,4.3012426934555545,True,0.496,0.7796410256410256,0.58,0.7080000000000001,0.16000000000000003,0.02564102564102564,1.2376410256410257,False,True,62.75282051282051
risk_recovery_conflict,bottleneck,88,J3_joint,fragile,fragile,40,3.5234964943414813,True,0.37399999999999994,0.5600487804878048,0.58,0.5940000000000001,0.18400000000000005,0.3780487804878049,1.598048780487805,True,False,142.43090549658572
risk_recovery_conflict,bottleneck,89,J0_shortest,resilient,resilient,38,4.290482489889403,True,0.496,0.7796410256410256,0.58,0.7080000000000001,0.16000000000000003,0.02564102564102564,1.2376410256410257,True,False,38.0
risk_recovery_conflict,bottleneck,89,J1_risk,resilient,fragile,40,3.5028613114013596,True,0.37399999999999994,0.5600487804878048,0.58,0.5940000000000001,0.18400000000000005,0.3780487804878049,1.598048780487805,False,True,110.05722622802719
risk_recovery_conflict,bottleneck,89,J2_recoverability,resilient,resilient,38,4.290482489889403,True,0.496,0.7796410256410256,0.58,0.7080000000000001,0.16000000000000003,0.02564102564102564,1.2376410256410257,True,False,62.75282051282051
risk_recovery_conflict,bottleneck,89,J3_joint,resilient,fragile,40,3.5028613114013596,True,0.37399999999999994,0.5600487804878048,0.58,0.5940000000000001,0.18400000000000005,0.3780487804878049,1.598048780487805,False,True,142.0182018377833
risk_recovery_conflict,bottleneck,90,J0_shortest,none,resilient,38,4.276445041758345,True,0.496,0.7796410256410256,0.58,0.7080000000000001,0.16000000000000003,0.02564102564102564,1.2376410256410257,False,True,38.0
risk_recovery_conflict,bottleneck,90,J1_risk,none,fragile,40,3.5332669553495366,True,0.37399999999999994,0.5600487804878048,0.58,0.5940000000000001,0.18400000000000005,0.3780487804878049,1.598048780487805,False,True,110.66533910699073
risk_recovery_conflict,bottleneck,90,J2_recoverability,none,resilient,38,4.276445041758345,True,0.496,0.7796410256410256,0.58,0.7080000000000001,0.16000000000000003,0.02564102564102564,1.2376410256410257,False,True,62.75282051282051
risk_recovery_conflict,bottleneck,90,J3_joint,none,fragile,40,3.5332669553495366,True,0.37399999999999994,0.5600487804878048,0.58,0.5940000000000001,0.18400000000000005,0.3780487804878049,1.598048780487805,False,True,142.62631471674683
risk_recovery_conflict,bottleneck,91,J0_shortest,resilient,resilient,38,4.314453317947621,True,0.496,0.7796410256410256,0.58,0.7080000000000001,0.16000000000000003,0.02564102564102564,1.2376410256410257,True,False,38.0
risk_recovery_conflict,bottleneck,91,J1_risk,resilient,fragile,40,3.5395241009043854,True,0.37399999999999994,0.5600487804878048,0.58,0.5940000000000001,0.18400000000000005,0.3780487804878049,1.598048780487805,False,True,110.79048201808772
risk_recovery_conflict,bottleneck,91,J2_recoverability,resilient,resilient,38,4.314453317947621,True,0.496,0.7796410256410256,0.58,0.7080000000000001,0.16000000000000003,0.02564102564102564,1.2376410256410257,True,False,62.75282051282051
risk_recovery_conflict,bottleneck,91,J3_joint,resilient,fragile,40,3.5395241009043854,True,0.37399999999999994,0.5600487804878048,0.58,0.5940000000000001,0.18400000000000005,0.3780487804878049,1.598048780487805,False,True,142.75145762784382
risk_recovery_conflict,bottleneck,92,J0_shortest,fragile,resilient,38,4.270180492352777,True,0.496,0.7796410256410256,0.58,0.7080000000000001,0.16000000000000003,0.02564102564102564,1.2376410256410257,False,True,38.0
risk_recovery_conflict,bottleneck,92,J1_risk,fragile,fragile,40,3.5302467087937246,True,0.37399999999999994,0.5600487804878048,0.58,0.5940000000000001,0.18400000000000005,0.3780487804878049,1.598048780487805,True,False,110.60493417587449
risk_recovery_conflict,bottleneck,92,J2_recoverability,fragile,resilient,38,4.270180492352777,True,0.496,0.7796410256410256,0.58,0.7080000000000001,0.16000000000000003,0.02564102564102564,1.2376410256410257,False,True,62.75282051282051
risk_recovery_conflict,bottleneck,92,J3_joint,fragile,fragile,40,3.5302467087937246,True,0.37399999999999994,0.5600487804878048,0.58,0.5940000000000001,0.18400000000000005,0.3780487804878049,1.598048780487805,True,False,142.5659097856306
risk_recovery_conflict,bottleneck,93,J0_shortest,none,resilient,38,4.280746075029819,True,0.496,0.7796410256410256,0.58,0.7080000000000001,0.16000000000000003,0.02564102564102564,1.2376410256410257,False,True,38.0
risk_recovery_conflict,bottleneck,93,J1_risk,none,fragile,40,3.5397851419590234,True,0.37399999999999994,0.5600487804878048,0.58,0.5940000000000001,0.18400000000000005,0.3780487804878049,1.598048780487805,False,True,110.79570283918046
risk_recovery_conflict,bottleneck,93,J2_recoverability,none,resilient,38,4.280746075029819,True,0.496,0.7796410256410256,0.58,0.7080000000000001,0.16000000000000003,0.02564102564102564,1.2376410256410257,False,True,62.75282051282051
risk_recovery_conflict,bottleneck,93,J3_joint,none,fragile,40,3.5397851419590234,True,0.37399999999999994,0.5600487804878048,0.58,0.5940000000000001,0.18400000000000005,0.3780487804878049,1.598048780487805,False,True,142.75667844893655
risk_recovery_conflict,bottleneck,94,J0_shortest,fragile,resilient,38,4.308639960816544,True,0.496,0.7796410256410256,0.58,0.7080000000000001,0.16000000000000003,0.02564102564102564,1.2376410256410257,False,True,38.0
risk_recovery_conflict,bottleneck,94,J1_risk,fragile,fragile,40,3.4861682866917714,True,0.37399999999999994,0.5600487804878048,0.58,0.5940000000000001,0.18400000000000005,0.3780487804878049,1.598048780487805,True,False,109.72336573383542
risk_recovery_conflict,bottleneck,94,J2_recoverability,fragile,resilient,38,4.308639960816544,True,0.496,0.7796410256410256,0.58,0.7080000000000001,0.16000000000000003,0.02564102564102564,1.2376410256410257,False,True,62.75282051282051
risk_recovery_conflict,bottleneck,94,J3_joint,fragile,fragile,40,3.4861682866917714,True,0.37399999999999994,0.5600487804878048,0.58,0.5940000000000001,0.18400000000000005,0.3780487804878049,1.598048780487805,True,False,141.6843413435915
risk_recovery_conflict,bottleneck,95,J0_shortest,none,resilient,38,4.255978700491368,True,0.496,0.7796410256410256,0.58,0.7080000000000001,0.16000000000000003,0.02564102564102564,1.2376410256410257,False,True,38.0
risk_recovery_conflict,bottleneck,95,J1_risk,none,fragile,40,3.5156099155647746,True,0.37399999999999994,0.5600487804878048,0.58,0.5940000000000001,0.18400000000000005,0.3780487804878049,1.598048780487805,False,True,110.31219831129549
risk_recovery_conflict,bottleneck,95,J2_recoverability,none,resilient,38,4.255978700491368,True,0.496,0.7796410256410256,0.58,0.7080000000000001,0.16000000000000003,0.02564102564102564,1.2376410256410257,False,True,62.75282051282051
risk_recovery_conflict,bottleneck,95,J3_joint,none,fragile,40,3.5156099155647746,True,0.37399999999999994,0.5600487804878048,0.58,0.5940000000000001,0.18400000000000005,0.3780487804878049,1.598048780487805,False,True,142.27317392105158
risk_recovery_conflict,bottleneck,96,J0_shortest,resilient,resilient,38,4.268917618229389,True,0.496,0.7796410256410256,0.58,0.7080000000000001,0.16000000000000003,0.02564102564102564,1.2376410256410257,True,False,38.0
risk_recovery_conflict,bottleneck,96,J1_risk,resilient,fragile,40,3.5338458166436104,True,0.37399999999999994,0.5600487804878048,0.58,0.5940000000000001,0.18400000000000005,0.3780487804878049,1.598048780487805,False,True,110.67691633287221
risk_recovery_conflict,bottleneck,96,J2_recoverability,resilient,resilient,38,4.268917618229389,True,0.496,0.7796410256410256,0.58,0.7080000000000001,0.16000000000000003,0.02564102564102564,1.2376410256410257,True,False,62.75282051282051
risk_recovery_conflict,bottleneck,96,J3_joint,resilient,fragile,40,3.5338458166436104,True,0.37399999999999994,0.5600487804878048,0.58,0.5940000000000001,0.18400000000000005,0.3780487804878049,1.598048780487805,False,True,142.6378919426283
risk_recovery_conflict,bottleneck,97,J0_shortest,fragile,resilient,38,4.293519981086165,True,0.496,0.7796410256410256,0.58,0.7080000000000001,0.16000000000000003,0.02564102564102564,1.2376410256410257,False,True,38.0
risk_recovery_conflict,bottleneck,97,J1_risk,fragile,fragile,40,3.459286761075728,True,0.37399999999999994,0.5600487804878048,0.58,0.5940000000000001,0.18400000000000005,0.3780487804878049,1.598048780487805,True,False,109.18573522151456
risk_recovery_conflict,bottleneck,97,J2_recoverability,fragile,resilient,38,4.293519981086165,True,0.496,0.7796410256410256,0.58,0.7080000000000001,0.16000000000000003,0.02564102564102564,1.2376410256410257,False,True,62.75282051282051
risk_recovery_conflict,bottleneck,97,J3_joint,fragile,fragile,40,3.459286761075728,True,0.37399999999999994,0.5600487804878048,0.58,0.5940000000000001,0.18400000000000005,0.3780487804878049,1.598048780487805,True,False,141.14671083127067
risk_recovery_conflict,bottleneck,98,J0_shortest,fragile,resilient,38,4.242806335168425,True,0.496,0.7796410256410256,0.58,0.7080000000000001,0.16000000000000003,0.02564102564102564,1.2376410256410257,False,True,38.0
risk_recovery_conflict,bottleneck,98,J1_risk,fragile,fragile,40,3.533277919475361,True,0.37399999999999994,0.5600487804878048,0.58,0.5940000000000001,0.18400000000000005,0.3780487804878049,1.598048780487805,True,False,110.66555838950723
risk_recovery_conflict,bottleneck,98,J2_recoverability,fragile,resilient,38,4.242806335168425,True,0.496,0.7796410256410256,0.58,0.7080000000000001,0.16000000000000003,0.02564102564102564,1.2376410256410257,False,True,62.75282051282051
risk_recovery_conflict,bottleneck,98,J3_joint,fragile,fragile,40,3.533277919475361,True,0.37399999999999994,0.5600487804878048,0.58,0.5940000000000001,0.18400000000000005,0.3780487804878049,1.598048780487805,True,False,142.62653399926333
risk_recovery_conflict,bottleneck,99,J0_shortest,resilient,resilient,38,4.31957970690566,True,0.496,0.7796410256410256,0.58,0.7080000000000001,0.16000000000000003,0.02564102564102564,1.2376410256410257,True,False,38.0
risk_recovery_conflict,bottleneck,99,J1_risk,resilient,fragile,40,3.549405849505377,True,0.37399999999999994,0.5600487804878048,0.58,0.5940000000000001,0.18400000000000005,0.3780487804878049,1.598048780487805,False,True,110.98811699010754
risk_recovery_conflict,bottleneck,99,J2_recoverability,resilient,resilient,38,4.31957970690566,True,0.496,0.7796410256410256,0.58,0.7080000000000001,0.16000000000000003,0.02564102564102564,1.2376410256410257,True,False,62.75282051282051
risk_recovery_conflict,bottleneck,99,J3_joint,resilient,fragile,40,3.549405849505377,True,0.37399999999999994,0.5600487804878048,0.58,0.5940000000000001,0.18400000000000005,0.3780487804878049,1.598048780487805,False,True,142.94909259986363
deceptive_local_degree,culdesac,0,J0_shortest,fragile,fragile,38,3.11763748132055,True,0.38799999999999996,0.5759487179487179,0.56,0.7180000000000001,0.18400000000000005,0.358974358974359,1.688974358974359,True,False,38.0
deceptive_local_degree,culdesac,0,J1_risk,fragile,fragile,38,3.11763748132055,True,0.38799999999999996,0.5759487179487179,0.56,0.7180000000000001,0.18400000000000005,0.358974358974359,1.688974358974359,True,False,100.352749626411
deceptive_local_degree,culdesac,0,J2_recoverability,fragile,resilient,40,3.299523363427529,True,0.45199999999999996,0.7569756097560975,0.56,0.718,0.16000000000000003,0.04878048780487805,1.314780487804878,False,True,66.29560975609756
deceptive_local_degree,culdesac,0,J3_joint,fragile,resilient,40,3.299523363427529,True,0.45199999999999996,0.7569756097560975,0.56,0.718,0.16000000000000003,0.04878048780487805,1.314780487804878,False,True,132.28607702464814
deceptive_local_degree,culdesac,1,J0_shortest,resilient,fragile,38,3.144655484428729,True,0.38799999999999996,0.579923076923077,0.56,0.787,0.18400000000000005,0.3525641025641026,1.7515641025641027,False,True,38.0
deceptive_local_degree,culdesac,1,J1_risk,resilient,fragile,38,3.144655484428729,True,0.38799999999999996,0.579923076923077,0.56,0.787,0.18400000000000005,0.3525641025641026,1.7515641025641027,False,True,100.89310968857458
deceptive_local_degree,culdesac,1,J2_recoverability,resilient,resilient,40,3.31133529973605,True,0.45199999999999996,0.7569756097560975,0.56,0.718,0.16000000000000003,0.04878048780487805,1.314780487804878,True,False,66.29560975609756
deceptive_local_degree,culdesac,1,J3_joint,resilient,resilient,40,3.31133529973605,True,0.45199999999999996,0.7569756097560975,0.56,0.718,0.16000000000000003,0.04878048780487805,1.314780487804878,True,False,132.52231575081856
deceptive_local_degree,culdesac,2,J0_shortest,resilient,fragile,38,3.1581343841199065,True,0.38799999999999996,0.5799230769230769,0.56,0.783,0.18400000000000005,0.3525641025641026,1.7475641025641027,False,True,38.0
deceptive_local_degree,culdesac,2,J1_risk,resilient,fragile,38,3.1581343841199065,True,0.38799999999999996,0.5799230769230769,0.56,0.783,0.18400000000000005,0.3525641025641026,1.7475641025641027,False,True,101.16268768239813
deceptive_local_degree,culdesac,2,J2_recoverability,resilient,resilient,40,3.3187039716993976,True,0.45199999999999996,0.7569756097560975,0.56,0.718,0.16000000000000003,0.04878048780487805,1.314780487804878,True,False,66.29560975609756
deceptive_local_degree,culdesac,2,J3_joint,resilient,resilient,40,3.3187039716993976,True,0.45199999999999996,0.7569756097560975,0.56,0.718,0.16000000000000003,0.04878048780487805,1.314780487804878,True,False,132.66968919008553
deceptive_local_degree,culdesac,3,J0_shortest,none,fragile,38,3.138327572161304,True,0.38799999999999996,0.5799230769230769,0.56,0.7299999999999999,0.18400000000000005,0.3525641025641026,1.6945641025641027,False,True,38.0
deceptive_local_degree,culdesac,3,J1_risk,none,fragile,38,3.138327572161304,True,0.38799999999999996,0.5799230769230769,0.56,0.7299999999999999,0.18400000000000005,0.3525641025641026,1.6945641025641027,False,True,100.76655144322608
deceptive_local_degree,culdesac,3,J2_recoverability,none,resilient,40,3.271637206542998,True,0.45199999999999996,0.7569756097560975,0.56,0.718,0.16000000000000003,0.04878048780487805,1.314780487804878,False,True,66.29560975609756
deceptive_local_degree,culdesac,3,J3_joint,none,resilient,40,3.271637206542998,True,0.45199999999999996,0.7569756097560975,0.56,0.718,0.16000000000000003,0.04878048780487805,1.314780487804878,False,True,131.7283538869575
deceptive_local_degree,culdesac,4,J0_shortest,fragile,fragile,38,3.0481943159989915,True,0.38799999999999996,0.5799230769230769,0.56,0.7379999999999997,0.18400000000000005,0.3525641025641026,1.7025641025641023,True,False,38.0
deceptive_local_degree,culdesac,4,J1_risk,fragile,fragile,38,3.0481943159989915,True,0.38799999999999996,0.5799230769230769,0.56,0.7379999999999997,0.18400000000000005,0.3525641025641026,1.7025641025641023,True,False,98.96388631997982
deceptive_local_degree,culdesac,4,J2_recoverability,fragile,resilient,40,3.311821872515881,True,0.45199999999999996,0.7569756097560975,0.56,0.718,0.16000000000000003,0.04878048780487805,1.314780487804878,False,True,66.29560975609756
deceptive_local_degree,culdesac,4,J3_joint,fragile,resilient,40,3.311821872515881,True,0.45199999999999996,0.7569756097560975,0.56,0.718,0.16000000000000003,0.04878048780487805,1.314780487804878,False,True,132.5320472064152
deceptive_local_degree,culdesac,5,J0_shortest,resilient,fragile,38,3.113563694481573,True,0.38799999999999996,0.5759487179487179,0.56,0.7319999999999999,0.18400000000000005,0.358974358974359,1.702974358974359,False,True,38.0
deceptive_local_degree,culdesac,5,J1_risk,resilient,fragile,38,3.113563694481573,True,0.38799999999999996,0.5759487179487179,0.56,0.7319999999999999,0.18400000000000005,0.358974358974359,1.702974358974359,False,True,100.27127388963146
deceptive_local_degree,culdesac,5,J2_recoverability,resilient,resilient,40,3.2531639414039044,True,0.45199999999999996,0.7569756097560975,0.56,0.718,0.16000000000000003,0.04878048780487805,1.314780487804878,True,False,66.29560975609756
deceptive_local_degree,culdesac,5,J3_joint,resilient,resilient,40,3.2531639414039044,True,0.45199999999999996,0.7569756097560975,0.56,0.718,0.16000000000000003,0.04878048780487805,1.314780487804878,True,False,131.35888858417565
deceptive_local_degree,culdesac,6,J0_shortest,resilient,fragile,38,3.1278120116014603,True,0.38799999999999996,0.5759487179487179,0.56,0.7180000000000001,0.18400000000000005,0.358974358974359,1.688974358974359,False,True,38.0
deceptive_local_degree,culdesac,6,J1_risk,resilient,fragile,38,3.1278120116014603,True,0.38799999999999996,0.5759487179487179,0.56,0.7180000000000001,0.18400000000000005,0.358974358974359,1.688974358974359,False,True,100.55624023202921
deceptive_local_degree,culdesac,6,J2_recoverability,resilient,resilient,40,3.2518707811869527,True,0.45199999999999996,0.7569756097560975,0.56,0.718,0.16000000000000003,0.04878048780487805,1.314780487804878,True,False,66.29560975609756
deceptive_local_degree,culdesac,6,J3_joint,resilient,resilient,40,3.2518707811869527,True,0.45199999999999996,0.7569756097560975,0.56,0.718,0.16000000000000003,0.04878048780487805,1.314780487804878,True,False,131.3330253798366
deceptive_local_degree,culdesac,7,J0_shortest,resilient,fragile,38,3.096402320721739,True,0.38799999999999996,0.5759487179487179,0.56,0.7339999999999999,0.18400000000000005,0.358974358974359,1.7049743589743591,False,True,38.0
deceptive_local_degree,culdesac,7,J1_risk,resilient,fragile,38,3.096402320721739,True,0.38799999999999996,0.5759487179487179,0.56,0.7339999999999999,0.18400000000000005,0.358974358974359,1.7049743589743591,False,True,99.92804641443477
deceptive_local_degree,culdesac,7,J2_recoverability,resilient,resilient,40,3.255978372637575,True,0.45199999999999996,0.7569756097560975,0.56,0.718,0.16000000000000003,0.04878048780487805,1.314780487804878,True,False,66.29560975609756
deceptive_local_degree,culdesac,7,J3_joint,resilient,resilient,40,3.255978372637575,True,0.45199999999999996,0.7569756097560975,0.56,0.718,0.16000000000000003,0.04878048780487805,1.314780487804878,True,False,131.41517720884906
deceptive_local_degree,culdesac,8,J0_shortest,none,fragile,38,3.095797849409156,True,0.38799999999999996,0.5799230769230769,0.56,0.8049999999999998,0.18400000000000005,0.3525641025641026,1.7695641025641025,False,True,38.0
deceptive_local_degree,culdesac,8,J1_risk,none,fragile,38,3.095797849409156,True,0.38799999999999996,0.5799230769230769,0.56,0.8049999999999998,0.18400000000000005,0.3525641025641026,1.7695641025641025,False,True,99.91595698818313
deceptive_local_degree,culdesac,8,J2_recoverability,none,resilient,40,3.296797752033101,True,0.45199999999999996,0.7569756097560975,0.56,0.718,0.16000000000000003,0.04878048780487805,1.314780487804878,False,True,66.29560975609756
deceptive_local_degree,culdesac,8,J3_joint,none,resilient,40,3.296797752033101,True,0.45199999999999996,0.7569756097560975,0.56,0.718,0.16000000000000003,0.04878048780487805,1.314780487804878,False,True,132.23156479675959
deceptive_local_degree,culdesac,9,J0_shortest,resilient,fragile,38,3.112512043516958,True,0.38799999999999996,0.579923076923077,0.56,0.7989999999999998,0.18400000000000005,0.3525641025641026,1.7635641025641027,False,True,38.0
deceptive_local_degree,culdesac,9,J1_risk,resilient,fragile,38,3.112512043516958,True,0.38799999999999996,0.579923076923077,0.56,0.7989999999999998,0.18400000000000005,0.3525641025641026,1.7635641025641027,False,True,100.25024087033916
deceptive_local_degree,culdesac,9,J2_recoverability,resilient,resilient,40,3.30319483316481,True,0.45199999999999996,0.7569756097560975,0.56,0.718,0.16000000000000003,0.04878048780487805,1.314780487804878,True,False,66.29560975609756
deceptive_local_degree,culdesac,9,J3_joint,resilient,resilient,40,3.30319483316481,True,0.45199999999999996,0.7569756097560975,0.56,0.718,0.16000000000000003,0.04878048780487805,1.314780487804878,True,False,132.35950641939377
deceptive_local_degree,culdesac,10,J0_shortest,fragile,fragile,38,3.141203331104682,True,0.38799999999999996,0.579923076923077,0.56,0.799,0.18400000000000005,0.3525641025641026,1.7635641025641027,True,False,38.0
deceptive_local_degree,culdesac,10,J1_risk,fragile,fragile,38,3.141203331104682,True,0.38799999999999996,0.579923076923077,0.56,0.799,0.18400000000000005,0.3525641025641026,1.7635641025641027,True,False,100.82406662209364
deceptive_local_degree,culdesac,10,J2_recoverability,fragile,resilient,40,3.2713263297849244,True,0.45199999999999996,0.7569756097560975,0.56,0.718,0.16000000000000003,0.04878048780487805,1.314780487804878,False,True,66.29560975609756
deceptive_local_degree,culdesac,10,J3_joint,fragile,resilient,40,3.2713263297849244,True,0.45199999999999996,0.7569756097560975,0.56,0.718,0.16000000000000003,0.04878048780487805,1.314780487804878,False,True,131.72213635179605
deceptive_local_degree,culdesac,11,J0_shortest,none,fragile,38,3.158945754939415,True,0.38799999999999996,0.5799230769230769,0.56,0.7989999999999998,0.18400000000000005,0.3525641025641026,1.7635641025641027,False,True,38.0
deceptive_local_degree,culdesac,11,J1_risk,none,fragile,38,3.158945754939415,True,0.38799999999999996,0.5799230769230769,0.56,0.7989999999999998,0.18400000000000005,0.3525641025641026,1.7635641025641027,False,True,101.17891509878831
deceptive_local_degree,culdesac,11,J2_recoverability,none,resilient,40,3.3297498901163136,True,0.45199999999999996,0.7569756097560975,0.56,0.718,0.16000000000000003,0.04878048780487805,1.314780487804878,False,True,66.29560975609756
deceptive_local_degree,culdesac,11,J3_joint,none,resilient,40,3.3297498901163136,True,0.45199999999999996,0.7569756097560975,0.56,0.718,0.16000000000000003,0.04878048780487805,1.314780487804878,False,True,132.89060755842382
deceptive_local_degree,culdesac,12,J0_shortest,none,fragile,38,3.1148347160838794,True,0.38799999999999996,0.5799230769230769,0.56,0.773,0.18400000000000005,0.3525641025641026,1.7375641025641029,False,True,38.0
deceptive_local_degree,culdesac,12,J1_risk,none,fragile,38,3.1148347160838794,True,0.38799999999999996,0.5799230769230769,0.56,0.773,0.18400000000000005,0.3525641025641026,1.7375641025641029,False,True,100.29669432167759
deceptive_local_degree,culdesac,12,J2_recoverability,none,resilient,40,3.2971340997944676,True,0.45199999999999996,0.7569756097560975,0.56,0.718,0.16000000000000003,0.04878048780487805,1.314780487804878,False,True,66.29560975609756
deceptive_local_degree,culdesac,12,J3_joint,none,resilient,40,3.2971340997944676,True,0.45199999999999996,0.7569756097560975,0.56,0.718,0.16000000000000003,0.04878048780487805,1.314780487804878,False,True,132.23829175198694
deceptive_local_degree,culdesac,13,J0_shortest,fragile,fragile,38,3.129054238538749,True,0.38799999999999996,0.5799230769230769,0.56,0.7300000000000001,0.18400000000000005,0.3525641025641026,1.6945641025641027,True,False,38.0
deceptive_local_degree,culdesac,13,J1_risk,fragile,fragile,38,3.129054238538749,True,0.38799999999999996,0.5799230769230769,0.56,0.7300000000000001,0.18400000000000005,0.3525641025641026,1.6945641025641027,True,False,100.58108477077499
deceptive_local_degree,culdesac,13,J2_recoverability,fragile,resilient,40,3.3075861782998563,True,0.45199999999999996,0.7569756097560975,0.56,0.718,0.16000000000000003,0.04878048780487805,1.314780487804878,False,True,66.29560975609756
deceptive_local_degree,culdesac,13,J3_joint,fragile,resilient,40,3.3075861782998563,True,0.45199999999999996,0.7569756097560975,0.56,0.718,0.16000000000000003,0.04878048780487805,1.314780487804878,False,True,132.4473333220947
deceptive_local_degree,culdesac,14,J0_shortest,none,fragile,38,3.1304410089455543,True,0.38799999999999996,0.5799230769230769,0.56,0.8069999999999996,0.18400000000000005,0.3525641025641026,1.7715641025641022,False,True,38.0
deceptive_local_degree,culdesac,14,J1_risk,none,fragile,38,3.1304410089455543,True,0.38799999999999996,0.5799230769230769,0.56,0.8069999999999996,0.18400000000000005,0.3525641025641026,1.7715641025641022,False,True,100.60882017891109
deceptive_local_degree,culdesac,14,J2_recoverability,none,resilient,40,3.253235241049285,True,0.45199999999999996,0.7569756097560975,0.56,0.718,0.16000000000000003,0.04878048780487805,1.314780487804878,False,True,66.29560975609756
deceptive_local_degree,culdesac,14,J3_joint,none,resilient,40,3.253235241049285,True,0.45199999999999996,0.7569756097560975,0.56,0.718,0.16000000000000003,0.04878048780487805,1.314780487804878,False,True,131.36031457708327
deceptive_local_degree,culdesac,15,J0_shortest,resilient,fragile,38,3.1656551276929523,True,0.38799999999999996,0.5759487179487179,0.56,0.7180000000000001,0.18400000000000005,0.358974358974359,1.688974358974359,False,True,38.0
deceptive_local_degree,culdesac,15,J1_risk,resilient,fragile,38,3.1656551276929523,True,0.38799999999999996,0.5759487179487179,0.56,0.7180000000000001,0.18400000000000005,0.358974358974359,1.688974358974359,False,True,101.31310255385904
deceptive_local_degree,culdesac,15,J2_recoverability,resilient,resilient,40,3.295383099762474,True,0.45199999999999996,0.7569756097560975,0.56,0.718,0.16000000000000003,0.04878048780487805,1.314780487804878,True,False,66.29560975609756
deceptive_local_degree,culdesac,15,J3_joint,resilient,resilient,40,3.295383099762474,True,0.45199999999999996,0.7569756097560975,0.56,0.718,0.16000000000000003,0.04878048780487805,1.314780487804878,True,False,132.20327175134705
deceptive_local_degree,culdesac,16,J0_shortest,none,fragile,38,3.1241094840349874,True,0.38799999999999996,0.5759487179487179,0.56,0.7240000000000001,0.18400000000000005,0.358974358974359,1.6949743589743593,False,True,38.0
deceptive_local_degree,culdesac,16,J1_risk,none,fragile,38,3.1241094840349874,True,0.38799999999999996,0.5759487179487179,0.56,0.7240000000000001,0.18400000000000005,0.358974358974359,1.6949743589743593,False,True,100.48218968069975
deceptive_local_degree,culdesac,16,J2_recoverability,none,resilient,40,3.2535950814567234,True,0.45199999999999996,0.7569756097560975,0.56,0.718,0.16000000000000003,0.04878048780487805,1.314780487804878,False,True,66.29560975609756
deceptive_local_degree,culdesac,16,J3_joint,none,resilient,40,3.2535950814567234,True,0.45199999999999996,0.7569756097560975,0.56,0.718,0.16000000000000003,0.04878048780487805,1.314780487804878,False,True,131.36751138523204
deceptive_local_degree,culdesac,17,J0_shortest,resilient,fragile,38,3.102598516648029,True,0.38799999999999996,0.579923076923077,0.56,0.8150000000000001,0.18400000000000005,0.3525641025641026,1.7795641025641027,False,True,38.0
deceptive_local_degree,culdesac,17,J1_risk,resilient,fragile,38,3.102598516648029,True,0.38799999999999996,0.579923076923077,0.56,0.8150000000000001,0.18400000000000005,0.3525641025641026,1.7795641025641027,False,True,100.0519703329606
deceptive_local_degree,culdesac,17,J2_recoverability,resilient,resilient,40,3.2512431919162044,True,0.45199999999999996,0.7569756097560975,0.56,0.718,0.16000000000000003,0.04878048780487805,1.314780487804878,True,False,66.29560975609756
deceptive_local_degree,culdesac,17,J3_joint,resilient,resilient,40,3.2512431919162044,True,0.45199999999999996,0.7569756097560975,0.56,0.718,0.16000000000000003,0.04878048780487805,1.314780487804878,True,False,131.32047359442163
deceptive_local_degree,culdesac,18,J0_shortest,fragile,fragile,38,3.122333856103217,True,0.38799999999999996,0.579923076923077,0.56,0.7239999999999999,0.18400000000000005,0.3525641025641026,1.6885641025641025,True,False,38.0
deceptive_local_degree,culdesac,18,J1_risk,fragile,fragile,38,3.122333856103217,True,0.38799999999999996,0.579923076923077,0.56,0.7239999999999999,0.18400000000000005,0.3525641025641026,1.6885641025641025,True,False,100.44667712206434
deceptive_local_degree,culdesac,18,J2_recoverability,fragile,resilient,40,3.298182895262844,True,0.45199999999999996,0.7569756097560975,0.56,0.718,0.16000000000000003,0.04878048780487805,1.314780487804878,False,True,66.29560975609756
deceptive_local_degree,culdesac,18,J3_joint,fragile,resilient,40,3.298182895262844,True,0.45199999999999996,0.7569756097560975,0.56,0.718,0.16000000000000003,0.04878048780487805,1.314780487804878,False,True,132.25926766135444
deceptive_local_degree,culdesac,19,J0_shortest,fragile,fragile,38,3.1328515799825856,True,0.38799999999999996,0.5799230769230769,0.56,0.7239999999999999,0.18400000000000005,0.3525641025641026,1.6885641025641025,True,False,38.0
deceptive_local_degree,culdesac,19,J1_risk,fragile,fragile,38,3.1328515799825856,True,0.38799999999999996,0.5799230769230769,0.56,0.7239999999999999,0.18400000000000005,0.3525641025641026,1.6885641025641025,True,False,100.6570315996517
deceptive_local_degree,culdesac,19,J2_recoverability,fragile,resilient,40,3.269007759494525,True,0.45199999999999996,0.7569756097560975,0.56,0.718,0.16000000000000003,0.04878048780487805,1.314780487804878,False,True,66.29560975609756
deceptive_local_degree,culdesac,19,J3_joint,fragile,resilient,40,3.269007759494525,True,0.45199999999999996,0.7569756097560975,0.56,0.718,0.16000000000000003,0.04878048780487805,1.314780487804878,False,True,131.67576494598808
deceptive_local_degree,culdesac,20,J0_shortest,none,fragile,38,3.091552765799212,True,0.38799999999999996,0.579923076923077,0.56,0.7300000000000001,0.18400000000000005,0.3525641025641026,1.6945641025641027,False,True,38.0
deceptive_local_degree,culdesac,20,J1_risk,none,fragile,38,3.091552765799212,True,0.38799999999999996,0.579923076923077,0.56,0.7300000000000001,0.18400000000000005,0.3525641025641026,1.6945641025641027,False,True,99.83105531598424
deceptive_local_degree,culdesac,20,J2_recoverability,none,resilient,40,3.280891696194729,True,0.45199999999999996,0.7569756097560975,0.56,0.718,0.16000000000000003,0.04878048780487805,1.314780487804878,False,True,66.29560975609756
deceptive_local_degree,culdesac,20,J3_joint,none,resilient,40,3.280891696194729,True,0.45199999999999996,0.7569756097560975,0.56,0.718,0.16000000000000003,0.04878048780487805,1.314780487804878,False,True,131.91344367999216
deceptive_local_degree,culdesac,21,J0_shortest,none,fragile,38,3.0734117916837502,True,0.38799999999999996,0.5759487179487178,0.56,0.7180000000000001,0.18400000000000005,0.358974358974359,1.688974358974359,False,True,38.0
deceptive_local_degree,culdesac,21,J1_risk,none,fragile,38,3.0734117916837502,True,0.38799999999999996,0.5759487179487178,0.56,0.7180000000000001,0.18400000000000005,0.358974358974359,1.688974358974359,False,True,99.46823583367501
deceptive_local_degree,culdesac,21,J2_recoverability,none,resilient,40,3.257691116008224,True,0.45199999999999996,0.7569756097560975,0.56,0.718,0.16000000000000003,0.04878048780487805,1.314780487804878,False,True,66.29560975609756
deceptive_local_degree,culdesac,21,J3_joint,none,resilient,40,3.257691116008224,True,0.45199999999999996,0.7569756097560975,0.56,0.718,0.16000000000000003,0.04878048780487805,1.314780487804878,False,True,131.44943207626204
deceptive_local_degree,culdesac,22,J0_shortest,fragile,fragile,38,3.101664254717505,True,0.38799999999999996,0.5799230769230769,0.56,0.7239999999999999,0.18400000000000005,0.3525641025641026,1.6885641025641025,True,False,38.0
deceptive_local_degree,culdesac,22,J1_risk,fragile,fragile,38,3.101664254717505,True,0.38799999999999996,0.5799230769230769,0.56,0.7239999999999999,0.18400000000000005,0.3525641025641026,1.6885641025641025,True,False,100.0332850943501
deceptive_local_degree,culdesac,22,J2_recoverability,fragile,resilient,40,3.295963727946874,True,0.45199999999999996,0.7569756097560975,0.56,0.718,0.16000000000000003,0.04878048780487805,1.314780487804878,False,True,66.29560975609756
deceptive_local_degree,culdesac,22,J3_joint,fragile,resilient,40,3.295963727946874,True,0.45199999999999996,0.7569756097560975,0.56,0.718,0.16000000000000003,0.04878048780487805,1.314780487804878,False,True,132.21488431503502
deceptive_local_degree,culdesac,23,J0_shortest,resilient,fragile,38,3.1336398981307063,True,0.38799999999999996,0.5759487179487178,0.56,0.7240000000000001,0.18400000000000005,0.358974358974359,1.6949743589743593,False,True,38.0
deceptive_local_degree,culdesac,23,J1_risk,resilient,fragile,38,3.1336398981307063,True,0.38799999999999996,0.5759487179487178,0.56,0.7240000000000001,0.18400000000000005,0.358974358974359,1.6949743589743593,False,True,100.67279796261413
deceptive_local_degree,culdesac,23,J2_recoverability,resilient,resilient,40,3.279486247455605,True,0.45199999999999996,0.7569756097560975,0.56,0.718,0.16000000000000003,0.04878048780487805,1.314780487804878,True,False,66.29560975609756
deceptive_local_degree,culdesac,23,J3_joint,resilient,resilient,40,3.279486247455605,True,0.45199999999999996,0.7569756097560975,0.56,0.718,0.16000000000000003,0.04878048780487805,1.314780487804878,True,False,131.88533470520966
deceptive_local_degree,culdesac,24,J0_shortest,resilient,fragile,38,3.1559042170322593,True,0.38799999999999996,0.5799230769230769,0.56,0.7239999999999999,0.18400000000000005,0.3525641025641026,1.6885641025641025,False,True,38.0
deceptive_local_degree,culdesac,24,J1_risk,resilient,fragile,38,3.1559042170322593,True,0.38799999999999996,0.5799230769230769,0.56,0.7239999999999999,0.18400000000000005,0.3525641025641026,1.6885641025641025,False,True,101.11808434064518
deceptive_local_degree,culdesac,24,J2_recoverability,resilient,resilient,40,3.305171072771181,True,0.45199999999999996,0.7569756097560975,0.56,0.718,0.16000000000000003,0.04878048780487805,1.314780487804878,True,False,66.29560975609756
deceptive_local_degree,culdesac,24,J3_joint,resilient,resilient,40,3.305171072771181,True,0.45199999999999996,0.7569756097560975,0.56,0.718,0.16000000000000003,0.04878048780487805,1.314780487804878,True,False,132.3990312115212
deceptive_local_degree,culdesac,25,J0_shortest,fragile,fragile,38,3.0865838971122637,True,0.38799999999999996,0.5799230769230769,0.56,0.773,0.18400000000000005,0.3525641025641026,1.7375641025641029,True,False,38.0
deceptive_local_degree,culdesac,25,J1_risk,fragile,fragile,38,3.0865838971122637,True,0.38799999999999996,0.5799230769230769,0.56,0.773,0.18400000000000005,0.3525641025641026,1.7375641025641029,True,False,99.73167794224527
deceptive_local_degree,culdesac,25,J2_recoverability,fragile,resilient,40,3.27222339195602,True,0.45199999999999996,0.7569756097560975,0.56,0.718,0.16000000000000003,0.04878048780487805,1.314780487804878,False,True,66.29560975609756
deceptive_local_degree,culdesac,25,J3_joint,fragile,resilient,40,3.27222339195602,True,0.45199999999999996,0.7569756097560975,0.56,0.718,0.16000000000000003,0.04878048780487805,1.314780487804878,False,True,131.74007759521794
deceptive_local_degree,culdesac,26,J0_shortest,none,fragile,38,3.1041273726248124,True,0.38799999999999996,0.5759487179487179,0.56,0.7180000000000001,0.18400000000000005,0.358974358974359,1.688974358974359,False,True,38.0
deceptive_local_degree,culdesac,26,J1_risk,none,fragile,38,3.1041273726248124,True,0.38799999999999996,0.5759487179487179,0.56,0.7180000000000001,0.18400000000000005,0.358974358974359,1.688974358974359,False,True,100.08254745249624
deceptive_local_degree,culdesac,26,J2_recoverability,none,resilient,40,3.2672776697532324,True,0.45199999999999996,0.7569756097560975,0.56,0.718,0.16000000000000003,0.04878048780487805,1.314780487804878,False,True,66.29560975609756
deceptive_local_degree,culdesac,26,J3_joint,none,resilient,40,3.2672776697532324,True,0.45199999999999996,0.7569756097560975,0.56,0.718,0.16000000000000003,0.04878048780487805,1.314780487804878,False,True,131.64116315116223
deceptive_local_degree,culdesac,27,J0_shortest,resilient,fragile,38,3.091193521617223,True,0.38799999999999996,0.5799230769230769,0.56,0.8049999999999998,0.18400000000000005,0.3525641025641026,1.7695641025641025,False,True,38.0
deceptive_local_degree,culdesac,27,J1_risk,resilient,fragile,38,3.091193521617223,True,0.38799999999999996,0.5799230769230769,0.56,0.8049999999999998,0.18400000000000005,0.3525641025641026,1.7695641025641025,False,True,99.82387043234445
deceptive_local_degree,culdesac,27,J2_recoverability,resilient,resilient,40,3.2705904331800766,True,0.45199999999999996,0.7569756097560975,0.56,0.718,0.16000000000000003,0.04878048780487805,1.314780487804878,True,False,66.29560975609756
deceptive_local_degree,culdesac,27,J3_joint,resilient,resilient,40,3.2705904331800766,True,0.45199999999999996,0.7569756097560975,0.56,0.718,0.16000000000000003,0.04878048780487805,1.314780487804878,True,False,131.70741841969908
deceptive_local_degree,culdesac,28,J0_shortest,resilient,fragile,38,3.1239195919677214,True,0.38799999999999996,0.5759487179487179,0.56,0.6590000000000001,0.18400000000000005,0.358974358974359,1.6299743589743594,False,True,38.0
deceptive_local_degree,culdesac,28,J1_risk,resilient,fragile,38,3.1239195919677214,True,0.38799999999999996,0.5759487179487179,0.56,0.6590000000000001,0.18400000000000005,0.358974358974359,1.6299743589743594,False,True,100.47839183935443
deceptive_local_degree,culdesac,28,J2_recoverability,resilient,resilient,40,3.280937925535318,True,0.45199999999999996,0.7569756097560975,0.56,0.718,0.16000000000000003,0.04878048780487805,1.314780487804878,True,False,66.29560975609756
deceptive_local_degree,culdesac,28,J3_joint,resilient,resilient,40,3.280937925535318,True,0.45199999999999996,0.7569756097560975,0.56,0.718,0.16000000000000003,0.04878048780487805,1.314780487804878,True,False,131.91436826680393
deceptive_local_degree,culdesac,29,J0_shortest,resilient,fragile,38,3.1370033051770685,True,0.38799999999999996,0.579923076923077,0.56,0.7829999999999998,0.18400000000000005,0.3525641025641026,1.7475641025641027,False,True,38.0
deceptive_local_degree,culdesac,29,J1_risk,resilient,fragile,38,3.1370033051770685,True,0.38799999999999996,0.579923076923077,0.56,0.7829999999999998,0.18400000000000005,0.3525641025641026,1.7475641025641027,False,True,100.74006610354137
deceptive_local_degree,culdesac,29,J2_recoverability,resilient,resilient,40,3.2362539103853107,True,0.45199999999999996,0.7569756097560975,0.56,0.718,0.16000000000000003,0.04878048780487805,1.314780487804878,True,False,66.29560975609756
deceptive_local_degree,culdesac,29,J3_joint,resilient,resilient,40,3.2362539103853107,True,0.45199999999999996,0.7569756097560975,0.56,0.718,0.16000000000000003,0.04878048780487805,1.314780487804878,True,False,131.02068796380377
deceptive_local_degree,culdesac,30,J0_shortest,fragile,fragile,38,3.1229767813051565,True,0.38799999999999996,0.5759487179487179,0.56,0.7020000000000001,0.18400000000000005,0.358974358974359,1.672974358974359,True,False,38.0
deceptive_local_degree,culdesac,30,J1_risk,fragile,fragile,38,3.1229767813051565,True,0.38799999999999996,0.5759487179487179,0.56,0.7020000000000001,0.18400000000000005,0.358974358974359,1.672974358974359,True,False,100.45953562610313
deceptive_local_degree,culdesac,30,J2_recoverability,fragile,resilient,40,3.2854631967362886,True,0.45199999999999996,0.7569756097560975,0.56,0.718,0.16000000000000003,0.04878048780487805,1.314780487804878,False,True,66.29560975609756
deceptive_local_degree,culdesac,30,J3_joint,fragile,resilient,40,3.2854631967362886,True,0.45199999999999996,0.7569756097560975,0.56,0.718,0.16000000000000003,0.04878048780487805,1.314780487804878,False,True,132.00487369082333
deceptive_local_degree,culdesac,31,J0_shortest,fragile,fragile,38,3.1081177458137432,True,0.38799999999999996,0.5799230769230769,0.56,0.8049999999999998,0.18400000000000005,0.3525641025641026,1.7695641025641025,True,False,38.0
deceptive_local_degree,culdesac,31,J1_risk,fragile,fragile,38,3.1081177458137432,True,0.38799999999999996,0.5799230769230769,0.56,0.8049999999999998,0.18400000000000005,0.3525641025641026,1.7695641025641025,True,False,100.16235491627486
deceptive_local_degree,culdesac,31,J2_recoverability,fragile,resilient,40,3.3366410108416145,True,0.45199999999999996,0.7569756097560975,0.56,0.718,0.16000000000000003,0.04878048780487805,1.314780487804878,False,True,66.29560975609756
deceptive_local_degree,culdesac,31,J3_joint,fragile,resilient,40,3.3366410108416145,True,0.45199999999999996,0.7569756097560975,0.56,0.718,0.16000000000000003,0.04878048780487805,1.314780487804878,False,True,133.02842997292987
deceptive_local_degree,culdesac,32,J0_shortest,none,fragile,38,3.1189717138411632,True,0.38799999999999996,0.5799230769230769,0.56,0.781,0.18400000000000005,0.3525641025641026,1.7455641025641029,False,True,38.0
deceptive_local_degree,culdesac,32,J1_risk,none,fragile,38,3.1189717138411632,True,0.38799999999999996,0.5799230769230769,0.56,0.781,0.18400000000000005,0.3525641025641026,1.7455641025641029,False,True,100.37943427682326
deceptive_local_degree,culdesac,32,J2_recoverability,none,resilient,40,3.277351371147923,True,0.45199999999999996,0.7569756097560975,0.56,0.718,0.16000000000000003,0.04878048780487805,1.314780487804878,False,True,66.29560975609756
deceptive_local_degree,culdesac,32,J3_joint,none,resilient,40,3.277351371147923,True,0.45199999999999996,0.7569756097560975,0.56,0.718,0.16000000000000003,0.04878048780487805,1.314780487804878,False,True,131.84263717905603
deceptive_local_degree,culdesac,33,J0_shortest,resilient,fragile,38,3.1342774078143183,True,0.38799999999999996,0.5799230769230769,0.56,0.797,0.18400000000000005,0.3525641025641026,1.761564102564103,False,True,38.0
deceptive_local_degree,culdesac,33,J1_risk,resilient,fragile,38,3.1342774078143183,True,0.38799999999999996,0.5799230769230769,0.56,0.797,0.18400000000000005,0.3525641025641026,1.761564102564103,False,True,100.68554815628636
deceptive_local_degree,culdesac,33,J2_recoverability,resilient,resilient,40,3.3018944783825885,True,0.45199999999999996,0.7569756097560975,0.56,0.718,0.16000000000000003,0.04878048780487805,1.314780487804878,True,False,66.29560975609756
deceptive_local_degree,culdesac,33,J3_joint,resilient,resilient,40,3.3018944783825885,True,0.45199999999999996,0.7569756097560975,0.56,0.718,0.16000000000000003,0.04878048780487805,1.314780487804878,True,False,132.33349932374932
deceptive_local_degree,culdesac,34,J0_shortest,fragile,fragile,38,3.0985709531732337,True,0.38799999999999996,0.579923076923077,0.56,0.783,0.18400000000000005,0.3525641025641026,1.7475641025641027,True,False,38.0
deceptive_local_degree,culdesac,34,J1_risk,fragile,fragile,38,3.0985709531732337,True,0.38799999999999996,0.579923076923077,0.56,0.783,0.18400000000000005,0.3525641025641026,1.7475641025641027,True,False,99.97141906346468
deceptive_local_degree,culdesac,34,J2_recoverability,fragile,resilient,40,3.250642169994609,True,0.45199999999999996,0.7569756097560975,0.56,0.718,0.16000000000000003,0.04878048780487805,1.314780487804878,False,True,66.29560975609756
deceptive_local_degree,culdesac,34,J3_joint,fragile,resilient,40,3.250642169994609,True,0.45199999999999996,0.7569756097560975,0.56,0.718,0.16000000000000003,0.04878048780487805,1.314780487804878,False,True,131.30845315598975
deceptive_local_degree,culdesac,35,J0_shortest,none,fragile,38,3.091725597195488,True,0.38799999999999996,0.5799230769230769,0.56,0.7239999999999999,0.18400000000000005,0.3525641025641026,1.6885641025641025,False,True,38.0
deceptive_local_degree,culdesac,35,J1_risk,none,fragile,38,3.091725597195488,True,0.38799999999999996,0.5799230769230769,0.56,0.7239999999999999,0.18400000000000005,0.3525641025641026,1.6885641025641025,False,True,99.83451194390976
deceptive_local_degree,culdesac,35,J2_recoverability,none,resilient,40,3.273888890658,True,0.45199999999999996,0.7569756097560975,0.56,0.718,0.16000000000000003,0.04878048780487805,1.314780487804878,False,True,66.29560975609756
deceptive_local_degree,culdesac,35,J3_joint,none,resilient,40,3.273888890658,True,0.45199999999999996,0.7569756097560975,0.56,0.718,0.16000000000000003,0.04878048780487805,1.314780487804878,False,True,131.77338756925758
deceptive_local_degree,culdesac,36,J0_shortest,fragile,fragile,38,3.1371160861078384,True,0.38799999999999996,0.5799230769230769,0.56,0.8229999999999996,0.18400000000000005,0.3525641025641026,1.7875641025641023,True,False,38.0
deceptive_local_degree,culdesac,36,J1_risk,fragile,fragile,38,3.1371160861078384,True,0.38799999999999996,0.5799230769230769,0.56,0.8229999999999996,0.18400000000000005,0.3525641025641026,1.7875641025641023,True,False,100.74232172215676
deceptive_local_degree,culdesac,36,J2_recoverability,fragile,resilient,40,3.334960104735667,True,0.45199999999999996,0.7569756097560975,0.56,0.718,0.16000000000000003,0.04878048780487805,1.314780487804878,False,True,66.29560975609756
deceptive_local_degree,culdesac,36,J3_joint,fragile,resilient,40,3.334960104735667,True,0.45199999999999996,0.7569756097560975,0.56,0.718,0.16000000000000003,0.04878048780487805,1.314780487804878,False,True,132.9948118508109
deceptive_local_degree,culdesac,37,J0_shortest,resilient,fragile,38,3.1270037684164977,True,0.38799999999999996,0.579923076923077,0.56,0.781,0.18400000000000005,0.3525641025641026,1.7455641025641029,False,True,38.0
deceptive_local_degree,culdesac,37,J1_risk,resilient,fragile,38,3.1270037684164977,True,0.38799999999999996,0.579923076923077,0.56,0.781,0.18400000000000005,0.3525641025641026,1.7455641025641029,False,True,100.54007536832995
deceptive_local_degree,culdesac,37,J2_recoverability,resilient,resilient,40,3.2907355937870397,True,0.45199999999999996,0.7569756097560975,0.56,0.718,0.16000000000000003,0.04878048780487805,1.314780487804878,True,False,66.29560975609756
deceptive_local_degree,culdesac,37,J3_joint,resilient,resilient,40,3.2907355937870397,True,0.45199999999999996,0.7569756097560975,0.56,0.718,0.16000000000000003,0.04878048780487805,1.314780487804878,True,False,132.11032163183836
deceptive_local_degree,culdesac,38,J0_shortest,fragile,fragile,38,3.1259660386793464,True,0.38799999999999996,0.5759487179487178,0.56,0.7099999999999999,0.18400000000000005,0.358974358974359,1.680974358974359,True,False,38.0
deceptive_local_degree,culdesac,38,J1_risk,fragile,fragile,38,3.1259660386793464,True,0.38799999999999996,0.5759487179487178,0.56,0.7099999999999999,0.18400000000000005,0.358974358974359,1.680974358974359,True,False,100.51932077358693
deceptive_local_degree,culdesac,38,J2_recoverability,fragile,resilient,40,3.2645574798573906,True,0.45199999999999996,0.7569756097560975,0.56,0.718,0.16000000000000003,0.04878048780487805,1.314780487804878,False,True,66.29560975609756
deceptive_local_degree,culdesac,38,J3_joint,fragile,resilient,40,3.2645574798573906,True,0.45199999999999996,0.7569756097560975,0.56,0.718,0.16000000000000003,0.04878048780487805,1.314780487804878,False,True,131.58675935324538
deceptive_local_degree,culdesac,39,J0_shortest,none,fragile,38,3.112486844327807,True,0.38799999999999996,0.5759487179487179,0.56,0.7180000000000001,0.18400000000000005,0.358974358974359,1.688974358974359,False,True,38.0
deceptive_local_degree,culdesac,39,J1_risk,none,fragile,38,3.112486844327807,True,0.38799999999999996,0.5759487179487179,0.56,0.7180000000000001,0.18400000000000005,0.358974358974359,1.688974358974359,False,True,100.24973688655614
deceptive_local_degree,culdesac,39,J2_recoverability,none,resilient,40,3.322058108302974,True,0.45199999999999996,0.7569756097560975,0.56,0.718,0.16000000000000003,0.04878048780487805,1.314780487804878,False,True,66.29560975609756
deceptive_local_degree,culdesac,39,J3_joint,none,resilient,40,3.322058108302974,True,0.45199999999999996,0.7569756097560975,0.56,0.718,0.16000000000000003,0.04878048780487805,1.314780487804878,False,True,132.73677192215706
deceptive_local_degree,culdesac,40,J0_shortest,fragile,fragile,38,3.160348938988367,True,0.38799999999999996,0.579923076923077,0.56,0.7870000000000003,0.18400000000000005,0.3525641025641026,1.751564102564103,True,False,38.0
deceptive_local_degree,culdesac,40,J1_risk,fragile,fragile,38,3.160348938988367,True,0.38799999999999996,0.579923076923077,0.56,0.7870000000000003,0.18400000000000005,0.3525641025641026,1.751564102564103,True,False,101.20697877976734
deceptive_local_degree,culdesac,40,J2_recoverability,fragile,resilient,40,3.257740499144582,True,0.45199999999999996,0.7569756097560975,0.56,0.718,0.16000000000000003,0.04878048780487805,1.314780487804878,False,True,66.29560975609756
deceptive_local_degree,culdesac,40,J3_joint,fragile,resilient,40,3.257740499144582,True,0.45199999999999996,0.7569756097560975,0.56,0.718,0.16000000000000003,0.04878048780487805,1.314780487804878,False,True,131.4504197389892
deceptive_local_degree,culdesac,41,J0_shortest,none,fragile,38,3.100218849540399,True,0.38799999999999996,0.579923076923077,0.56,0.7020000000000001,0.18400000000000005,0.3525641025641026,1.6665641025641027,False,True,38.0
deceptive_local_degree,culdesac,41,J1_risk,none,fragile,38,3.100218849540399,True,0.38799999999999996,0.579923076923077,0.56,0.7020000000000001,0.18400000000000005,0.3525641025641026,1.6665641025641027,False,True,100.00437699080797
deceptive_local_degree,culdesac,41,J2_recoverability,none,resilient,40,3.2594167814113417,True,0.45199999999999996,0.7569756097560975,0.56,0.718,0.16000000000000003,0.04878048780487805,1.314780487804878,False,True,66.29560975609756
deceptive_local_degree,culdesac,41,J3_joint,none,resilient,40,3.2594167814113417,True,0.45199999999999996,0.7569756097560975,0.56,0.718,0.16000000000000003,0.04878048780487805,1.314780487804878,False,True,131.4839453843244
deceptive_local_degree,culdesac,42,J0_shortest,fragile,fragile,38,3.1359619213562113,True,0.38799999999999996,0.5759487179487179,0.56,0.7319999999999999,0.18400000000000005,0.358974358974359,1.702974358974359,True,False,38.0
deceptive_local_degree,culdesac,42,J1_risk,fragile,fragile,38,3.1359619213562113,True,0.38799999999999996,0.5759487179487179,0.56,0.7319999999999999,0.18400000000000005,0.358974358974359,1.702974358974359,True,False,100.71923842712422
deceptive_local_degree,culdesac,42,J2_recoverability,fragile,resilient,40,3.2970616937448427,True,0.45199999999999996,0.7569756097560975,0.56,0.718,0.16000000000000003,0.04878048780487805,1.314780487804878,False,True,66.29560975609756
deceptive_local_degree,culdesac,42,J3_joint,fragile,resilient,40,3.2970616937448427,True,0.45199999999999996,0.7569756097560975,0.56,0.718,0.16000000000000003,0.04878048780487805,1.314780487804878,False,True,132.23684363099443
deceptive_local_degree,culdesac,43,J0_shortest,resilient,fragile,38,3.1535641760779503,True,0.38799999999999996,0.5799230769230769,0.56,0.7239999999999999,0.18400000000000005,0.3525641025641026,1.6885641025641025,False,True,38.0
deceptive_local_degree,culdesac,43,J1_risk,resilient,fragile,38,3.1535641760779503,True,0.38799999999999996,0.5799230769230769,0.56,0.7239999999999999,0.18400000000000005,0.3525641025641026,1.6885641025641025,False,True,101.071283521559
deceptive_local_degree,culdesac,43,J2_recoverability,resilient,resilient,40,3.2689365028500745,True,0.45199999999999996,0.7569756097560975,0.56,0.718,0.16000000000000003,0.04878048780487805,1.314780487804878,True,False,66.29560975609756
deceptive_local_degree,culdesac,43,J3_joint,resilient,resilient,40,3.2689365028500745,True,0.45199999999999996,0.7569756097560975,0.56,0.718,0.16000000000000003,0.04878048780487805,1.314780487804878,True,False,131.67433981309904
deceptive_local_degree,culdesac,44,J0_shortest,fragile,fragile,38,3.122168245166448,True,0.38799999999999996,0.5799230769230769,0.56,0.759,0.18400000000000005,0.3525641025641026,1.7235641025641026,True,False,38.0
deceptive_local_degree,culdesac,44,J1_risk,fragile,fragile,38,3.122168245166448,True,0.38799999999999996,0.5799230769230769,0.56,0.759,0.18400000000000005,0.3525641025641026,1.7235641025641026,True,False,100.44336490332896
deceptive_local_degree,culdesac,44,J2_recoverability,fragile,resilient,40,3.2979097411396445,True,0.45199999999999996,0.7569756097560975,0.56,0.718,0.16000000000000003,0.04878048780487805,1.314780487804878,False,True,66.29560975609756
deceptive_local_degree,culdesac,44,J3_joint,fragile,resilient,40,3.2979097411396445,True,0.45199999999999996,0.7569756097560975,0.56,0.718,0.16000000000000003,0.04878048780487805,1.314780487804878,False,True,132.25380457889045
deceptive_local_degree,culdesac,45,J0_shortest,resilient,fragile,38,3.167925526009289,True,0.38799999999999996,0.5799230769230769,0.56,0.777,0.18400000000000005,0.3525641025641026,1.7415641025641029,False,True,38.0
deceptive_local_degree,culdesac,45,J1_risk,resilient,fragile,38,3.167925526009289,True,0.38799999999999996,0.5799230769230769,0.56,0.777,0.18400000000000005,0.3525641025641026,1.7415641025641029,False,True,101.35851052018577
deceptive_local_degree,culdesac,45,J2_recoverability,resilient,resilient,40,3.310931132746079,True,0.45199999999999996,0.7569756097560975,0.56,0.718,0.16000000000000003,0.04878048780487805,1.314780487804878,True,False,66.29560975609756
deceptive_local_degree,culdesac,45,J3_joint,resilient,resilient,40,3.310931132746079,True,0.45199999999999996,0.7569756097560975,0.56,0.718,0.16000000000000003,0.04878048780487805,1.314780487804878,True,False,132.51423241101912
deceptive_local_degree,culdesac,46,J0_shortest,none,fragile,38,3.1097868065923038,True,0.38799999999999996,0.579923076923077,0.56,0.789,0.18400000000000005,0.3525641025641026,1.7535641025641029,False,True,38.0
deceptive_local_degree,culdesac,46,J1_risk,none,fragile,38,3.1097868065923038,True,0.38799999999999996,0.579923076923077,0.56,0.789,0.18400000000000005,0.3525641025641026,1.7535641025641029,False,True,100.19573613184608
deceptive_local_degree,culdesac,46,J2_recoverability,none,resilient,40,3.2937966452459775,True,0.45199999999999996,0.7569756097560975,0.56,0.718,0.16000000000000003,0.04878048780487805,1.314780487804878,False,True,66.29560975609756
deceptive_local_degree,culdesac,46,J3_joint,none,resilient,40,3.2937966452459775,True,0.45199999999999996,0.7569756097560975,0.56,0.718,0.16000000000000003,0.04878048780487805,1.314780487804878,False,True,132.1715426610171
deceptive_local_degree,culdesac,47,J0_shortest,resilient,fragile,38,3.1476105083952044,True,0.38799999999999996,0.5799230769230769,0.56,0.7810000000000002,0.18400000000000005,0.3525641025641026,1.7455641025641029,False,True,38.0
deceptive_local_degree,culdesac,47,J1_risk,resilient,fragile,38,3.1476105083952044,True,0.38799999999999996,0.5799230769230769,0.56,0.7810000000000002,0.18400000000000005,0.3525641025641026,1.7455641025641029,False,True,100.95221016790408
deceptive_local_degree,culdesac,47,J2_recoverability,resilient,resilient,40,3.2849775871015816,True,0.45199999999999996,0.7569756097560975,0.56,0.718,0.16000000000000003,0.04878048780487805,1.314780487804878,True,False,66.29560975609756
deceptive_local_degree,culdesac,47,J3_joint,resilient,resilient,40,3.2849775871015816,True,0.45199999999999996,0.7569756097560975,0.56,0.718,0.16000000000000003,0.04878048780487805,1.314780487804878,True,False,131.9951614981292
deceptive_local_degree,culdesac,48,J0_shortest,fragile,fragile,38,3.0490224195718936,True,0.38799999999999996,0.579923076923077,0.56,0.777,0.18400000000000005,0.3525641025641026,1.7415641025641029,True,False,38.0
deceptive_local_degree,culdesac,48,J1_risk,fragile,fragile,38,3.0490224195718936,True,0.38799999999999996,0.579923076923077,0.56,0.777,0.18400000000000005,0.3525641025641026,1.7415641025641029,True,False,98.98044839143787
deceptive_local_degree,culdesac,48,J2_recoverability,fragile,resilient,40,3.2917753278597193,True,0.45199999999999996,0.7569756097560975,0.56,0.718,0.16000000000000003,0.04878048780487805,1.314780487804878,False,True,66.29560975609756
deceptive_local_degree,culdesac,48,J3_joint,fragile,resilient,40,3.2917753278597193,True,0.45199999999999996,0.7569756097560975,0.56,0.718,0.16000000000000003,0.04878048780487805,1.314780487804878,False,True,132.13111631329195
deceptive_local_degree,culdesac,49,J0_shortest,none,fragile,38,3.119827988121181,True,0.38799999999999996,0.5799230769230769,0.56,0.8029999999999998,0.18400000000000005,0.3525641025641026,1.7675641025641027,False,True,38.0
deceptive_local_degree,culdesac,49,J1_risk,none,fragile,38,3.119827988121181,True,0.38799999999999996,0.5799230769230769,0.56,0.8029999999999998,0.18400000000000005,0.3525641025641026,1.7675641025641027,False,True,100.3965597624236
deceptive_local_degree,culdesac,49,J2_recoverability,none,resilient,40,3.287139451420765,True,0.45199999999999996,0.7569756097560975,0.56,0.718,0.16000000000000003,0.04878048780487805,1.314780487804878,False,True,66.29560975609756
deceptive_local_degree,culdesac,49,J3_joint,none,resilient,40,3.287139451420765,True,0.45199999999999996,0.7569756097560975,0.56,0.718,0.16000000000000003,0.04878048780487805,1.314780487804878,False,True,132.03839878451288
deceptive_local_degree,culdesac,50,J0_shortest,resilient,fragile,38,3.077024805397173,True,0.38799999999999996,0.5799230769230769,0.56,0.783,0.18400000000000005,0.3525641025641026,1.7475641025641027,False,True,38.0
deceptive_local_degree,culdesac,50,J1_risk,resilient,fragile,38,3.077024805397173,True,0.38799999999999996,0.5799230769230769,0.56,0.783,0.18400000000000005,0.3525641025641026,1.7475641025641027,False,True,99.54049610794345
deceptive_local_degree,culdesac,50,J2_recoverability,resilient,resilient,40,3.239210161312577,True,0.45199999999999996,0.7569756097560975,0.56,0.718,0.16000000000000003,0.04878048780487805,1.314780487804878,True,False,66.29560975609756
deceptive_local_degree,culdesac,50,J3_joint,resilient,resilient,40,3.239210161312577,True,0.45199999999999996,0.7569756097560975,0.56,0.718,0.16000000000000003,0.04878048780487805,1.314780487804878,True,False,131.0798129823491
deceptive_local_degree,culdesac,51,J0_shortest,resilient,fragile,38,3.1390003131194892,True,0.38799999999999996,0.5759487179487178,0.56,0.7240000000000001,0.18400000000000005,0.358974358974359,1.6949743589743593,False,True,38.0
deceptive_local_degree,culdesac,51,J1_risk,resilient,fragile,38,3.1390003131194892,True,0.38799999999999996,0.5759487179487178,0.56,0.7240000000000001,0.18400000000000005,0.358974358974359,1.6949743589743593,False,True,100.78000626238978
deceptive_local_degree,culdesac,51,J2_recoverability,resilient,resilient,40,3.2906422638914195,True,0.45199999999999996,0.7569756097560975,0.56,0.718,0.16000000000000003,0.04878048780487805,1.314780487804878,True,False,66.29560975609756
deceptive_local_degree,culdesac,51,J3_joint,resilient,resilient,40,3.2906422638914195,True,0.45199999999999996,0.7569756097560975,0.56,0.718,0.16000000000000003,0.04878048780487805,1.314780487804878,True,False,132.10845503392596
deceptive_local_degree,culdesac,52,J0_shortest,fragile,fragile,38,3.127346290540347,True,0.38799999999999996,0.5719743589743589,0.56,0.6529999999999999,0.18400000000000005,0.36538461538461536,1.6303846153846155,True,False,38.0
deceptive_local_degree,culdesac,52,J1_risk,fragile,fragile,38,3.127346290540347,True,0.38799999999999996,0.5719743589743589,0.56,0.6529999999999999,0.18400000000000005,0.36538461538461536,1.6303846153846155,True,False,100.54692581080694
deceptive_local_degree,culdesac,52,J2_recoverability,fragile,resilient,40,3.2612115063404836,True,0.45199999999999996,0.7569756097560975,0.56,0.718,0.16000000000000003,0.04878048780487805,1.314780487804878,False,True,66.29560975609756
deceptive_local_degree,culdesac,52,J3_joint,fragile,resilient,40,3.2612115063404836,True,0.45199999999999996,0.7569756097560975,0.56,0.718,0.16000000000000003,0.04878048780487805,1.314780487804878,False,True,131.51983988290723
deceptive_local_degree,culdesac,53,J0_shortest,resilient,fragile,38,3.09951860066084,True,0.38799999999999996,0.5759487179487179,0.56,0.7339999999999999,0.18400000000000005,0.358974358974359,1.7049743589743591,False,True,38.0
deceptive_local_degree,culdesac,53,J1_risk,resilient,fragile,38,3.09951860066084,True,0.38799999999999996,0.5759487179487179,0.56,0.7339999999999999,0.18400000000000005,0.358974358974359,1.7049743589743591,False,True,99.9903720132168
deceptive_local_degree,culdesac,53,J2_recoverability,resilient,resilient,40,3.2862585415113887,True,0.45199999999999996,0.7569756097560975,0.56,0.718,0.16000000000000003,0.04878048780487805,1.314780487804878,True,False,66.29560975609756
deceptive_local_degree,culdesac,53,J3_joint,resilient,resilient,40,3.2862585415113887,True,0.45199999999999996,0.7569756097560975,0.56,0.718,0.16000000000000003,0.04878048780487805,1.314780487804878,True,False,132.02078058632532
deceptive_local_degree,culdesac,54,J0_shortest,fragile,fragile,38,3.1594675093469506,True,0.38799999999999996,0.5759487179487178,0.56,0.7180000000000001,0.18400000000000005,0.358974358974359,1.688974358974359,True,False,38.0
deceptive_local_degree,culdesac,54,J1_risk,fragile,fragile,38,3.1594675093469506,True,0.38799999999999996,0.5759487179487178,0.56,0.7180000000000001,0.18400000000000005,0.358974358974359,1.688974358974359,True,False,101.18935018693901
deceptive_local_degree,culdesac,54,J2_recoverability,fragile,resilient,40,3.264882997809955,True,0.45199999999999996,0.7569756097560975,0.56,0.718,0.16000000000000003,0.04878048780487805,1.314780487804878,False,True,66.29560975609756
deceptive_local_degree,culdesac,54,J3_joint,fragile,resilient,40,3.264882997809955,True,0.45199999999999996,0.7569756097560975,0.56,0.718,0.16000000000000003,0.04878048780487805,1.314780487804878,False,True,131.59326971229666
deceptive_local_degree,culdesac,55,J0_shortest,fragile,fragile,38,3.1514904047727823,True,0.38799999999999996,0.5799230769230769,0.56,0.7969999999999998,0.18400000000000005,0.3525641025641026,1.7615641025641025,True,False,38.0
deceptive_local_degree,culdesac,55,J1_risk,fragile,fragile,38,3.1514904047727823,True,0.38799999999999996,0.5799230769230769,0.56,0.7969999999999998,0.18400000000000005,0.3525641025641026,1.7615641025641025,True,False,101.02980809545565
deceptive_local_degree,culdesac,55,J2_recoverability,fragile,resilient,40,3.319797946082983,True,0.45199999999999996,0.7569756097560975,0.56,0.718,0.16000000000000003,0.04878048780487805,1.314780487804878,False,True,66.29560975609756
deceptive_local_degree,culdesac,55,J3_joint,fragile,resilient,40,3.319797946082983,True,0.45199999999999996,0.7569756097560975,0.56,0.718,0.16000000000000003,0.04878048780487805,1.314780487804878,False,True,132.69156867775723
deceptive_local_degree,culdesac,56,J0_shortest,fragile,fragile,38,3.11284133402378,True,0.38799999999999996,0.579923076923077,0.56,0.7339999999999999,0.18400000000000005,0.3525641025641026,1.6985641025641027,True,False,38.0
deceptive_local_degree,culdesac,56,J1_risk,fragile,fragile,38,3.11284133402378,True,0.38799999999999996,0.579923076923077,0.56,0.7339999999999999,0.18400000000000005,0.3525641025641026,1.6985641025641027,True,False,100.2568266804756
deceptive_local_degree,culdesac,56,J2_recoverability,fragile,resilient,40,3.2973951002192243,True,0.45199999999999996,0.7569756097560975,0.56,0.718,0.16000000000000003,0.04878048780487805,1.314780487804878,False,True,66.29560975609756
deceptive_local_degree,culdesac,56,J3_joint,fragile,resilient,40,3.2973951002192243,True,0.45199999999999996,0.7569756097560975,0.56,0.718,0.16000000000000003,0.04878048780487805,1.314780487804878,False,True,132.24351176048205
deceptive_local_degree,culdesac,57,J0_shortest,fragile,fragile,38,3.174265713038769,True,0.38799999999999996,0.579923076923077,0.56,0.7299999999999999,0.18400000000000005,0.3525641025641026,1.6945641025641027,True,False,38.0
deceptive_local_degree,culdesac,57,J1_risk,fragile,fragile,38,3.174265713038769,True,0.38799999999999996,0.579923076923077,0.56,0.7299999999999999,0.18400000000000005,0.3525641025641026,1.6945641025641027,True,False,101.48531426077538
deceptive_local_degree,culdesac,57,J2_recoverability,fragile,resilient,40,3.28382981851518,True,0.45199999999999996,0.7569756097560975,0.56,0.718,0.16000000000000003,0.04878048780487805,1.314780487804878,False,True,66.29560975609756
deceptive_local_degree,culdesac,57,J3_joint,fragile,resilient,40,3.28382981851518,True,0.45199999999999996,0.7569756097560975,0.56,0.718,0.16000000000000003,0.04878048780487805,1.314780487804878,False,True,131.97220612640115
deceptive_local_degree,culdesac,58,J0_shortest,resilient,fragile,38,3.1896011528320214,True,0.38799999999999996,0.5799230769230769,0.56,0.767,0.18400000000000005,0.3525641025641026,1.7315641025641026,False,True,38.0
deceptive_local_degree,culdesac,58,J1_risk,resilient,fragile,38,3.1896011528320214,True,0.38799999999999996,0.5799230769230769,0.56,0.767,0.18400000000000005,0.3525641025641026,1.7315641025641026,False,True,101.79202305664043
deceptive_local_degree,culdesac,58,J2_recoverability,resilient,resilient,40,3.2810038700195365,True,0.45199999999999996,0.7569756097560975,0.56,0.718,0.16000000000000003,0.04878048780487805,1.314780487804878,True,False,66.29560975609756
deceptive_local_degree,culdesac,58,J3_joint,resilient,resilient,40,3.2810038700195365,True,0.45199999999999996,0.7569756097560975,0.56,0.718,0.16000000000000003,0.04878048780487805,1.314780487804878,True,False,131.91568715648827
deceptive_local_degree,culdesac,59,J0_shortest,fragile,fragile,38,3.1218882214907473,True,0.38799999999999996,0.5799230769230769,0.56,0.777,0.18400000000000005,0.3525641025641026,1.7415641025641029,True,False,38.0
deceptive_local_degree,culdesac,59,J1_risk,fragile,fragile,38,3.1218882214907473,True,0.38799999999999996,0.5799230769230769,0.56,0.777,0.18400000000000005,0.3525641025641026,1.7415641025641029,True,False,100.43776442981495
deceptive_local_degree,culdesac,59,J2_recoverability,fragile,resilient,40,3.272895761410518,True,0.45199999999999996,0.7569756097560975,0.56,0.718,0.16000000000000003,0.04878048780487805,1.314780487804878,False,True,66.29560975609756
deceptive_local_degree,culdesac,59,J3_joint,fragile,resilient,40,3.272895761410518,True,0.45199999999999996,0.7569756097560975,0.56,0.718,0.16000000000000003,0.04878048780487805,1.314780487804878,False,True,131.75352498430792
deceptive_local_degree,culdesac,60,J0_shortest,none,fragile,38,3.103779441411636,True,0.38799999999999996,0.5799230769230769,0.56,0.6690000000000002,0.18400000000000005,0.3525641025641026,1.6335641025641028,False,True,38.0
deceptive_local_degree,culdesac,60,J1_risk,none,fragile,38,3.103779441411636,True,0.38799999999999996,0.5799230769230769,0.56,0.6690000000000002,0.18400000000000005,0.3525641025641026,1.6335641025641028,False,True,100.07558882823272
deceptive_local_degree,culdesac,60,J2_recoverability,none,resilient,40,3.2651383427996628,True,0.45199999999999996,0.7569756097560975,0.56,0.718,0.16000000000000003,0.04878048780487805,1.314780487804878,False,True,66.29560975609756
deceptive_local_degree,culdesac,60,J3_joint,none,resilient,40,3.2651383427996628,True,0.45199999999999996,0.7569756097560975,0.56,0.718,0.16000000000000003,0.04878048780487805,1.314780487804878,False,True,131.59837661209082
deceptive_local_degree,culdesac,61,J0_shortest,resilient,fragile,38,3.1417956722860523,True,0.38799999999999996,0.5799230769230769,0.56,0.7339999999999999,0.18400000000000005,0.3525641025641026,1.6985641025641027,False,True,38.0
deceptive_local_degree,culdesac,61,J1_risk,resilient,fragile,38,3.1417956722860523,True,0.38799999999999996,0.5799230769230769,0.56,0.7339999999999999,0.18400000000000005,0.3525641025641026,1.6985641025641027,False,True,100.83591344572105
deceptive_local_degree,culdesac,61,J2_recoverability,resilient,resilient,40,3.2823424737685607,True,0.45199999999999996,0.7569756097560975,0.56,0.718,0.16000000000000003,0.04878048780487805,1.314780487804878,True,False,66.29560975609756
deceptive_local_degree,culdesac,61,J3_joint,resilient,resilient,40,3.2823424737685607,True,0.45199999999999996,0.7569756097560975,0.56,0.718,0.16000000000000003,0.04878048780487805,1.314780487804878,True,False,131.94245923146877
deceptive_local_degree,culdesac,62,J0_shortest,fragile,fragile,38,3.110773421314166,True,0.38799999999999996,0.5799230769230769,0.56,0.7989999999999998,0.18400000000000005,0.3525641025641026,1.7635641025641027,True,False,38.0
deceptive_local_degree,culdesac,62,J1_risk,fragile,fragile,38,3.110773421314166,True,0.38799999999999996,0.5799230769230769,0.56,0.7989999999999998,0.18400000000000005,0.3525641025641026,1.7635641025641027,True,False,100.21546842628331
deceptive_local_degree,culdesac,62,J2_recoverability,fragile,resilient,40,3.3018664341460333,True,0.45199999999999996,0.7569756097560975,0.56,0.718,0.16000000000000003,0.04878048780487805,1.314780487804878,False,True,66.29560975609756
deceptive_local_degree,culdesac,62,J3_joint,fragile,resilient,40,3.3018664341460333,True,0.45199999999999996,0.7569756097560975,0.56,0.718,0.16000000000000003,0.04878048780487805,1.314780487804878,False,True,132.33293843901822
deceptive_local_degree,culdesac,63,J0_shortest,fragile,fragile,38,3.141154374030009,True,0.38799999999999996,0.5799230769230769,0.56,0.6749999999999999,0.18400000000000005,0.3525641025641026,1.6395641025641026,True,False,38.0
deceptive_local_degree,culdesac,63,J1_risk,fragile,fragile,38,3.141154374030009,True,0.38799999999999996,0.5799230769230769,0.56,0.6749999999999999,0.18400000000000005,0.3525641025641026,1.6395641025641026,True,False,100.82308748060018
deceptive_local_degree,culdesac,63,J2_recoverability,fragile,resilient,40,3.2988603293606102,True,0.45199999999999996,0.7569756097560975,0.56,0.718,0.16000000000000003,0.04878048780487805,1.314780487804878,False,True,66.29560975609756
deceptive_local_degree,culdesac,63,J3_joint,fragile,resilient,40,3.2988603293606102,True,0.45199999999999996,0.7569756097560975,0.56,0.718,0.16000000000000003,0.04878048780487805,1.314780487804878,False,True,132.27281634330978
deceptive_local_degree,culdesac,64,J0_shortest,none,fragile,38,3.1069798189049282,True,0.38799999999999996,0.579923076923077,0.56,0.7510000000000002,0.18400000000000005,0.3525641025641026,1.715564102564103,False,True,38.0
deceptive_local_degree,culdesac,64,J1_risk,none,fragile,38,3.1069798189049282,True,0.38799999999999996,0.579923076923077,0.56,0.7510000000000002,0.18400000000000005,0.3525641025641026,1.715564102564103,False,True,100.13959637809856
deceptive_local_degree,culdesac,64,J2_recoverability,none,resilient,40,3.3078216033057335,True,0.45199999999999996,0.7569756097560975,0.56,0.718,0.16000000000000003,0.04878048780487805,1.314780487804878,False,True,66.29560975609756
deceptive_local_degree,culdesac,64,J3_joint,none,resilient,40,3.3078216033057335,True,0.45199999999999996,0.7569756097560975,0.56,0.718,0.16000000000000003,0.04878048780487805,1.314780487804878,False,True,132.45204182221224
deceptive_local_degree,culdesac,65,J0_shortest,fragile,fragile,38,3.1436455263217935,True,0.38799999999999996,0.579923076923077,0.56,0.8029999999999998,0.18400000000000005,0.3525641025641026,1.7675641025641027,True,False,38.0
deceptive_local_degree,culdesac,65,J1_risk,fragile,fragile,38,3.1436455263217935,True,0.38799999999999996,0.579923076923077,0.56,0.8029999999999998,0.18400000000000005,0.3525641025641026,1.7675641025641027,True,False,100.87291052643587
deceptive_local_degree,culdesac,65,J2_recoverability,fragile,resilient,40,3.266531006540488,True,0.45199999999999996,0.7569756097560975,0.56,0.718,0.16000000000000003,0.04878048780487805,1.314780487804878,False,True,66.29560975609756
deceptive_local_degree,culdesac,65,J3_joint,fragile,resilient,40,3.266531006540488,True,0.45199999999999996,0.7569756097560975,0.56,0.718,0.16000000000000003,0.04878048780487805,1.314780487804878,False,True,131.6262298869073
deceptive_local_degree,culdesac,66,J0_shortest,fragile,fragile,38,3.150988411385941,True,0.38799999999999996,0.5799230769230769,0.56,0.7419999999999997,0.18400000000000005,0.3525641025641026,1.7065641025641023,True,False,38.0
deceptive_local_degree,culdesac,66,J1_risk,fragile,fragile,38,3.150988411385941,True,0.38799999999999996,0.5799230769230769,0.56,0.7419999999999997,0.18400000000000005,0.3525641025641026,1.7065641025641023,True,False,101.01976822771883
deceptive_local_degree,culdesac,66,J2_recoverability,fragile,resilient,40,3.2861859434294267,True,0.45199999999999996,0.7569756097560975,0.56,0.718,0.16000000000000003,0.04878048780487805,1.314780487804878,False,True,66.29560975609756
deceptive_local_degree,culdesac,66,J3_joint,fragile,resilient,40,3.2861859434294267,True,0.45199999999999996,0.7569756097560975,0.56,0.718,0.16000000000000003,0.04878048780487805,1.314780487804878,False,True,132.0193286246861
deceptive_local_degree,culdesac,67,J0_shortest,resilient,fragile,38,3.0930299520623152,True,0.38799999999999996,0.579923076923077,0.56,0.787,0.18400000000000005,0.3525641025641026,1.7515641025641027,False,True,38.0
deceptive_local_degree,culdesac,67,J1_risk,resilient,fragile,38,3.0930299520623152,True,0.38799999999999996,0.579923076923077,0.56,0.787,0.18400000000000005,0.3525641025641026,1.7515641025641027,False,True,99.8605990412463
deceptive_local_degree,culdesac,67,J2_recoverability,resilient,resilient,40,3.2951894067881065,True,0.45199999999999996,0.7569756097560975,0.56,0.718,0.16000000000000003,0.04878048780487805,1.314780487804878,True,False,66.29560975609756
deceptive_local_degree,culdesac,67,J3_joint,resilient,resilient,40,3.2951894067881065,True,0.45199999999999996,0.7569756097560975,0.56,0.718,0.16000000000000003,0.04878048780487805,1.314780487804878,True,False,132.1993978918597
deceptive_local_degree,culdesac,68,J0_shortest,resilient,fragile,38,3.12717457379799,True,0.38799999999999996,0.579923076923077,0.56,0.7220000000000001,0.18400000000000005,0.3525641025641026,1.6865641025641027,False,True,38.0
deceptive_local_degree,culdesac,68,J1_risk,resilient,fragile,38,3.12717457379799,True,0.38799999999999996,0.579923076923077,0.56,0.7220000000000001,0.18400000000000005,0.3525641025641026,1.6865641025641027,False,True,100.5434914759598
deceptive_local_degree,culdesac,68,J2_recoverability,resilient,resilient,40,3.2596570369949958,True,0.45199999999999996,0.7569756097560975,0.56,0.718,0.16000000000000003,0.04878048780487805,1.314780487804878,True,False,66.29560975609756
deceptive_local_degree,culdesac,68,J3_joint,resilient,resilient,40,3.2596570369949958,True,0.45199999999999996,0.7569756097560975,0.56,0.718,0.16000000000000003,0.04878048780487805,1.314780487804878,True,False,131.48875049599746
deceptive_local_degree,culdesac,69,J0_shortest,none,fragile,38,3.142486984421113,True,0.38799999999999996,0.5799230769230769,0.56,0.767,0.18400000000000005,0.3525641025641026,1.7315641025641026,False,True,38.0
deceptive_local_degree,culdesac,69,J1_risk,none,fragile,38,3.142486984421113,True,0.38799999999999996,0.5799230769230769,0.56,0.767,0.18400000000000005,0.3525641025641026,1.7315641025641026,False,True,100.84973968842226
deceptive_local_degree,culdesac,69,J2_recoverability,none,resilient,40,3.328312295475695,True,0.45199999999999996,0.7569756097560975,0.56,0.718,0.16000000000000003,0.04878048780487805,1.314780487804878,False,True,66.29560975609756
deceptive_local_degree,culdesac,69,J3_joint,none,resilient,40,3.328312295475695,True,0.45199999999999996,0.7569756097560975,0.56,0.718,0.16000000000000003,0.04878048780487805,1.314780487804878,False,True,132.86185566561147
deceptive_local_degree,culdesac,70,J0_shortest,fragile,fragile,38,3.111341145234636,True,0.38799999999999996,0.579923076923077,0.56,0.8149999999999998,0.18400000000000005,0.3525641025641026,1.7795641025641027,True,False,38.0
deceptive_local_degree,culdesac,70,J1_risk,fragile,fragile,38,3.111341145234636,True,0.38799999999999996,0.579923076923077,0.56,0.8149999999999998,0.18400000000000005,0.3525641025641026,1.7795641025641027,True,False,100.22682290469271
deceptive_local_degree,culdesac,70,J2_recoverability,fragile,resilient,40,3.259789164053415,True,0.45199999999999996,0.7569756097560975,0.56,0.718,0.16000000000000003,0.04878048780487805,1.314780487804878,False,True,66.29560975609756
deceptive_local_degree,culdesac,70,J3_joint,fragile,resilient,40,3.259789164053415,True,0.45199999999999996,0.7569756097560975,0.56,0.718,0.16000000000000003,0.04878048780487805,1.314780487804878,False,True,131.49139303716586
deceptive_local_degree,culdesac,71,J0_shortest,fragile,fragile,38,3.076180307909036,True,0.38799999999999996,0.579923076923077,0.56,0.767,0.18400000000000005,0.3525641025641026,1.7315641025641026,True,False,38.0
deceptive_local_degree,culdesac,71,J1_risk,fragile,fragile,38,3.076180307909036,True,0.38799999999999996,0.579923076923077,0.56,0.767,0.18400000000000005,0.3525641025641026,1.7315641025641026,True,False,99.52360615818071
deceptive_local_degree,culdesac,71,J2_recoverability,fragile,resilient,40,3.265742510695745,True,0.45199999999999996,0.7569756097560975,0.56,0.718,0.16000000000000003,0.04878048780487805,1.314780487804878,False,True,66.29560975609756
deceptive_local_degree,culdesac,71,J3_joint,fragile,resilient,40,3.265742510695745,True,0.45199999999999996,0.7569756097560975,0.56,0.718,0.16000000000000003,0.04878048780487805,1.314780487804878,False,True,131.61045997001247
deceptive_local_degree,culdesac,72,J0_shortest,fragile,fragile,38,3.1638768023716923,True,0.38799999999999996,0.579923076923077,0.56,0.799,0.18400000000000005,0.3525641025641026,1.7635641025641027,True,False,38.0
deceptive_local_degree,culdesac,72,J1_risk,fragile,fragile,38,3.1638768023716923,True,0.38799999999999996,0.579923076923077,0.56,0.799,0.18400000000000005,0.3525641025641026,1.7635641025641027,True,False,101.27753604743384
deceptive_local_degree,culdesac,72,J2_recoverability,fragile,resilient,40,3.2869313985945343,True,0.45199999999999996,0.7569756097560975,0.56,0.718,0.16000000000000003,0.04878048780487805,1.314780487804878,False,True,66.29560975609756
deceptive_local_degree,culdesac,72,J3_joint,fragile,resilient,40,3.2869313985945343,True,0.45199999999999996,0.7569756097560975,0.56,0.718,0.16000000000000003,0.04878048780487805,1.314780487804878,False,True,132.03423772798823
deceptive_local_degree,culdesac,73,J0_shortest,fragile,fragile,38,3.1185451305901264,True,0.38799999999999996,0.5799230769230769,0.56,0.7749999999999998,0.18400000000000005,0.3525641025641026,1.7395641025641027,True,False,38.0
deceptive_local_degree,culdesac,73,J1_risk,fragile,fragile,38,3.1185451305901264,True,0.38799999999999996,0.5799230769230769,0.56,0.7749999999999998,0.18400000000000005,0.3525641025641026,1.7395641025641027,True,False,100.37090261180253
deceptive_local_degree,culdesac,73,J2_recoverability,fragile,resilient,40,3.291730070978851,True,0.45199999999999996,0.7569756097560975,0.56,0.718,0.16000000000000003,0.04878048780487805,1.314780487804878,False,True,66.29560975609756
deceptive_local_degree,culdesac,73,J3_joint,fragile,resilient,40,3.291730070978851,True,0.45199999999999996,0.7569756097560975,0.56,0.718,0.16000000000000003,0.04878048780487805,1.314780487804878,False,True,132.1302111756746
deceptive_local_degree,culdesac,74,J0_shortest,none,fragile,38,3.0793643963677715,True,0.38799999999999996,0.5759487179487179,0.56,0.7020000000000001,0.18400000000000005,0.358974358974359,1.672974358974359,False,True,38.0
deceptive_local_degree,culdesac,74,J1_risk,none,fragile,38,3.0793643963677715,True,0.38799999999999996,0.5759487179487179,0.56,0.7020000000000001,0.18400000000000005,0.358974358974359,1.672974358974359,False,True,99.58728792735543
deceptive_local_degree,culdesac,74,J2_recoverability,none,resilient,40,3.2341340688963527,True,0.45199999999999996,0.7569756097560975,0.56,0.718,0.16000000000000003,0.04878048780487805,1.314780487804878,False,True,66.29560975609756
deceptive_local_degree,culdesac,74,J3_joint,none,resilient,40,3.2341340688963527,True,0.45199999999999996,0.7569756097560975,0.56,0.718,0.16000000000000003,0.04878048780487805,1.314780487804878,False,True,130.97829113402463
deceptive_local_degree,culdesac,75,J0_shortest,resilient,fragile,38,3.1569196844571836,True,0.38799999999999996,0.579923076923077,0.56,0.783,0.18400000000000005,0.3525641025641026,1.7475641025641027,False,True,38.0
deceptive_local_degree,culdesac,75,J1_risk,resilient,fragile,38,3.1569196844571836,True,0.38799999999999996,0.579923076923077,0.56,0.783,0.18400000000000005,0.3525641025641026,1.7475641025641027,False,True,101.13839368914367
deceptive_local_degree,culdesac,75,J2_recoverability,resilient,resilient,40,3.3061964686263074,True,0.45199999999999996,0.7569756097560975,0.56,0.718,0.16000000000000003,0.04878048780487805,1.314780487804878,True,False,66.29560975609756
deceptive_local_degree,culdesac,75,J3_joint,resilient,resilient,40,3.3061964686263074,True,0.45199999999999996,0.7569756097560975,0.56,0.718,0.16000000000000003,0.04878048780487805,1.314780487804878,True,False,132.4195391286237
deceptive_local_degree,culdesac,76,J0_shortest,none,fragile,38,3.0899368343568274,True,0.38799999999999996,0.5799230769230769,0.56,0.7909999999999998,0.18400000000000005,0.3525641025641026,1.7555641025641027,False,True,38.0
deceptive_local_degree,culdesac,76,J1_risk,none,fragile,38,3.0899368343568274,True,0.38799999999999996,0.5799230769230769,0.56,0.7909999999999998,0.18400000000000005,0.3525641025641026,1.7555641025641027,False,True,99.79873668713654
deceptive_local_degree,culdesac,76,J2_recoverability,none,resilient,40,3.260885662627214,True,0.45199999999999996,0.7569756097560975,0.56,0.718,0.16000000000000003,0.04878048780487805,1.314780487804878,False,True,66.29560975609756
deceptive_local_degree,culdesac,76,J3_joint,none,resilient,40,3.260885662627214,True,0.45199999999999996,0.7569756097560975,0.56,0.718,0.16000000000000003,0.04878048780487805,1.314780487804878,False,True,131.51332300864186
deceptive_local_degree,culdesac,77,J0_shortest,fragile,fragile,38,3.1485518526106695,True,0.38799999999999996,0.579923076923077,0.56,0.7239999999999999,0.18400000000000005,0.3525641025641026,1.6885641025641025,True,False,38.0
deceptive_local_degree,culdesac,77,J1_risk,fragile,fragile,38,3.1485518526106695,True,0.38799999999999996,0.579923076923077,0.56,0.7239999999999999,0.18400000000000005,0.3525641025641026,1.6885641025641025,True,False,100.97103705221339
deceptive_local_degree,culdesac,77,J2_recoverability,fragile,resilient,40,3.2472577997958814,True,0.45199999999999996,0.7569756097560975,0.56,0.718,0.16000000000000003,0.04878048780487805,1.314780487804878,False,True,66.29560975609756
deceptive_local_degree,culdesac,77,J3_joint,fragile,resilient,40,3.2472577997958814,True,0.45199999999999996,0.7569756097560975,0.56,0.718,0.16000000000000003,0.04878048780487805,1.314780487804878,False,True,131.2407657520152
deceptive_local_degree,culdesac,78,J0_shortest,none,fragile,38,3.14981571120915,True,0.38799999999999996,0.5799230769230769,0.56,0.783,0.18400000000000005,0.3525641025641026,1.7475641025641027,False,True,38.0
deceptive_local_degree,culdesac,78,J1_risk,none,fragile,38,3.14981571120915,True,0.38799999999999996,0.5799230769230769,0.56,0.783,0.18400000000000005,0.3525641025641026,1.7475641025641027,False,True,100.99631422418301
deceptive_local_degree,culdesac,78,J2_recoverability,none,resilient,40,3.2835104644141455,True,0.45199999999999996,0.7569756097560975,0.56,0.718,0.16000000000000003,0.04878048780487805,1.314780487804878,False,True,66.29560975609756
deceptive_local_degree,culdesac,78,J3_joint,none,resilient,40,3.2835104644141455,True,0.45199999999999996,0.7569756097560975,0.56,0.718,0.16000000000000003,0.04878048780487805,1.314780487804878,False,True,131.96581904438045
deceptive_local_degree,culdesac,79,J0_shortest,resilient,fragile,38,3.133063223555591,True,0.38799999999999996,0.5799230769230769,0.56,0.7239999999999999,0.18400000000000005,0.3525641025641026,1.6885641025641025,False,True,38.0
deceptive_local_degree,culdesac,79,J1_risk,resilient,fragile,38,3.133063223555591,True,0.38799999999999996,0.5799230769230769,0.56,0.7239999999999999,0.18400000000000005,0.3525641025641026,1.6885641025641025,False,True,100.66126447111182
deceptive_local_degree,culdesac,79,J2_recoverability,resilient,resilient,40,3.305249552012957,True,0.45199999999999996,0.7569756097560975,0.56,0.718,0.16000000000000003,0.04878048780487805,1.314780487804878,True,False,66.29560975609756
deceptive_local_degree,culdesac,79,J3_joint,resilient,resilient,40,3.305249552012957,True,0.45199999999999996,0.7569756097560975,0.56,0.718,0.16000000000000003,0.04878048780487805,1.314780487804878,True,False,132.40060079635668
deceptive_local_degree,culdesac,80,J0_shortest,resilient,fragile,38,3.101343357221491,True,0.38799999999999996,0.579923076923077,0.56,0.7810000000000002,0.18400000000000005,0.3525641025641026,1.7455641025641029,False,True,38.0
deceptive_local_degree,culdesac,80,J1_risk,resilient,fragile,38,3.101343357221491,True,0.38799999999999996,0.579923076923077,0.56,0.7810000000000002,0.18400000000000005,0.3525641025641026,1.7455641025641029,False,True,100.02686714442981
deceptive_local_degree,culdesac,80,J2_recoverability,resilient,resilient,40,3.2835890903580913,True,0.45199999999999996,0.7569756097560975,0.56,0.718,0.16000000000000003,0.04878048780487805,1.314780487804878,True,False,66.29560975609756
deceptive_local_degree,culdesac,80,J3_joint,resilient,resilient,40,3.2835890903580913,True,0.45199999999999996,0.7569756097560975,0.56,0.718,0.16000000000000003,0.04878048780487805,1.314780487804878,True,False,131.96739156325938
deceptive_local_degree,culdesac,81,J0_shortest,resilient,fragile,38,3.0938745447812224,True,0.38799999999999996,0.5799230769230769,0.56,0.7969999999999998,0.18400000000000005,0.3525641025641026,1.7615641025641025,False,True,38.0
deceptive_local_degree,culdesac,81,J1_risk,resilient,fragile,38,3.0938745447812224,True,0.38799999999999996,0.5799230769230769,0.56,0.7969999999999998,0.18400000000000005,0.3525641025641026,1.7615641025641025,False,True,99.87749089562445
deceptive_local_degree,culdesac,81,J2_recoverability,resilient,resilient,40,3.2797956606205707,True,0.45199999999999996,0.7569756097560975,0.56,0.718,0.16000000000000003,0.04878048780487805,1.314780487804878,True,False,66.29560975609756
deceptive_local_degree,culdesac,81,J3_joint,resilient,resilient,40,3.2797956606205707,True,0.45199999999999996,0.7569756097560975,0.56,0.718,0.16000000000000003,0.04878048780487805,1.314780487804878,True,False,131.89152296850898
deceptive_local_degree,culdesac,82,J0_shortest,fragile,fragile,38,3.1030445673448885,True,0.38799999999999996,0.5799230769230769,0.56,0.789,0.18400000000000005,0.3525641025641026,1.7535641025641029,True,False,38.0
deceptive_local_degree,culdesac,82,J1_risk,fragile,fragile,38,3.1030445673448885,True,0.38799999999999996,0.5799230769230769,0.56,0.789,0.18400000000000005,0.3525641025641026,1.7535641025641029,True,False,100.06089134689776
deceptive_local_degree,culdesac,82,J2_recoverability,fragile,resilient,40,3.22255142295462,True,0.45199999999999996,0.7569756097560975,0.56,0.718,0.16000000000000003,0.04878048780487805,1.314780487804878,False,True,66.29560975609756
deceptive_local_degree,culdesac,82,J3_joint,fragile,resilient,40,3.22255142295462,True,0.45199999999999996,0.7569756097560975,0.56,0.718,0.16000000000000003,0.04878048780487805,1.314780487804878,False,True,130.74663821518996
deceptive_local_degree,culdesac,83,J0_shortest,fragile,fragile,38,3.1465672892696177,True,0.38799999999999996,0.5799230769230769,0.56,0.7299999999999999,0.18400000000000005,0.3525641025641026,1.6945641025641027,True,False,38.0
deceptive_local_degree,culdesac,83,J1_risk,fragile,fragile,38,3.1465672892696177,True,0.38799999999999996,0.5799230769230769,0.56,0.7299999999999999,0.18400000000000005,0.3525641025641026,1.6945641025641027,True,False,100.93134578539235
deceptive_local_degree,culdesac,83,J2_recoverability,fragile,resilient,40,3.3028290885751925,True,0.45199999999999996,0.7569756097560975,0.56,0.718,0.16000000000000003,0.04878048780487805,1.314780487804878,False,True,66.29560975609756
deceptive_local_degree,culdesac,83,J3_joint,fragile,resilient,40,3.3028290885751925,True,0.45199999999999996,0.7569756097560975,0.56,0.718,0.16000000000000003,0.04878048780487805,1.314780487804878,False,True,132.3521915276014
deceptive_local_degree,culdesac,84,J0_shortest,resilient,fragile,38,3.1183859937150817,True,0.38799999999999996,0.579923076923077,0.56,0.789,0.18400000000000005,0.3525641025641026,1.7535641025641029,False,True,38.0
deceptive_local_degree,culdesac,84,J1_risk,resilient,fragile,38,3.1183859937150817,True,0.38799999999999996,0.579923076923077,0.56,0.789,0.18400000000000005,0.3525641025641026,1.7535641025641029,False,True,100.36771987430163
deceptive_local_degree,culdesac,84,J2_recoverability,resilient,resilient,40,3.2710539747117875,True,0.45199999999999996,0.7569756097560975,0.56,0.718,0.16000000000000003,0.04878048780487805,1.314780487804878,True,False,66.29560975609756
deceptive_local_degree,culdesac,84,J3_joint,resilient,resilient,40,3.2710539747117875,True,0.45199999999999996,0.7569756097560975,0.56,0.718,0.16000000000000003,0.04878048780487805,1.314780487804878,True,False,131.71668925033333
deceptive_local_degree,culdesac,85,J0_shortest,fragile,fragile,38,3.099897866738166,True,0.38799999999999996,0.579923076923077,0.56,0.7239999999999999,0.18400000000000005,0.3525641025641026,1.6885641025641025,True,False,38.0
deceptive_local_degree,culdesac,85,J1_risk,fragile,fragile,38,3.099897866738166,True,0.38799999999999996,0.579923076923077,0.56,0.7239999999999999,0.18400000000000005,0.3525641025641026,1.6885641025641025,True,False,99.99795733476333
deceptive_local_degree,culdesac,85,J2_recoverability,fragile,resilient,40,3.2530467851924034,True,0.45199999999999996,0.7569756097560975,0.56,0.718,0.16000000000000003,0.04878048780487805,1.314780487804878,False,True,66.29560975609756
deceptive_local_degree,culdesac,85,J3_joint,fragile,resilient,40,3.2530467851924034,True,0.45199999999999996,0.7569756097560975,0.56,0.718,0.16000000000000003,0.04878048780487805,1.314780487804878,False,True,131.35654545994564
deceptive_local_degree,culdesac,86,J0_shortest,fragile,fragile,38,3.1395744356717286,True,0.38799999999999996,0.5799230769230769,0.56,0.7889999999999998,0.18400000000000005,0.3525641025641026,1.7535641025641024,True,False,38.0
deceptive_local_degree,culdesac,86,J1_risk,fragile,fragile,38,3.1395744356717286,True,0.38799999999999996,0.5799230769230769,0.56,0.7889999999999998,0.18400000000000005,0.3525641025641026,1.7535641025641024,True,False,100.79148871343457
deceptive_local_degree,culdesac,86,J2_recoverability,fragile,resilient,40,3.270606855516972,True,0.45199999999999996,0.7569756097560975,0.56,0.718,0.16000000000000003,0.04878048780487805,1.314780487804878,False,True,66.29560975609756
deceptive_local_degree,culdesac,86,J3_joint,fragile,resilient,40,3.270606855516972,True,0.45199999999999996,0.7569756097560975,0.56,0.718,0.16000000000000003,0.04878048780487805,1.314780487804878,False,True,131.707746866437
deceptive_local_degree,culdesac,87,J0_shortest,resilient,fragile,38,3.096273674298092,True,0.38799999999999996,0.5799230769230769,0.56,0.7889999999999998,0.18400000000000005,0.3525641025641026,1.7535641025641024,False,True,38.0
deceptive_local_degree,culdesac,87,J1_risk,resilient,fragile,38,3.096273674298092,True,0.38799999999999996,0.5799230769230769,0.56,0.7889999999999998,0.18400000000000005,0.3525641025641026,1.7535641025641024,False,True,99.92547348596185
deceptive_local_degree,culdesac,87,J2_recoverability,resilient,resilient,40,3.295976581875149,True,0.45199999999999996,0.7569756097560975,0.56,0.718,0.16000000000000003,0.04878048780487805,1.314780487804878,True,False,66.29560975609756
deceptive_local_degree,culdesac,87,J3_joint,resilient,resilient,40,3.295976581875149,True,0.45199999999999996,0.7569756097560975,0.56,0.718,0.16000000000000003,0.04878048780487805,1.314780487804878,True,False,132.21514139360056
deceptive_local_degree,culdesac,88,J0_shortest,fragile,fragile,38,3.144519033394192,True,0.38799999999999996,0.5759487179487179,0.56,0.7020000000000001,0.18400000000000005,0.358974358974359,1.672974358974359,True,False,38.0
deceptive_local_degree,culdesac,88,J1_risk,fragile,fragile,38,3.144519033394192,True,0.38799999999999996,0.5759487179487179,0.56,0.7020000000000001,0.18400000000000005,0.358974358974359,1.672974358974359,True,False,100.89038066788385
deceptive_local_degree,culdesac,88,J2_recoverability,fragile,resilient,40,3.2939353324673357,True,0.45199999999999996,0.7569756097560975,0.56,0.718,0.16000000000000003,0.04878048780487805,1.314780487804878,False,True,66.29560975609756
deceptive_local_degree,culdesac,88,J3_joint,fragile,resilient,40,3.2939353324673357,True,0.45199999999999996,0.7569756097560975,0.56,0.718,0.16000000000000003,0.04878048780487805,1.314780487804878,False,True,132.17431640544427
deceptive_local_degree,culdesac,89,J0_shortest,resilient,fragile,38,3.1276293391161207,True,0.38799999999999996,0.5799230769230769,0.56,0.7889999999999998,0.18400000000000005,0.3525641025641026,1.7535641025641024,False,True,38.0
deceptive_local_degree,culdesac,89,J1_risk,resilient,fragile,38,3.1276293391161207,True,0.38799999999999996,0.5799230769230769,0.56,0.7889999999999998,0.18400000000000005,0.3525641025641026,1.7535641025641024,False,True,100.55258678232241
deceptive_local_degree,culdesac,89,J2_recoverability,resilient,resilient,40,3.2676807243774615,True,0.45199999999999996,0.7569756097560975,0.56,0.718,0.16000000000000003,0.04878048780487805,1.314780487804878,True,False,66.29560975609756
deceptive_local_degree,culdesac,89,J3_joint,resilient,resilient,40,3.2676807243774615,True,0.45199999999999996,0.7569756097560975,0.56,0.718,0.16000000000000003,0.04878048780487805,1.314780487804878,True,False,131.6492242436468
deceptive_local_degree,culdesac,90,J0_shortest,none,fragile,38,3.120597713911718,True,0.38799999999999996,0.5759487179487179,0.56,0.6960000000000001,0.18400000000000005,0.358974358974359,1.6669743589743593,False,True,38.0
deceptive_local_degree,culdesac,90,J1_risk,none,fragile,38,3.120597713911718,True,0.38799999999999996,0.5759487179487179,0.56,0.6960000000000001,0.18400000000000005,0.358974358974359,1.6669743589743593,False,True,100.41195427823436
deceptive_local_degree,culdesac,90,J2_recoverability,none,resilient,40,3.279812121320116,True,0.45199999999999996,0.7569756097560975,0.56,0.718,0.16000000000000003,0.04878048780487805,1.314780487804878,False,True,66.29560975609756
deceptive_local_degree,culdesac,90,J3_joint,none,resilient,40,3.279812121320116,True,0.45199999999999996,0.7569756097560975,0.56,0.718,0.16000000000000003,0.04878048780487805,1.314780487804878,False,True,131.89185218249986
deceptive_local_degree,culdesac,91,J0_shortest,resilient,fragile,38,3.102176962926155,True,0.38799999999999996,0.579923076923077,0.56,0.7219999999999999,0.18400000000000005,0.3525641025641026,1.6865641025641027,False,True,38.0
deceptive_local_degree,culdesac,91,J1_risk,resilient,fragile,38,3.102176962926155,True,0.38799999999999996,0.579923076923077,0.56,0.7219999999999999,0.18400000000000005,0.3525641025641026,1.6865641025641027,False,True,100.0435392585231
deceptive_local_degree,culdesac,91,J2_recoverability,resilient,resilient,40,3.236356352096725,True,0.45199999999999996,0.7569756097560975,0.56,0.718,0.16000000000000003,0.04878048780487805,1.314780487804878,True,False,66.29560975609756
deceptive_local_degree,culdesac,91,J3_joint,resilient,resilient,40,3.236356352096725,True,0.45199999999999996,0.7569756097560975,0.56,0.718,0.16000000000000003,0.04878048780487805,1.314780487804878,True,False,131.02273679803204
deceptive_local_degree,culdesac,92,J0_shortest,fragile,fragile,38,3.1200856149869094,True,0.38799999999999996,0.579923076923077,0.56,0.7020000000000001,0.18400000000000005,0.3525641025641026,1.6665641025641027,True,False,38.0
deceptive_local_degree,culdesac,92,J1_risk,fragile,fragile,38,3.1200856149869094,True,0.38799999999999996,0.579923076923077,0.56,0.7020000000000001,0.18400000000000005,0.3525641025641026,1.6665641025641027,True,False,100.4017122997382
deceptive_local_degree,culdesac,92,J2_recoverability,fragile,resilient,40,3.296946953905112,True,0.45199999999999996,0.7569756097560975,0.56,0.718,0.16000000000000003,0.04878048780487805,1.314780487804878,False,True,66.29560975609756
deceptive_local_degree,culdesac,92,J3_joint,fragile,resilient,40,3.296946953905112,True,0.45199999999999996,0.7569756097560975,0.56,0.718,0.16000000000000003,0.04878048780487805,1.314780487804878,False,True,132.2345488341998
deceptive_local_degree,culdesac,93,J0_shortest,none,fragile,38,3.1226749325311083,True,0.38799999999999996,0.5799230769230769,0.56,0.767,0.18400000000000005,0.3525641025641026,1.7315641025641026,False,True,38.0
deceptive_local_degree,culdesac,93,J1_risk,none,fragile,38,3.1226749325311083,True,0.38799999999999996,0.5799230769230769,0.56,0.767,0.18400000000000005,0.3525641025641026,1.7315641025641026,False,True,100.45349865062217
deceptive_local_degree,culdesac,93,J2_recoverability,none,resilient,40,3.3292666673914764,True,0.45199999999999996,0.7569756097560975,0.56,0.718,0.16000000000000003,0.04878048780487805,1.314780487804878,False,True,66.29560975609756
deceptive_local_degree,culdesac,93,J3_joint,none,resilient,40,3.3292666673914764,True,0.45199999999999996,0.7569756097560975,0.56,0.718,0.16000000000000003,0.04878048780487805,1.314780487804878,False,True,132.8809431039271
deceptive_local_degree,culdesac,94,J0_shortest,fragile,fragile,38,3.1125866409011476,True,0.38799999999999996,0.5799230769230769,0.56,0.7239999999999999,0.18400000000000005,0.3525641025641026,1.6885641025641025,True,False,38.0
deceptive_local_degree,culdesac,94,J1_risk,fragile,fragile,38,3.1125866409011476,True,0.38799999999999996,0.5799230769230769,0.56,0.7239999999999999,0.18400000000000005,0.3525641025641026,1.6885641025641025,True,False,100.25173281802296
deceptive_local_degree,culdesac,94,J2_recoverability,fragile,resilient,40,3.303923349461414,True,0.45199999999999996,0.7569756097560975,0.56,0.718,0.16000000000000003,0.04878048780487805,1.314780487804878,False,True,66.29560975609756
deceptive_local_degree,culdesac,94,J3_joint,fragile,resilient,40,3.303923349461414,True,0.45199999999999996,0.7569756097560975,0.56,0.718,0.16000000000000003,0.04878048780487805,1.314780487804878,False,True,132.37407674532585
deceptive_local_degree,culdesac,95,J0_shortest,none,fragile,38,3.1171232537247717,True,0.38799999999999996,0.5799230769230769,0.56,0.7929999999999998,0.18400000000000005,0.3525641025641026,1.7575641025641024,False,True,38.0
deceptive_local_degree,culdesac,95,J1_risk,none,fragile,38,3.1171232537247717,True,0.38799999999999996,0.5799230769230769,0.56,0.7929999999999998,0.18400000000000005,0.3525641025641026,1.7575641025641024,False,True,100.34246507449544
deceptive_local_degree,culdesac,95,J2_recoverability,none,resilient,40,3.341209347455151,True,0.45199999999999996,0.7569756097560975,0.56,0.718,0.16000000000000003,0.04878048780487805,1.314780487804878,False,True,66.29560975609756
deceptive_local_degree,culdesac,95,J3_joint,none,resilient,40,3.341209347455151,True,0.45199999999999996,0.7569756097560975,0.56,0.718,0.16000000000000003,0.04878048780487805,1.314780487804878,False,True,133.1197967052006
deceptive_local_degree,culdesac,96,J0_shortest,resilient,fragile,38,3.13049235013043,True,0.38799999999999996,0.5759487179487178,0.56,0.7240000000000001,0.18400000000000005,0.358974358974359,1.6949743589743593,False,True,38.0
deceptive_local_degree,culdesac,96,J1_risk,resilient,fragile,38,3.13049235013043,True,0.38799999999999996,0.5759487179487178,0.56,0.7240000000000001,0.18400000000000005,0.358974358974359,1.6949743589743593,False,True,100.6098470026086
deceptive_local_degree,culdesac,96,J2_recoverability,resilient,resilient,40,3.269117668068799,True,0.45199999999999996,0.7569756097560975,0.56,0.718,0.16000000000000003,0.04878048780487805,1.314780487804878,True,False,66.29560975609756
deceptive_local_degree,culdesac,96,J3_joint,resilient,resilient,40,3.269117668068799,True,0.45199999999999996,0.7569756097560975,0.56,0.718,0.16000000000000003,0.04878048780487805,1.314780487804878,True,False,131.67796311747355
deceptive_local_degree,culdesac,97,J0_shortest,fragile,fragile,38,3.084456494941731,True,0.38799999999999996,0.579923076923077,0.56,0.7300000000000001,0.18400000000000005,0.3525641025641026,1.6945641025641027,True,False,38.0
deceptive_local_degree,culdesac,97,J1_risk,fragile,fragile,38,3.084456494941731,True,0.38799999999999996,0.579923076923077,0.56,0.7300000000000001,0.18400000000000005,0.3525641025641026,1.6945641025641027,True,False,99.68912989883462
deceptive_local_degree,culdesac,97,J2_recoverability,fragile,resilient,40,3.2298661765005527,True,0.45199999999999996,0.7569756097560975,0.56,0.718,0.16000000000000003,0.04878048780487805,1.314780487804878,False,True,66.29560975609756
deceptive_local_degree,culdesac,97,J3_joint,fragile,resilient,40,3.2298661765005527,True,0.45199999999999996,0.7569756097560975,0.56,0.718,0.16000000000000003,0.04878048780487805,1.314780487804878,False,True,130.89293328610862
deceptive_local_degree,culdesac,98,J0_shortest,fragile,fragile,38,3.1074186658437863,True,0.38799999999999996,0.579923076923077,0.56,0.799,0.18400000000000005,0.3525641025641026,1.7635641025641027,True,False,38.0
deceptive_local_degree,culdesac,98,J1_risk,fragile,fragile,38,3.1074186658437863,True,0.38799999999999996,0.579923076923077,0.56,0.799,0.18400000000000005,0.3525641025641026,1.7635641025641027,True,False,100.14837331687573
deceptive_local_degree,culdesac,98,J2_recoverability,fragile,resilient,40,3.2879570670440152,True,0.45199999999999996,0.7569756097560975,0.56,0.718,0.16000000000000003,0.04878048780487805,1.314780487804878,False,True,66.29560975609756
deceptive_local_degree,culdesac,98,J3_joint,fragile,resilient,40,3.2879570670440152,True,0.45199999999999996,0.7569756097560975,0.56,0.718,0.16000000000000003,0.04878048780487805,1.314780487804878,False,True,132.05475109697787
deceptive_local_degree,culdesac,99,J0_shortest,resilient,fragile,38,3.1292304643139706,True,0.38799999999999996,0.5799230769230769,0.56,0.767,0.18400000000000005,0.3525641025641026,1.7315641025641026,False,True,38.0
deceptive_local_degree,culdesac,99,J1_risk,resilient,fragile,38,3.1292304643139706,True,0.38799999999999996,0.5799230769230769,0.56,0.767,0.18400000000000005,0.3525641025641026,1.7315641025641026,False,True,100.5846092862794
deceptive_local_degree,culdesac,99,J2_recoverability,resilient,resilient,40,3.2898836617385734,True,0.45199999999999996,0.7569756097560975,0.56,0.718,0.16000000000000003,0.04878048780487805,1.314780487804878,True,False,66.29560975609756
deceptive_local_degree,culdesac,99,J3_joint,resilient,resilient,40,3.2898836617385734,True,0.45199999999999996,0.7569756097560975,0.56,0.718,0.16000000000000003,0.04878048780487805,1.314780487804878,True,False,132.09328299086903
