path,filename,extension,directory_depth,file_size,line_count,git_tracking_status,last_modification_commit,current_purpose,target_audience,linked_from_another_document,inbound_links,outbound_links,images_referenced,code_paths_referenced,commands_referenced,duplication_group,apparent_maturity,accuracy_status,action_required,final_action_taken,sha256
.github/ISSUE_TEMPLATE/benchmark_result.md,benchmark_result.md,.md,2,918,60,tracked-clean,7577cfde5ab26782d69339047b4d56577859b6ac,Contribution guidance,Contributors and maintainers,False,[],[],[],[],[],,Unclassified,Needs implementation review,Keep with minor update,Pending review,ec8dd0be4c7d480c503e8b02d2168fbe17bd99ed30d8a9d56c9bfc4e0e1d7286
.github/ISSUE_TEMPLATE/research_module_upgrade.md,research_module_upgrade.md,.md,2,995,50,tracked-clean,c823573e5830a17900299e32af33993265d10f2b,Contribution guidance,Contributors and maintainers,False,[],[],[],[],[],,Unclassified,Needs implementation review,Keep with minor update,Pending review,ce0d58777c793c106c76db7a5645492f70f718c2e80ec9f616d31caf1c3aa7b6
app/README.md,README.md,.md,1,5421,180,tracked-clean,d5e33613fff7abf8cb37b4dc74a2432c8303675c,Contribution guidance,Robotics developers and researchers,True,"[""README.md""]",[],[],[],"[""python -m pip install -e \"".[dashboard,dev]\"""", ""streamlit run app/dashboard.py"", ""streamlit run app/dashboard.py --server.headless true --server.address 0.0.0.0 --server.port 8501"", ""docker build -t dynnav-streamlit ."", ""docker run --rm -p 8501:8501 dynnav-streamlit"", ""mkdir -p results"", ""docker run --rm -p 8501:8501 -v \""$(pwd)/results:/workspace/results\"" dynnav-streamlit"", ""python scripts/validate_streamlit_app.py"", ""pytest tests/test_streamlit_lab_smoke.py"", ""pytest"", ""python -m pip install -e \"".[dashboard]\"""", ""python scripts/validate_streamlit_app.py"", ""docker logs <container-name-or-id>""]",,Unclassified,Needs implementation review,Keep with minor update,Pending review,1726e85d53c0634571bdc4ac805489a3e3a16eefc7fec6b5bed874a9f097d872
assets/contributions/README.md,README.md,.md,2,1088,14,tracked-clean,1649eb73ada348a7178c4378fb08db022304c800,Contribution guidance,Researchers and reviewers,False,[],"[""../styleguide/README.md""]",[],[],[],,Unclassified,Needs implementation review,Keep with minor update,Pending review,80b13dcce2f312e5f8e5ca77ecdf4318407fcaa4613db242f84a7b39edc367da
assets/README.md,README.md,.md,1,1201,29,tracked-clean,cf6f43f98eb059a31bb6e0f25b33dba215cb0211,Experiment documentation,Researchers and reviewers,True,"[""results/README.md"", ""scripts/README.md"", ""website/README.md""]","[""../README.md"", ""../results/README.md"", ""../scripts/README.md""]",[],[],"[""python scripts/generate_research_assets.py"", ""python scripts/make_demo_gif.py""]",,Experimental,Needs implementation review,Keep with minor update,Pending review,0c176b94a9ee99ccc7e5d2509ccd77138614d486da00a68dc6fb8f8093dab1f8
assets/styleguide/README.md,README.md,.md,2,950,26,tracked-clean,063d3b79100cf6591d69caf1eb517708c2a24ba8,Contribution guidance,Researchers and reviewers,True,"[""assets/contributions/README.md""]","[""../contributions/""]",[],[],[],,Experimental,Needs implementation review,Keep with minor update,Pending review,400bcda4c69478bdbcc3156f188c4ab9fe08cc0f591d49114d2bd93ee44698f6
AUDIT.md,AUDIT.md,.md,0,3996,66,tracked-clean,896df7edf3f07bec98b738092b24dd4ab4591a07,Audit report,Robotics developers and researchers,False,[],[],[],[],"[""pytest"", ""python scripts/run_all.py --config configs/default.yaml --smoke --out-dir results/ci_smoke"", ""python scripts/run_benchmarks.py --config configs/default.yaml --smoke --out-dir results/ci_benchmarks"", ""find . -type f -iname 'README*' | sort"", ""docker build -t dynnav ."", ""docker run --rm dynnav""]",,Planned,Needs implementation review,Keep with minor update,Pending review,08980bd3dde3789b676c2e40831a78aa0aefd177030051c9f846729988a83768
benchmarks/dynamic_self_aware_astar/RANDOMIZED_DYNAMIC_README.md,RANDOMIZED_DYNAMIC_README.md,.md,2,1567,59,tracked-clean,e8b92a781eb8b53446a9e50eab6601e2b47f0d70,Directory or subsystem overview,Robotics developers and researchers,False,[],[],[],[],"[""python benchmarks/dynamic_self_aware_astar/randomized_dynamic_benchmark.py --seeds 50""]",,Unclassified,Needs implementation review,Keep with minor update,Pending review,9ce048a338f010a5bd59f2f98892ec2e13fa448301842177f7e51dded6d9f9a7
benchmarks/dynamic_self_aware_astar/README.md,README.md,.md,2,1319,56,tracked-clean,423de4ba1e8f61665d4b7e68fd1fedcb76f1e99e,Reproducibility report,Robotics developers and researchers,False,[],[],[],[],"[""python benchmarks/dynamic_self_aware_astar/run_dynamic_demo.py""]",,Implemented,Needs implementation review,Keep with minor update,Pending review,3babe754e6104ee06f191b269242c99e519e05109517a3e0c60ded827eb7dac6
benchmarks/fragile_commitment/README.md,README.md,.md,2,3761,150,tracked-clean,c1277faf3ca26419e65ff6b18b34762c83509afb,Experiment documentation,Researchers and reviewers,False,[],[],[],[],"[""python benchmarks/fragile_commitment/validate_counterexample.py --seeds 100"", ""python benchmarks/fragile_commitment/benchmark.py --seeds 100 --output results.csv"", ""python benchmarks/fragile_commitment/statistical_analysis.py results.csv --summary-csv summary.csv --markdown summary.md"", ""python benchmarks/fragile_commitment/random_benchmark.py --seeds 100 --output random_topology_results.csv"", ""python benchmarks/fragile_commitment/random_benchmark.py --families bottleneck culdesac --seeds 250 --output focused_results.csv"", ""python benchmarks/fragile_commitment/paired_tests.py random_topology_results.csv --baseline risk_only --candidate recoverability_aware --output-csv paired_tests.csv --markdown paired_tests.md"", ""python benchmarks/fragile_commitment/paper_figures.py random_topology_results.csv --output-dir paper/figures/fragile_commitment --format pdf""]",,Experimental,Needs implementation review,Keep with minor update,Pending review,7c329c12c6bf8266cc205a7de1b21999a8886350206a4c5944b6a42d0545c0ea
benchmarks/README.md,README.md,.md,1,1282,36,tracked-clean,fca83181052c97b67de5355a6ad5ee9516f5f9da,Experiment documentation,Researchers and reviewers,False,[],[],[],[],"[""python tools/generate_benchmark_summary.py --results 'results/**/*.csv' --output docs/BENCHMARK_RESULTS_SUMMARY.md""]",,Unclassified,Needs implementation review,Keep with minor update,Pending review,6c036b2d976695fa86671b248c99d0c8c09f929676ec6207d242f19fe3e51c2d
benchmarks/self_aware_astar/PLOTTING_README.md,PLOTTING_README.md,.md,2,1529,56,tracked-clean,a1dfb482488ec4cd5a53b548a028513782449a97,Directory or subsystem overview,Researchers and reviewers,False,[],[],[],[],"[""python benchmarks/self_aware_astar/randomized_ablation_benchmark.py --seeds 50"", ""python benchmarks/self_aware_astar/statistical_analysis.py --bootstrap 1000"", ""python benchmarks/self_aware_astar/plot_randomized_results.py"", ""pip install matplotlib""]",,Unclassified,Needs implementation review,Keep with minor update,Pending review,464885c464e31d755cef309b6f3f0875718abd15b88544999bf16c57545ce28f
benchmarks/self_aware_astar/RANDOMIZED_ABLATION_README.md,RANDOMIZED_ABLATION_README.md,.md,2,1727,61,tracked-clean,167be1b6f2ea3b842fc1ee2d1c3e82faaf255287,Directory or subsystem overview,Researchers and reviewers,False,[],[],[],[],"[""python benchmarks/self_aware_astar/randomized_ablation_benchmark.py --seeds 50""]",,Unclassified,Needs implementation review,Keep with minor update,Pending review,843a5f2bf2f5f7df3db8c570f6e0f6ef379ed8e309fd78ed714bd21bd31a896c
benchmarks/self_aware_astar/README.md,README.md,.md,2,1251,50,tracked-clean,5e3421981f2ea18df3cafc1c5f779a415da07092,Reproducibility report,Robotics developers and researchers,False,[],[],[],[],"[""python benchmarks/self_aware_astar/compare_astar.py""]",,Unclassified,Needs implementation review,Keep with minor update,Pending review,bdb40c068c2ea3d5498ad554d536617cdd7f6a9a9283e18a85b9720338588f3d
benchmarks/self_aware_astar/STATISTICAL_EVALUATION_README.md,STATISTICAL_EVALUATION_README.md,.md,2,1917,70,tracked-clean,4a2f89abc23990c6c64235b7cb1c58a8b7e42c4e,Directory or subsystem overview,Researchers and reviewers,False,[],[],[],[],"[""python benchmarks/self_aware_astar/randomized_ablation_benchmark.py --seeds 50"", ""python benchmarks/self_aware_astar/statistical_analysis.py --input results/self_aware_astar_randomized_ablation.csv --report results/self_aware_astar_statistical_report.md --bootstrap 1000""]",,Unclassified,Needs implementation review,Keep with minor update,Pending review,547acf9430ffd05217c2dd4bb1046024cc85c882706de970c54cc8aa4c6a90c6
benchmarks/self_aware_navigation/README.md,README.md,.md,2,1846,74,tracked-clean,d6dbeeed0c370d56d20ab1647b3b303aa2312041,Directory or subsystem overview,Researchers and reviewers,False,[],[],[],[],"[""python benchmarks/self_aware_navigation/run_self_aware_demo.py""]",,Implemented,Needs implementation review,Keep with minor update,Pending review,9b13c4c80ecd81947d98c48927d030d45c9af7951ef260811349dd2c6d9554cc
BLOCKERS.md,BLOCKERS.md,.md,0,1355,32,tracked-clean,887599669a666f3c35f6ebecee65faf676891c52,Audit report,Robotics developers and researchers,False,[],[],[],[],[],,Unclassified,Needs implementation review,Keep with minor update,Pending review,7dfe43ffa1c82877216c5db5f54a9f946f3dbae346522f443f7eb713232b3c52
CODE_OF_CONDUCT.md,CODE_OF_CONDUCT.md,.md,0,664,18,tracked-clean,32eef26a72902dfb9dd418750a7be1eaa785baa7,Contribution guidance,Researchers and reviewers,False,[],[],[],[],[],,Planned,Needs implementation review,Keep with minor update,Pending review,ee18594be149620de6f00c23bdca75d7582232df9927231f06a1bd76d4ce0055
configs/README.md,README.md,.md,1,1552,35,tracked-clean,da9bc0c1595214a8783141b65206d7c169296047,Directory or subsystem overview,Robotics developers and researchers,True,"[""docs/README.md"", ""scripts/README.md""]","[""../README.md"", ""../docs/EVALUATION_PROTOCOL.md"", ""../docs/REPRODUCIBILITY.md"", ""benchmark.yaml"", ""default.yaml"", ""research_suite.yaml""]",[],"[""benchmark.yaml"", ""default.yaml"", ""research_suite.yaml""]","[""python scripts/run_all.py --config configs/default.yaml --smoke --out-dir results/smoke"", ""python scripts/run_benchmarks.py --config configs/default.yaml --smoke --out-dir results/benchmarks"", ""dynnav-benchmark --config configs/benchmark.yaml --out-csv results/benchmarks/dynnav_benchmark.csv --summary results/benchmarks/summary.md""]",,Implemented,Needs implementation review,Keep with minor update,Pending review,ae7de95c8d28c6d173da628b9b4fbfe27bd17b9598291471f6062b1cf4252dbd
CONTRIBUTING.md,CONTRIBUTING.md,.md,0,842,36,tracked-clean,383ff0eb186d80c6846b19cb88532535abc0ff80,Contribution guidance,Contributors and maintainers,False,[],[],[],[],"[""python -m venv .venv"", ""source .venv/bin/activate"", ""pip install -e .[dev]"", ""pytest""]",,Implemented,Needs implementation review,Keep with minor update,Pending review,578ad53b1d556bf670b0f869585607db40e2e7a7080437fed495adf69b729026
contributions/01_learned_astar/docs/SCIENTIFIC_UPGRADE.md,SCIENTIFIC_UPGRADE.md,.md,3,2932,87,tracked-clean,9fbbb368926743d73c0ffd0fb570bb3afe30e915,Contribution guidance,Researchers and reviewers,False,[],[],[],[],"[""python contributions/01_learned_astar/experiments/admissibility_audit.py""]",,Unclassified,Needs implementation review,Keep with minor update,Pending review,b22afc28500319731768c960ff8bb303fd2bfe61e3b018cee7ac6f1ec456b3f9
contributions/01_learned_astar/README.md,README.md,.md,2,10419,247,tracked-clean,9e59d005e4a7459ff8d5d49101af3a67fe2ac1fc,Contribution guidance,Researchers and reviewers,True,"[""docs/CONTRIBUTION_INDEX.md""]","[""assets/learned_astar_pipeline.svg"", ""https://img.shields.io/badge/DynNav-Contribution%2001-6f42c1"", ""https://img.shields.io/badge/Status-Research%20Prototype-2ea44f"", ""https://img.shields.io/badge/Topic-Learning--Augmented%20Planning-0366d6""]","[""assets/learned_astar_pipeline.svg""]",[],"[""python contributions/01_learned_astar/experiments/eval_astar_learned.py --trials 100 --out contributions/01_learned_astar/results/astar_eval_results.csv"", ""python contributions/01_learned_astar/experiments/statistical_validation.py --grid-size 40 --trials-per-density 100 --min-distance 20"", ""python contributions/01_learned_astar/experiments/admissibility_audit.py""]",,Experimental,Needs implementation review,Keep with minor update,Pending review,8bee4e75f511bf73be925b2154d9580fb83bc4bae684aba1224f7b9777853a60
contributions/01_learned_astar/README_GR.md,README_GR.md,.md,2,13136,224,tracked-clean,ab2ba882034da56f61254fb66b5af6c9712c46e2,Contribution guidance,"Users, contributors, and researchers",False,[],"[""assets/learned_astar_pipeline.svg"", ""https://img.shields.io/badge/DynNav-Contribution%2001-6f42c1"", ""https://img.shields.io/badge/Status-Research%20Prototype-2ea44f"", ""https://img.shields.io/badge/Topic-Learning--Augmented%20Planning-0366d6""]","[""assets/learned_astar_pipeline.svg""]",[],"[""python contributions/01_learned_astar/experiments/eval_astar_learned.py --trials 100 --out contributions/01_learned_astar/results/astar_eval_results.csv"", ""python contributions/01_learned_astar/experiments/statistical_validation.py --grid-size 40 --trials-per-density 100 --min-distance 20"", ""python contributions/01_learned_astar/experiments/admissibility_audit.py""]",,Unclassified,Needs implementation review,Keep with minor update,Pending review,121d29ea9070623b6d713bab6af82ec9bb23e51bcc92d0d08ea7bfe209394729
contributions/02_uncertainty_calibration/CLAIMS_EVIDENCE.md,CLAIMS_EVIDENCE.md,.md,2,1342,40,tracked-clean,2b8aac4502c88e4ad021b303615747afd4bda533,Contribution guidance,Researchers and reviewers,False,[],[],[],[],[],,Unclassified,Needs implementation review,Keep with minor update,Pending review,e7b37325708a093fc22284180bc35d11b8adb5885d8129bd4c2a01d81c7cce31
contributions/02_uncertainty_calibration/docs/SCIENTIFIC_UPGRADE.md,SCIENTIFIC_UPGRADE.md,.md,3,3944,116,tracked-clean,48cd49c3c15fa69e407e53ffb6e851ca0de0ee44,Contribution guidance,Researchers and reviewers,False,[],[],[],[],"[""python contributions/02_uncertainty_calibration/experiments/eval_uncertainty_calibration.py""]",,Unclassified,Needs implementation review,Keep with minor update,Pending review,cf3f7f9c4f3c15f1dbe6ac3e4a2ed822a41007dc224dbf95d9f07c4443d76dfe
contributions/02_uncertainty_calibration/README.md,README.md,.md,2,8639,320,tracked-clean,61600693cfdad307557d42dab5faa909da246c32,Contribution guidance,Researchers and reviewers,True,"[""docs/CONTRIBUTION_INDEX.md""]","[""assets/uncertainty_calibration_pipeline.svg"", ""https://img.shields.io/badge/Module-02-purple"", ""https://img.shields.io/badge/Status-Core%20Upgraded-brightgreen"", ""https://img.shields.io/badge/Type-Probabilistic%20Sensing-blue""]","[""assets/uncertainty_calibration_pipeline.svg""]",[],"[""python contributions/02_uncertainty_calibration/experiments/eval_uncertainty_calibration.py"", ""python contributions/02_uncertainty_calibration/experiments/eval_uncertainty_calibration.py --input path/to/uncertainty_predictions.csv""]",,Experimental,Needs implementation review,Keep with minor update,Pending review,c12e8bc9c948e7cbfec5878aa0be987a72a3f8197322d1a6526371a6d773b942
contributions/02_uncertainty_calibration/readmegr.md,readmegr.md,.md,2,2840,73,tracked-clean,444ee98488080e7948d4a9e5e40e9e510c0d3d2a,Contribution guidance,Researchers and reviewers,False,[],[],[],[],[],,Unclassified,Needs implementation review,Keep with minor update,Pending review,d7b23c1dc3c948f2948679217d4b4698c50303252df241611827271afb7d8c3e
contributions/02_uncertainty_calibration/results/uncertainty_calibration_summary.md,uncertainty_calibration_summary.md,.md,3,534,19,tracked-clean,8d2aad5f6edfbf0a5f3350ef980e3912654f0dfb,Technical documentation,"Users, contributors, and researchers",False,[],[],[],[],[],,Unclassified,Needs implementation review,Keep with minor update,Pending review,f9563123984cefade482f8085973249c6ef98d986fa1be461a6ac2e1cf90212d
contributions/03_belief_risk_planning/CLAIMS_EVIDENCE.md,CLAIMS_EVIDENCE.md,.md,2,617,23,tracked-clean,197dc68097ae5a0c6bc603a84fd9612d188439ca,Technical documentation,Researchers and reviewers,False,[],[],[],[],[],,Unclassified,Needs implementation review,Keep with minor update,Pending review,6ac34f77abad5084dcd0e55320cf2d336b94c96a33996c8907cff46110941161
contributions/03_belief_risk_planning/docs/SCIENTIFIC_UPGRADE.md,SCIENTIFIC_UPGRADE.md,.md,3,3528,129,tracked-clean,17e49a40875ca22e13d9f8249d4db3000101f0c6,Contribution guidance,Researchers and reviewers,False,[],[],[],[],"[""python contributions/03_belief_risk_planning/experiments/eval_risk_tradeoff.py""]",,Unclassified,Needs implementation review,Keep with minor update,Pending review,86cf301dc843874d07199d6681f54f307fb8ea981c9f5b74edfa39ea954a8a39
contributions/03_belief_risk_planning/README.md,README.md,.md,2,6858,186,tracked-clean,9953bebdef628bf4e22900136b8dab5df9fb9743,Contribution guidance,Researchers and reviewers,True,"[""docs/CONTRIBUTION_INDEX.md""]","[""assets/belief_risk_planning_pipeline.svg"", ""https://img.shields.io/badge/DynNav-Contribution%2003-6f42c1"", ""https://img.shields.io/badge/Status-Research%20Prototype-2ea44f"", ""https://img.shields.io/badge/Topic-Risk--Aware%20Planning-0366d6""]","[""assets/belief_risk_planning_pipeline.svg""]",[],"[""python contributions/03_belief_risk_planning/experiments/lambda_sweep_risk_length_demo.py"", ""python contributions/03_belief_risk_planning/experiments/eval_risk_tradeoff.py""]",,Experimental,Needs implementation review,Keep with minor update,Pending review,87de1b632d24e0079b702b3b2c85fa0c5d2280e97c9c713eb77c20a475b1c8f0
contributions/03_belief_risk_planning/README_GR.md,README_GR.md,.md,2,10528,184,tracked-clean,fe70b4b63f75a107f7ff8287995c606821772de4,Contribution guidance,"Users, contributors, and researchers",False,[],"[""assets/belief_risk_planning_pipeline.svg"", ""https://img.shields.io/badge/DynNav-Contribution%2003-6f42c1"", ""https://img.shields.io/badge/Status-Research%20Prototype-2ea44f"", ""https://img.shields.io/badge/Topic-Risk--Aware%20Planning-0366d6""]","[""assets/belief_risk_planning_pipeline.svg""]",[],"[""python contributions/03_belief_risk_planning/experiments/lambda_sweep_risk_length_demo.py"", ""python contributions/03_belief_risk_planning/experiments/eval_risk_tradeoff.py""]",,Unclassified,Needs implementation review,Keep with minor update,Pending review,98864514464c60dcb01a8a2fb14a0e4b6e389c8fc68f038f2b32b160c08a8199
contributions/03_belief_risk_planning/readmegr.md,readmegr.md,.md,2,2021,40,tracked-clean,c7f7368b5ad283b2795fb35ccdb745b5eb3463e4,Contribution guidance,"Users, contributors, and researchers",False,[],[],[],[],[],,Unclassified,Needs implementation review,Keep with minor update,Pending review,20fb429ad0d004f551bb5a428a682a694ef96573d2343586442c0c6b0ba43d15
contributions/03_belief_risk_planning/results/c03_belief_risk_summary.md,c03_belief_risk_summary.md,.md,3,544,14,tracked-clean,197dc68097ae5a0c6bc603a84fd9612d188439ca,Technical documentation,Researchers and reviewers,False,[],[],[],[],[],,Unclassified,Needs implementation review,Keep with minor update,Pending review,12dbe3817af642a7870952344e0f10c3348914cfd6850c3dc6c39172c4193b2d
contributions/04_irreversibility_returnability/CLAIMS_EVIDENCE.md,CLAIMS_EVIDENCE.md,.md,2,1076,32,tracked-clean,b05261fcd885d44d28f633ebbde4fee5e175d2c1,Contribution guidance,Researchers and reviewers,False,[],[],[],[],[],,Unclassified,Needs implementation review,Keep with minor update,Pending review,4db332c8ab00041220373e1dc4c194244fb970a710ed7da9957303fd24cfe4d5
contributions/04_irreversibility_returnability/docs/SCIENTIFIC_UPGRADE.md,SCIENTIFIC_UPGRADE.md,.md,3,3940,118,tracked-clean,4aa75914cc5b812a9b4f609cd46fd22b3dda64d2,Contribution guidance,Researchers and reviewers,False,[],[],[],[],"[""python contributions/04_irreversibility_returnability/experiments/eval_recoverability_metrics.py""]",,Unclassified,Needs implementation review,Keep with minor update,Pending review,12b088c34f611f4eae60b121b4f0542324824ddb123884e58235402ffa9316ef
contributions/04_irreversibility_returnability/README.md,README.md,.md,2,7511,208,tracked-clean,efa3e946e4b1122f527c18fd14e7994ec1cee4a5,Contribution guidance,Researchers and reviewers,True,"[""docs/CONTRIBUTION_INDEX.md""]","[""assets/recoverability_pipeline.svg"", ""https://img.shields.io/badge/DynNav-Contribution%2004-6f42c1"", ""https://img.shields.io/badge/Status-Research%20Prototype-2ea44f"", ""https://img.shields.io/badge/Topic-Recoverability--Aware%20Planning-0366d6""]","[""assets/recoverability_pipeline.svg""]",[],"[""python contributions/04_irreversibility_returnability/experiments/eval_recoverability_metrics.py""]",,Experimental,Needs implementation review,Keep with minor update,Pending review,17348297257375d9a073f209538dec9c21c2c66593805aa8618bb2c4442097c2
contributions/04_irreversibility_returnability/README_GR.md,README_GR.md,.md,2,12220,206,tracked-clean,52e07805da6dc067a5ca05af5230732385324f44,Contribution guidance,"Users, contributors, and researchers",False,[],"[""assets/recoverability_pipeline.svg"", ""https://img.shields.io/badge/DynNav-Contribution%2004-6f42c1"", ""https://img.shields.io/badge/Status-Research%20Prototype-2ea44f"", ""https://img.shields.io/badge/Topic-Recoverability--Aware%20Planning-0366d6""]","[""assets/recoverability_pipeline.svg""]",[],"[""python contributions/04_irreversibility_returnability/experiments/eval_recoverability_metrics.py""]",,Unclassified,Needs implementation review,Keep with minor update,Pending review,3674d852818860ee4b927993ec6fee2e63c2ef2aaebc9e66fe27453b0556ef76
contributions/04_irreversibility_returnability/readmegr.md,readmegr.md,.md,2,7604,166,tracked-clean,ca6af0c3757cfdbd6ab80dcab294e0e5e6703a76,Contribution guidance,"Users, contributors, and researchers",False,[],[],[],[],[],,Unclassified,Needs implementation review,Keep with minor update,Pending review,d2ec545a1ae5b77f36694d133acfe1117c561a53789b25db430637ea84228ef8
contributions/04_irreversibility_returnability/results/c04_returnability_summary.md,c04_returnability_summary.md,.md,3,773,17,tracked-clean,b05261fcd885d44d28f633ebbde4fee5e175d2c1,Technical documentation,"Users, contributors, and researchers",False,[],[],[],[],[],,Unclassified,Needs implementation review,Keep with minor update,Pending review,d94333a830f171b4b98907f9a0a9e224fa957a41938497a35499de9d4c665061
contributions/05_safe_mode_navigation/CLAIMS_EVIDENCE.md,CLAIMS_EVIDENCE.md,.md,2,929,42,tracked-clean,e200801b38b8df46f931253d45f090cb45962622,Contribution guidance,Researchers and reviewers,False,[],[],[],[],[],,Unclassified,Needs implementation review,Keep with minor update,Pending review,3268b66d9ca776395e6279a345a6771a106bc034712cace524a00a63533c7f54
contributions/05_safe_mode_navigation/docs/SCIENTIFIC_UPGRADE.md,SCIENTIFIC_UPGRADE.md,.md,3,3978,141,tracked-clean,fc4be6c370e76d1417ec80798ef0ebeef05d2750,Contribution guidance,Researchers and reviewers,False,[],[],[],[],"[""python contributions/05_safe_mode_navigation/experiments/eval_safe_mode_thresholds.py""]",,Unclassified,Needs implementation review,Keep with minor update,Pending review,717c8110c1c49befbd4bff4564c4215e3f2d55e7e4afff4cb3265f0ba54eebd7
contributions/05_safe_mode_navigation/README.md,README.md,.md,2,7803,227,tracked-clean,984f89968f2b2f67b6fedde5e965baba3b91a423,Contribution guidance,Researchers and reviewers,True,"[""contributions/05_safe_mode_navigation/README_GR.md"", ""docs/CONTRIBUTION_INDEX.md""]","[""README_GR.md"", ""assets/safe_mode_navigation_pipeline.svg"", ""https://img.shields.io/badge/DynNav-Contribution%2005-6f42c1"", ""https://img.shields.io/badge/Status-Research%20Prototype-2ea44f"", ""https://img.shields.io/badge/Topic-Runtime%20Safety%20Supervision-0366d6""]","[""assets/safe_mode_navigation_pipeline.svg""]",[],"[""python contributions/05_safe_mode_navigation/experiments/eval_safe_mode_thresholds.py""]",,Experimental,Needs implementation review,Keep with minor update,Pending review,b4740889737c15ba01909a350ea522f3bdc599ea73aba197082a00edfa4844d3
contributions/05_safe_mode_navigation/README_GR.md,README_GR.md,.md,2,13485,227,tracked-clean,711db087511d593350390f9bba1c9d6be7d94acf,Contribution guidance,"Users, contributors, and researchers",True,"[""contributions/05_safe_mode_navigation/README.md""]","[""README.md"", ""assets/safe_mode_navigation_pipeline.svg"", ""https://img.shields.io/badge/DynNav-Contribution%2005-6f42c1"", ""https://img.shields.io/badge/Status-Research%20Prototype-2ea44f"", ""https://img.shields.io/badge/Topic-Runtime%20Safety%20Supervision-0366d6""]","[""assets/safe_mode_navigation_pipeline.svg""]",[],"[""python contributions/05_safe_mode_navigation/experiments/eval_safe_mode_thresholds.py""]",,Unclassified,Needs implementation review,Keep with minor update,Pending review,6d4487cfedd719aa38f31fa164a745bd64c912b753376c6f1e5e22128ffe005c
contributions/05_safe_mode_navigation/results/c05_safe_mode_summary.md,c05_safe_mode_summary.md,.md,3,429,14,tracked-clean,4f5c94aff7c6b81a538694dfe18e639471eac27c,Technical documentation,"Users, contributors, and researchers",False,[],[],[],[],[],,Unclassified,Needs implementation review,Keep with minor update,Pending review,071f7b866f4ad50506a33c161a56affab2d04650dbb1655dc7e1d7561f4c4371
contributions/06_energy_connectivity/docs/SCIENTIFIC_UPGRADE.md,SCIENTIFIC_UPGRADE.md,.md,3,3527,106,tracked-clean,e273fd5733216a3920eac9bec624c1d030469622,Contribution guidance,Researchers and reviewers,False,[],[],[],[],"[""python contributions/06_energy_connectivity/experiments/eval_resource_feasibility.py""]",,Unclassified,Needs implementation review,Keep with minor update,Pending review,a7e0b9cc07cb8b13c77925772bc263a54765868b908f27dd0e18f1f8daaa1b7a
contributions/06_energy_connectivity/README.md,README.md,.md,2,7000,193,tracked-clean,6ce10e08962c71aea5aa4d3fdd556f79bbd60889,Contribution guidance,Researchers and reviewers,True,"[""contributions/06_energy_connectivity/README_GR.md"", ""docs/CONTRIBUTION_INDEX.md""]","[""README_GR.md"", ""assets/energy_connectivity_pipeline.svg"", ""https://img.shields.io/badge/DynNav-Contribution%2006-6f42c1"", ""https://img.shields.io/badge/Status-Research%20Prototype-2ea44f"", ""https://img.shields.io/badge/Topic-Resource--Aware%20Planning-0366d6""]","[""assets/energy_connectivity_pipeline.svg""]",[],"[""python contributions/06_energy_connectivity/experiments/eval_energy_connectivity.py"", ""python contributions/06_energy_connectivity/experiments/eval_resource_feasibility.py""]",,Experimental,Needs implementation review,Keep with minor update,Pending review,3a8298106de58759165d1d4e606246f1d2901a0a622c5bc40ecafbeca565557d
contributions/06_energy_connectivity/README_GR.md,README_GR.md,.md,2,10480,179,tracked-clean,5779057823f7fa4847505b54e241dc39cdfc16e8,Contribution guidance,"Users, contributors, and researchers",True,"[""contributions/06_energy_connectivity/README.md""]","[""README.md"", ""assets/energy_connectivity_pipeline.svg"", ""https://img.shields.io/badge/DynNav-Contribution%2006-6f42c1"", ""https://img.shields.io/badge/Status-Research%20Prototype-2ea44f"", ""https://img.shields.io/badge/Topic-Resource--Aware%20Planning-0366d6""]","[""assets/energy_connectivity_pipeline.svg""]",[],"[""python contributions/06_energy_connectivity/experiments/eval_energy_connectivity.py"", ""python contributions/06_energy_connectivity/experiments/eval_resource_feasibility.py""]",,Unclassified,Needs implementation review,Keep with minor update,Pending review,03436f27db79460cc0073578c0f7aed26aba6e55e38c619ba16069e209a162db
contributions/06_energy_connectivity/results/c06_energy_connectivity_summary.md,c06_energy_connectivity_summary.md,.md,3,514,13,tracked-clean,e5fa857ddb805acc855fe39200d736f6f8639ec6,Technical documentation,"Users, contributors, and researchers",False,[],[],[],[],[],,Unclassified,Needs implementation review,Keep with minor update,Pending review,e26663fda66a473a1cdaf73ee71a6e3f48f9cbb98b3faccf721ad4770874e242
contributions/07_nbv_exploration/results/c07_nbv_summary.md,c07_nbv_summary.md,.md,3,499,9,tracked-clean,f91a21b8d77e9b5b815100921ef4e52a91e97b4a,Technical documentation,"Users, contributors, and researchers",False,[],[],[],[],[],,Unclassified,Needs implementation review,Keep with minor update,Pending review,51cddb021b1686649e9c1ba71d99c60acdbc1b57afaf656c98108d45cc6c0dcd
contributions/07_next_best_view/docs/SCIENTIFIC_UPGRADE.md,SCIENTIFIC_UPGRADE.md,.md,3,2826,95,tracked-clean,b65f42e8a0a8a43c67a55c4f1f8c17963e275f36,Contribution guidance,Researchers and reviewers,False,[],[],[],[],"[""python contributions/07_next_best_view/experiments/eval_returnability_aware_nbv.py""]",,Unclassified,Needs implementation review,Keep with minor update,Pending review,76e8827c26ddc75992c3ad452a649d0aa8ed528e367979f74c92271a94670ec1
contributions/07_next_best_view/README.md,README.md,.md,2,6521,193,tracked-clean,3882e523c1342d9dcddc9ccea1e4a2683d8b671e,Contribution guidance,Researchers and reviewers,True,"[""contributions/07_next_best_view/README_GR.md"", ""docs/CONTRIBUTION_INDEX.md""]","[""README_GR.md"", ""assets/next_best_view_pipeline.svg"", ""https://img.shields.io/badge/DynNav-Contribution%2007-6f42c1"", ""https://img.shields.io/badge/Status-Research%20Prototype-2ea44f"", ""https://img.shields.io/badge/Topic-Active%20Exploration-0366d6""]","[""assets/next_best_view_pipeline.svg""]",[],"[""python contributions/07_next_best_view/experiments/eval_returnability_aware_nbv.py""]",,Experimental,Needs implementation review,Keep with minor update,Pending review,c1c3e5b608845dde621b180f4604fd487dc6fdd33d6febd5ea8c57d06bd7c17d
contributions/07_next_best_view/README_GR.md,README_GR.md,.md,2,9728,193,tracked-clean,4c6faac1ed3815067eeb07eb43a535e17df8e330,Contribution guidance,"Users, contributors, and researchers",True,"[""contributions/07_next_best_view/README.md""]","[""README.md"", ""assets/next_best_view_pipeline.svg"", ""https://img.shields.io/badge/DynNav-Contribution%2007-6f42c1"", ""https://img.shields.io/badge/Status-Research%20Prototype-2ea44f"", ""https://img.shields.io/badge/Topic-Active%20Exploration-0366d6""]","[""assets/next_best_view_pipeline.svg""]",[],"[""python contributions/07_next_best_view/experiments/eval_returnability_aware_nbv.py""]",,Unclassified,Needs implementation review,Keep with minor update,Pending review,802f89daa5bd6478d63f821d982ecb89328162b719c014ffa489bcc0ea1c2bc4
contributions/08_security_ids/AUDIT.md,AUDIT.md,.md,2,3437,60,tracked-clean,b9b82b4dae26e6129a8663d2a49480fd2c3a8d10,Contribution guidance,Researchers and reviewers,False,[],[],[],[],[],,Planned,Needs implementation review,Keep with minor update,Pending review,801baa156f2956b29b855a1287de1b3d7d356be16de3add0d009488c9dca2e25
contributions/08_security_ids/docs/SCIENTIFIC_UPGRADE.md,SCIENTIFIC_UPGRADE.md,.md,3,2992,107,tracked-clean,cbd95d9256c37e7ac8bb7f9d4f13d150fd2277ce,Contribution guidance,Researchers and reviewers,False,[],[],[],[],"[""python contributions/08_security_ids/experiments/eval_ids_response_policy.py""]",,Implemented,Needs implementation review,Keep with minor update,Pending review,144088e908dbc54a5132ab033026693665e2b16e826f745cc2dbf6b1239cc4b1
contributions/08_security_ids/README.md,README.md,.md,2,5934,246,tracked-clean,e7d784c3331ce37d0a27b54bc9fb492bc5ed7e3c,Contribution guidance,Robotics developers and researchers,True,"[""docs/CONTRIBUTION_INDEX.md""]","[""https://img.shields.io/badge/Module-08-purple"", ""https://img.shields.io/badge/Status-Core%20Upgraded-brightgreen"", ""https://img.shields.io/badge/Type-Cybersecurity%20%2F%20IDS-blue""]",[],[],"[""python contributions/08_security_ids/experiments/eval_ids_response_policy.py""]",,Unclassified,Needs implementation review,Keep with minor update,Pending review,6b03524709662bef0bf151e16e090fb345bac35576e29319ab8a59a9e64a9124
contributions/08_security_ids/results/c08_security_ids_summary.md,c08_security_ids_summary.md,.md,3,358,11,tracked-clean,7f6abdd8041ccd273186179ebe4f5e0f8a55dabb,Technical documentation,"Users, contributors, and researchers",False,[],[],[],[],[],,Unclassified,Needs implementation review,Keep with minor update,Pending review,30f1fd2b1d52fdda0c72557f8a9ac29ea51ce5ef0dc2313ed2f20b0ffdcd3e95
contributions/09_multi_robot/docs/SCIENTIFIC_UPGRADE.md,SCIENTIFIC_UPGRADE.md,.md,3,2604,98,tracked-clean,8794f1697b7aa11c3d7077ac16fdb57476d2cf31,Contribution guidance,Researchers and reviewers,False,[],[],[],[],"[""python contributions/09_multi_robot/experiments/eval_team_coordination.py""]",,Unclassified,Needs implementation review,Keep with minor update,Pending review,de311ffa3664ef42eb1d0bbf2816bf2309f4adb548a77f282909b22ccefa4d43
contributions/09_multi_robot/README.md,README.md,.md,2,5682,206,tracked-clean,f9db077e379921a162cbd41d3f7036ed3e73695c,Contribution guidance,"Users, contributors, and researchers",True,"[""docs/CONTRIBUTION_INDEX.md""]","[""https://img.shields.io/badge/Module-09-purple"", ""https://img.shields.io/badge/Status-Core%20Upgraded-brightgreen"", ""https://img.shields.io/badge/Type-Multi--Robot%20Systems-blue""]",[],[],"[""python contributions/09_multi_robot/experiments/eval_team_coordination.py""]",,Planned,Needs implementation review,Keep with minor update,Pending review,4a018c1c42e4f33bfc18c88fdd1e822ad3a4fc648984f7a25770eabde354ef6b
contributions/10_human_language_ethics/docs/SCIENTIFIC_UPGRADE.md,SCIENTIFIC_UPGRADE.md,.md,3,3074,109,tracked-clean,10419a4b35babd53eff9ef33157a2941f137b5e9,Contribution guidance,Researchers and reviewers,False,[],[],[],[],"[""python contributions/10_human_language_ethics/experiments/eval_human_ethics_policy.py""]",,Unclassified,Needs implementation review,Keep with minor update,Pending review,e92d9d326fbd2f3edb9efd257588217e451d5182abe50f1dec066ee71abead17
contributions/10_human_language_ethics/README.md,README.md,.md,2,5832,213,tracked-clean,001ac16bd6a4eb4b409843c27bcfb2cd95dddb44,Contribution guidance,"Users, contributors, and researchers",True,"[""docs/CONTRIBUTION_INDEX.md""]","[""https://img.shields.io/badge/Module-10-purple"", ""https://img.shields.io/badge/Status-Core%20Upgraded-brightgreen"", ""https://img.shields.io/badge/Type-HRI%20%2F%20Ethics-blue""]",[],[],"[""python contributions/10_human_language_ethics/experiments/eval_human_ethics_policy.py""]",,Unclassified,Needs implementation review,Keep with minor update,Pending review,6a69bf01b6d93257836a931cdf8ee12955e8fab742a12602a13fbf6b0aec9bc6
contributions/10_human_language_ethics/results/c10_language_ethics_summary.md,c10_language_ethics_summary.md,.md,3,393,9,tracked-clean,aab99ee2bc912bbb6420d108612723fd25b9089c,Technical documentation,"Users, contributors, and researchers",False,[],[],[],[],[],,Unclassified,Needs implementation review,Keep with minor update,Pending review,35865956f570558393be214b153bf5560fbc8238e33aba9b75f0d04d52a4cad8
contributions/11_vlm_navigation_agent/docs/SCIENTIFIC_UPGRADE.md,SCIENTIFIC_UPGRADE.md,.md,3,2808,100,tracked-clean,31f7ed0defe338af2cadaa8b6eec9780482877ec,Contribution guidance,Researchers and reviewers,False,[],[],[],[],"[""python contributions/11_vlm_navigation_agent/experiments/eval_vlm_goal_validation.py""]",,Unclassified,Needs implementation review,Keep with minor update,Pending review,36bcef583be087f2e0f171d60fe9d93f20a9ca32bb24c840e03eb7fd73ea7122
contributions/11_vlm_navigation_agent/README.md,README.md,.md,2,5867,246,tracked-clean,74a0d9b24583d12bcd1baae22cc94f0c5808569d,Contribution guidance,"Users, contributors, and researchers",True,"[""docs/CONTRIBUTION_INDEX.md""]","[""https://img.shields.io/badge/Module-11-purple"", ""https://img.shields.io/badge/Status-Core%20Upgraded-brightgreen"", ""https://img.shields.io/badge/Type-Perception%20%2F%20VLM-blue""]",[],[],"[""python contributions/11_vlm_navigation_agent/experiments/eval_vlm_planner.py --n_frames 20 --out_csv contributions/11_vlm_navigation_agent/results/vlm_eval.csv"", ""python contributions/11_vlm_navigation_agent/experiments/eval_vlm_goal_validation.py""]",,Unclassified,Needs implementation review,Keep with minor update,Pending review,1b8a46e715aeac072da3030c888a8acad9bc0a1f732e93900e79ed3180a60433
contributions/11_vlm_navigation_agent/results/c11_vlm_navigation_summary.md,c11_vlm_navigation_summary.md,.md,3,514,13,tracked-clean,eaacfce2e4e0f6558c04a17934e9f7f68a9ba8dc,Reproducibility report,Researchers and reviewers,False,[],[],[],[],[],,Unclassified,Needs implementation review,Keep with minor update,Pending review,9254f79b4b7156947b036f6c808580ec9faaf378f1e810b7c23b3d244ce99335
contributions/12_diffusion_occupancy/docs/SCIENTIFIC_UPGRADE.md,SCIENTIFIC_UPGRADE.md,.md,3,2734,96,tracked-clean,e61e277057d2c07572a2304e8908f4fb4d28dcc6,Contribution guidance,Researchers and reviewers,False,[],[],[],[],"[""python contributions/12_diffusion_occupancy/experiments/eval_risk_map_quality.py""]",,Unclassified,Needs implementation review,Keep with minor update,Pending review,7f9369e2dd2ba2961013f08458e8b4eb574912ac6733bb8a114e8bcf960eae25
contributions/12_diffusion_occupancy/README.md,README.md,.md,2,6144,238,tracked-clean,39543bb45898649299aa0877c3510820807dd5a2,Contribution guidance,Researchers and reviewers,True,"[""docs/CONTRIBUTION_INDEX.md""]","[""https://img.shields.io/badge/Module-12-purple"", ""https://img.shields.io/badge/Status-Core%20Upgraded-brightgreen"", ""https://img.shields.io/badge/Type-Probabilistic%20Planning-blue""]",[],[],"[""python contributions/12_diffusion_occupancy/experiments/eval_diffusion_occupancy.py --n_scenarios 30 --n_samples 10 --out_csv contributions/12_diffusion_occupancy/results/diffusion_eval.csv"", ""python contributions/12_diffusion_occupancy/experiments/eval_risk_map_quality.py""]",,Unclassified,Needs implementation review,Keep with minor update,Pending review,58465ad02dc61201adcdf057a88e974bc271c082f3d586f76084cb7ddee4bd8c
contributions/13_latent_world_model/docs/SCIENTIFIC_UPGRADE.md,SCIENTIFIC_UPGRADE.md,.md,3,2881,103,tracked-clean,de38eada8cf7728909d6551a4277a4c7e51006f1,Contribution guidance,Researchers and reviewers,False,[],[],[],[],"[""python contributions/13_latent_world_model/experiments/eval_rollout_audit.py""]",,Unclassified,Needs implementation review,Keep with minor update,Pending review,c9edb2dd02e02ef1c42262dd485b723da062bf6fa98f54426ec534c1e389d813
contributions/13_latent_world_model/README.md,README.md,.md,2,5607,220,tracked-clean,d49b89cbde5783f3ccb1f0cfb92d4df4b75e6c3f,Contribution guidance,"Users, contributors, and researchers",True,"[""docs/CONTRIBUTION_INDEX.md""]","[""https://img.shields.io/badge/Module-13-purple"", ""https://img.shields.io/badge/Status-Core%20Upgraded-brightgreen"", ""https://img.shields.io/badge/Type-Model--Based%20RL-blue""]",[],[],"[""python contributions/13_latent_world_model/experiments/eval_rollout_audit.py""]",,Unclassified,Needs implementation review,Keep with minor update,Pending review,f3207e04a1a47ce001a69b6bee949a93ec47f1ec1333fe153c287614f37ca071
contributions/14_causal_risk_attribution/docs/SCIENTIFIC_UPGRADE.md,SCIENTIFIC_UPGRADE.md,.md,3,3259,104,tracked-clean,ff71e5f3f49caf7a585627b0d438c0c7d3c08427,Contribution guidance,Researchers and reviewers,False,[],[],[],[],"[""python contributions/14_causal_risk_attribution/experiments/eval_root_cause_attribution.py""]",,Unclassified,Needs implementation review,Keep with minor update,Pending review,7167854665ba8004d569616fed2c91211f4a324b29957886a82570a67af1fa19
contributions/14_causal_risk_attribution/README.md,README.md,.md,2,6192,246,tracked-clean,71d2e3030b15855132fc421f2a25fe2fcae8a4a6,Contribution guidance,Researchers and reviewers,True,"[""docs/CONTRIBUTION_INDEX.md""]","[""https://img.shields.io/badge/Module-14-purple"", ""https://img.shields.io/badge/Status-Core%20Upgraded-brightgreen"", ""https://img.shields.io/badge/Type-Causal%20AI-blue""]",[],[],"[""python contributions/14_causal_risk_attribution/experiments/eval_root_cause_attribution.py""]",,Unclassified,Needs implementation review,Keep with minor update,Pending review,46b35363e6d3355549d12815adb9f973a5eefb01cd4742f1fad13e0516861ddf
contributions/15_neuromorphic_sensing/docs/SCIENTIFIC_UPGRADE.md,SCIENTIFIC_UPGRADE.md,.md,3,2775,96,tracked-clean,ca2afc1a22e28186f9cbbc4a3061ce6028ba03ed,Contribution guidance,Researchers and reviewers,False,[],[],[],[],"[""python contributions/15_neuromorphic_sensing/experiments/eval_neuromorphic_latency.py""]",,Unclassified,Needs implementation review,Keep with minor update,Pending review,d6e46c06a277b0b2f079398942a447a19831a363955432a3f7b6ac29f93c1f3c
contributions/15_neuromorphic_sensing/README.md,README.md,.md,2,5034,219,tracked-clean,3bdee4c7a59b57e55a4f5428185525e7b9632213,Contribution guidance,Researchers and reviewers,True,"[""docs/CONTRIBUTION_INDEX.md""]","[""https://img.shields.io/badge/Module-15-purple"", ""https://img.shields.io/badge/Status-Core%20Upgraded-brightgreen"", ""https://img.shields.io/badge/Type-Neuromorphic%20%2F%20Bio--inspired-blue""]",[],[],"[""python contributions/15_neuromorphic_sensing/experiments/eval_neuromorphic_latency.py""]",,Experimental,Needs implementation review,Keep with minor update,Pending review,2dc9a604e0fccad40fa090587e4f1733fd9012e60ac75fc62676be4abdfadf53
contributions/16_federated_nav_learning/docs/SCIENTIFIC_UPGRADE.md,SCIENTIFIC_UPGRADE.md,.md,3,2918,105,tracked-clean,b02d4543d1cdac838ac815563d385350ea9261b0,Contribution guidance,Researchers and reviewers,False,[],[],[],[],"[""python contributions/16_federated_nav_learning/experiments/eval_federated_tradeoffs.py""]",,Implemented,Needs implementation review,Keep with minor update,Pending review,b8c227aee927462aa3be482757debd1208c186abf1162724ea5c6ab60f05a5aa
contributions/16_federated_nav_learning/README.md,README.md,.md,2,5161,217,tracked-clean,abb6b175c9b898c044d22ed21e6bb75aec9362f3,Contribution guidance,Researchers and reviewers,True,"[""docs/CONTRIBUTION_INDEX.md""]","[""https://img.shields.io/badge/Module-16-purple"", ""https://img.shields.io/badge/Status-Core%20Upgraded-brightgreen"", ""https://img.shields.io/badge/Type-Federated%20Learning-blue""]",[],[],"[""python contributions/16_federated_nav_learning/experiments/eval_federated_tradeoffs.py""]",,Implemented,Needs implementation review,Keep with minor update,Pending review,7cd6fd451ef248cf06074033ac2645db6776980c8e00dac45da1ae44934b3a2d
contributions/17_topological_semantic_maps/docs/SCIENTIFIC_UPGRADE.md,SCIENTIFIC_UPGRADE.md,.md,3,3096,105,tracked-clean,4dc5ba996a4c0b3faf082143313908982cd94ce0,Contribution guidance,Researchers and reviewers,False,[],[],[],[],"[""python contributions/17_topological_semantic_maps/experiments/eval_topo_semantic_navigation.py""]",,Unclassified,Needs implementation review,Keep with minor update,Pending review,9b667df5b442b7c599e4df6fe3cffdc45138f08012feb279369425472a626159
contributions/17_topological_semantic_maps/README.md,README.md,.md,2,5366,222,tracked-clean,adceb2898e31e7e4904a88a2742fe93ca7de16e6,Contribution guidance,Researchers and reviewers,True,"[""docs/CONTRIBUTION_INDEX.md""]","[""https://img.shields.io/badge/Module-17-purple"", ""https://img.shields.io/badge/Status-Core%20Upgraded-brightgreen"", ""https://img.shields.io/badge/Type-Mapping%20%2F%20Grounding-blue""]",[],[],"[""python contributions/17_topological_semantic_maps/experiments/eval_topo_semantic_navigation.py""]",,Unclassified,Needs implementation review,Keep with minor update,Pending review,f2576d01ea91d3ea510ac784e24a09038ac009851b7bf366473625806bf74091
contributions/18_formal_safety_shields/docs/SCIENTIFIC_UPGRADE.md,SCIENTIFIC_UPGRADE.md,.md,3,2808,97,tracked-clean,52d654950a7a8a8acd2b5d5290bb3196eb5e6d5f,Contribution guidance,Researchers and reviewers,False,[],[],[],[],"[""python contributions/18_formal_safety_shields/experiments/eval_shield_stress_test.py""]",,Implemented,Needs implementation review,Keep with minor update,Pending review,3033731661d0cf2c44515b4737a6ef9b1ad21b874cbb1f2f78e0efd87a9f5b95
contributions/18_formal_safety_shields/README.md,README.md,.md,2,5664,246,tracked-clean,f3fb933156ef90c9c180a9e5d4e644c26ab6393e,Contribution guidance,Researchers and reviewers,True,"[""docs/CONTRIBUTION_INDEX.md""]","[""https://img.shields.io/badge/Module-18-purple"", ""https://img.shields.io/badge/Status-Core%20Upgraded-brightgreen"", ""https://img.shields.io/badge/Type-Formal%20Methods-blue""]",[],[],"[""python contributions/18_formal_safety_shields/experiments/eval_safety_shields.py --n_episodes 50 --out_csv contributions/18_formal_safety_shields/results/shield_eval.csv"", ""python contributions/18_formal_safety_shields/experiments/eval_shield_stress_test.py""]",,Experimental,Needs implementation review,Keep with minor update,Pending review,ae92ca28b9d9c24256096412d67ff3d16ea2d9bb90505fd476d1323e5b071849
contributions/19_llm_mission_planner/docs/SCIENTIFIC_UPGRADE.md,SCIENTIFIC_UPGRADE.md,.md,3,3055,111,tracked-clean,6c9b4027b4e90c98b1ee1d6487bc030320ed0c7b,Contribution guidance,Researchers and reviewers,False,[],[],[],[],"[""python contributions/19_llm_mission_planner/experiments/eval_mission_plan_quality.py""]",,Implemented,Needs implementation review,Keep with minor update,Pending review,cce8fd35ee594d052c2d21bb3babd4d76f0e327c3c8e4622303c188261311a7d
contributions/19_llm_mission_planner/README.md,README.md,.md,2,5510,226,tracked-clean,97104f848f61e1e9a8838168a7c902357750ea41,Contribution guidance,"Users, contributors, and researchers",True,"[""docs/CONTRIBUTION_INDEX.md""]","[""https://img.shields.io/badge/Module-19-purple"", ""https://img.shields.io/badge/Status-Core%20Upgraded-brightgreen"", ""https://img.shields.io/badge/Type-LLM%20%2F%20NLP-blue""]",[],[],"[""python contributions/19_llm_mission_planner/experiments/eval_mission_plan_quality.py""]",,Implemented,Needs implementation review,Keep with minor update,Pending review,718d69d1ed144d7588cccb021f7ddf6f5169847485faf4e811448d6ecf88573f
contributions/20_multimodal_failure_explainer/docs/SCIENTIFIC_UPGRADE.md,SCIENTIFIC_UPGRADE.md,.md,3,2678,106,tracked-clean,feac22e3eed831fe743ebbe9fb4cfa2f6f7df86d,Contribution guidance,Researchers and reviewers,False,[],[],[],[],"[""python contributions/20_multimodal_failure_explainer/experiments/eval_failure_report_quality.py""]",,Unclassified,Needs implementation review,Keep with minor update,Pending review,0b28f785216c7d524232e6a0614f8007f3e9dc5ebd7b018cd54d96204f91c577
contributions/20_multimodal_failure_explainer/README.md,README.md,.md,2,5628,227,tracked-clean,b9b03ed598f3d577b19d7655b5fcabaa90142f23,Contribution guidance,Researchers and reviewers,True,"[""docs/CONTRIBUTION_INDEX.md""]","[""https://img.shields.io/badge/Module-20-purple"", ""https://img.shields.io/badge/Status-Core%20Upgraded-brightgreen"", ""https://img.shields.io/badge/Type-XAI%20%2F%20Diagnostics-blue""]",[],[],"[""python contributions/20_multimodal_failure_explainer/experiments/eval_failure_report_quality.py""]",,Unclassified,Needs implementation review,Keep with minor update,Pending review,0c18d8dc1dd1e72425a1d920f81a419a44c09d6a3c86a7d696480109ea941caf
contributions/21_ppo_navigation_agent/docs/SCIENTIFIC_UPGRADE.md,SCIENTIFIC_UPGRADE.md,.md,3,2749,107,tracked-clean,35d103fff4ccc17d14fb6dec6ed04138a2f9fd80,Contribution guidance,Researchers and reviewers,False,[],[],[],[],"[""python contributions/21_ppo_navigation_agent/experiments/eval_policy_safety.py""]",,Unclassified,Needs implementation review,Keep with minor update,Pending review,ede2d5703b00ac897ab8d2213ed65d8dae0fb68caba8420ccaabb67e377e4c30
contributions/21_ppo_navigation_agent/README.md,README.md,.md,2,5402,224,tracked-clean,633e77716ef9983f9bfb12351026c364152595cd,Contribution guidance,Researchers and reviewers,True,"[""docs/CONTRIBUTION_INDEX.md""]","[""https://img.shields.io/badge/Module-21-purple"", ""https://img.shields.io/badge/Status-Core%20Upgraded-brightgreen"", ""https://img.shields.io/badge/Type-Reinforcement%20Learning-blue""]",[],[],"[""python contributions/21_ppo_navigation_agent/experiments/eval_policy_safety.py""]",,Experimental,Needs implementation review,Keep with minor update,Pending review,845ba522dffdf4a096b6fa2f14a8a302ecd7cd92d57a6f8a951250124ea82c6d
contributions/22_curriculum_rl/docs/SCIENTIFIC_UPGRADE.md,SCIENTIFIC_UPGRADE.md,.md,3,2837,106,tracked-clean,4667f5669e1c107ead609362e25225d4ea601b1e,Contribution guidance,Researchers and reviewers,False,[],[],[],[],"[""python contributions/22_curriculum_rl/experiments/eval_curriculum_strategies.py""]",,Unclassified,Needs implementation review,Keep with minor update,Pending review,0cd216dbacd854b5b847a0903a00360a9ff10c69e0c9fdf3b1f85ef032b8bd66
contributions/22_curriculum_rl/README.md,README.md,.md,2,5715,216,tracked-clean,3e1672190dc32e0b48d86922b9c58defd12114a3,Contribution guidance,Researchers and reviewers,True,"[""docs/CONTRIBUTION_INDEX.md""]","[""https://img.shields.io/badge/Module-22-purple"", ""https://img.shields.io/badge/Status-Core%20Upgraded-brightgreen"", ""https://img.shields.io/badge/Type-Reinforcement%20Learning-blue""]",[],[],"[""python contributions/22_curriculum_rl/experiments/eval_curriculum_strategies.py""]",,Unclassified,Needs implementation review,Keep with minor update,Pending review,de23123bf8ffc3c05bd7c219f6f54079cc36c7729153d04469c6c1300197b7a6
contributions/23_gaussian_splatting_mapper/docs/SCIENTIFIC_UPGRADE.md,SCIENTIFIC_UPGRADE.md,.md,3,2770,105,tracked-clean,aa8299c94cac00a81ad20ceab70dd7469bb962e0,Contribution guidance,Researchers and reviewers,False,[],[],[],[],"[""python contributions/23_gaussian_splatting_mapper/experiments/eval_gs_mapping_quality.py""]",,Unclassified,Needs implementation review,Keep with minor update,Pending review,4932f68bf1a1f2666ac322c45df273b3ee560bef6af6103fce1cf3ad013dee6d
contributions/23_gaussian_splatting_mapper/README.md,README.md,.md,2,5580,226,tracked-clean,e5b2ebcc5926243da46de38f280b355845b84c18,Contribution guidance,Researchers and reviewers,True,"[""docs/CONTRIBUTION_INDEX.md""]","[""https://img.shields.io/badge/Module-23-purple"", ""https://img.shields.io/badge/Status-Core%20Upgraded-brightgreen"", ""https://img.shields.io/badge/Type-3D%20Mapping-blue""]",[],[],"[""python contributions/23_gaussian_splatting_mapper/experiments/eval_gs_mapping_quality.py""]",,Unclassified,Needs implementation review,Keep with minor update,Pending review,fe2aac06ed373b81960fb053da63ee41c608e013f4000fbaaae9da86b3368abb
contributions/24_nerf_uncertainty/docs/SCIENTIFIC_UPGRADE.md,SCIENTIFIC_UPGRADE.md,.md,3,2805,106,tracked-clean,7c2c05447f0c35deea86f1252febfc4541e055a7,Contribution guidance,Researchers and reviewers,False,[],[],[],[],"[""python contributions/24_nerf_uncertainty/experiments/eval_nerf_uncertainty.py""]",,Unclassified,Needs implementation review,Keep with minor update,Pending review,078995074be6f1a9ce9cc0ca5d5ebda306b4ac7f0fbeb5204919c0256f177277
contributions/24_nerf_uncertainty/README.md,README.md,.md,2,6348,232,tracked-clean,3d4817c850b3382275f7fc43a89e35c67aa99a1b,Contribution guidance,Researchers and reviewers,True,"[""docs/CONTRIBUTION_INDEX.md""]","[""https://img.shields.io/badge/Module-24-purple"", ""https://img.shields.io/badge/Status-Core%20Upgraded-brightgreen"", ""https://img.shields.io/badge/Type-3D%20Mapping%20%2F%20Uncertainty-blue""]",[],[],"[""python contributions/24_nerf_uncertainty/experiments/eval_nerf_uncertainty.py""]",,Planned,Needs implementation review,Keep with minor update,Pending review,1ccbcdbf38c613844b3f299c403d7a73b69de64d18256f83a52070efa2966fb7
contributions/25_adversarial_attack_simulator/docs/SCIENTIFIC_UPGRADE.md,SCIENTIFIC_UPGRADE.md,.md,3,2804,112,tracked-clean,72c898ba3857235b6525d5319558782edde2d8d1,Contribution guidance,Robotics developers and researchers,False,[],[],[],[],"[""python contributions/25_adversarial_attack_simulator/experiments/eval_attack_impact.py""]",,Implemented,Needs implementation review,Keep with minor update,Pending review,5bea5b28e9ea4daafae73e544613e257111b844f0f51cd56a11a61aa5c482a38
contributions/25_adversarial_attack_simulator/README.md,README.md,.md,2,6381,238,tracked-clean,6f7111d52431ab76004590480235cd05113e77cd,Contribution guidance,Robotics developers and researchers,True,"[""docs/CONTRIBUTION_INDEX.md""]","[""https://img.shields.io/badge/Module-25-purple"", ""https://img.shields.io/badge/Status-Core%20Upgraded-brightgreen"", ""https://img.shields.io/badge/Type-Cybersecurity%20%2F%20Robustness-blue""]",[],[],"[""python contributions/25_adversarial_attack_simulator/experiments/eval_attack_impact.py""]",,Unclassified,Needs implementation review,Keep with minor update,Pending review,e89184e3c9288747c8e004508d504c1deac0a7404949b6e9ed58a5b97e2660c0
contributions/26_swarm_consensus/docs/SCIENTIFIC_UPGRADE.md,SCIENTIFIC_UPGRADE.md,.md,3,3128,110,tracked-clean,8374df78c8dee0999178bfcf1b0b3765c8bc68e8,Contribution guidance,Researchers and reviewers,False,[],[],[],[],"[""python contributions/26_swarm_consensus/experiments/eval_swarm_consensus.py""]",,Implemented,Needs implementation review,Keep with minor update,Pending review,f650c4658cd1a97ae77c0a2e373df2cb8fe8c4a05808f799b85320a1f35388ce
contributions/26_swarm_consensus/README.md,README.md,.md,2,7492,295,tracked-clean,d4e2010f9901cb6b2f4a3d68b7468514f68adfb2,Contribution guidance,Researchers and reviewers,True,"[""docs/CONTRIBUTION_INDEX.md""]","[""https://img.shields.io/badge/Module-26-purple"", ""https://img.shields.io/badge/Status-Core%20Upgraded-brightgreen"", ""https://img.shields.io/badge/Type-Multi--Robot%20%2F%20Distributed-blue""]",[],[],"[""python contributions/26_swarm_consensus/experiments/eval_swarm_consensus.py""]",,Unclassified,Needs implementation review,Keep with minor update,Pending review,478811a8a7f9181356420734433b5f40c243a0af37558449ac99ecec29c33e40
contributions/27_Recoverability_Theory/README.md,README.md,.md,2,494,14,tracked-clean,6046b8f8a6b13a871ffb7391dfc7b2c761bf9d96,Directory or subsystem overview,"Users, contributors, and researchers",False,[],[],[],[],[],,Unclassified,Needs implementation review,Keep with minor update,Pending review,d2f80e9f3637e45ab2162ab4f03b0f9e04855fea8886072f14c612c861da38d7
contributions/CONTRIBUTIONS_README.md,CONTRIBUTIONS_README.md,.md,1,5985,174,tracked-clean,ae620403d9bafa2f0cf7b91929284736ef156dd9,Contribution guidance,Researchers and reviewers,True,"[""README.md"", ""READMEbig.md"", ""docs/CONTRIBUTION_FEATURE_CATALOG.md""]",[],[],[],"[""pytest contributions/tests/test_new_contributions.py -v"", ""python contributions/12_diffusion_occupancy/experiments/eval_diffusion_occupancy.py"", ""python contributions/18_formal_safety_shields/experiments/eval_safety_shields.py""]",,Unclassified,Needs implementation review,Keep with minor update,Pending review,d8cef2c78c3ff9e8d6cf1d87f535aa2954759602b3bab51ae9a995bf3acfbbb3
contributions/hybrid_learned_astar/README.md,README.md,.md,2,1560,46,tracked-clean,4cf87a95371dbb1061515e0f052c4e0cfdd24138,Experiment documentation,Robotics developers and researchers,False,[],"[""../../README.md""]",[],[],[],,Research Prototype,Needs implementation review,Keep with minor update,Pending review,d096a5a9ec1f7778218f5e00b3c1b8578fb46254980bca2775c6185c8cc2f3c4
contributions/learned_uncertainty_astar/experiments/README.md,README.md,.md,3,1208,61,tracked-clean,18aefc00f2bb5091a958772fc954d3210da4b7e5,Contribution guidance,Researchers and reviewers,False,[],[],[],[],[],,Unclassified,Needs implementation review,Keep with minor update,Pending review,f26cc8e1939c1b5a1a726319aa328a62814cb2ffd92c1c2b361417f3425eb9f7
contributions/README.md,README.md,.md,1,1879,37,tracked-clean,0727a33baad8941fa5dc052d841207af1e6a1431,Contribution guidance,Researchers and reviewers,False,[],"[""../README.md"", ""../docs/REPOSITORY_AUDIT.md""]",[],[],[],,Planned,Needs implementation review,Keep with minor update,Pending review,53cf598b406d2d2d0fc7fe17809436382acdba38e572dec14659c398c98f8e87
docs/Abstract_and_Contributions.md,Abstract_and_Contributions.md,.md,1,4295,41,tracked-clean,57491f7053877095fd099554bfad4080105f1351,Contribution guidance,Researchers and reviewers,False,[],[],[],[],[],,Experimental,Needs implementation review,Keep with minor update,Pending review,66e2f5b9c6df54fc543e611dbfb1e410a4fc21a425ff592537ccef42e863fdad
docs/AUTONOMOUS_REPAIR_AUDIT.md,AUTONOMOUS_REPAIR_AUDIT.md,.md,1,2218,41,tracked-clean,949924911d3a8bc0fb1a8d6c81d72ed7b9b16a42,Reproducibility report,Robotics developers and researchers,False,[],[],[],[],[],,Experimental,Needs implementation review,Keep with minor update,Pending review,720254d8d472980f14777eb90fb93826e5c8e53dab73d3e0c04b79e2ae7ccc77
docs/BENCHMARK_PROTOCOL.md,BENCHMARK_PROTOCOL.md,.md,1,5283,169,tracked-clean,900d918a3c69235bf38d8ea4f809f97323b4a0e3,Contribution guidance,Researchers and reviewers,False,[],[],[],[],[],,Unclassified,Needs implementation review,Keep with minor update,Pending review,10d01bd69139fab9a89c38cf4d9768863e9805781fa3dac67923f9897a63d90a
docs/BENCHMARK_RESULTS_SUMMARY.md,BENCHMARK_RESULTS_SUMMARY.md,.md,1,1612,30,tracked-clean,9b97b4f7180499896d5c839b8cf80c0a51fa8213,Experiment documentation,Researchers and reviewers,False,[],[],[],[],"[""python tools/generate_benchmark_summary.py --results 'results/**/*.csv' --output docs/BENCHMARK_RESULTS_SUMMARY.md""]",,Unclassified,Needs implementation review,Keep with minor update,Pending review,4da82c2221e944a343ce647889aaca1129a554ba6789e53e70a10cff51e69143
docs/CLAIMS_EVIDENCE.md,CLAIMS_EVIDENCE.md,.md,1,5999,150,tracked-clean,d854e2fcb94ff0c44a52065e1c53eb34ff2a3d0a,Experiment documentation,Researchers and reviewers,False,[],"[""EVALUATION_PROTOCOL.md"", ""REPOSITORY_AUDIT.md"", ""REPRODUCIBILITY.md""]",[],[],[],,Experimental,Needs implementation review,Keep with minor update,Pending review,3af19f0aa0e0ccca72ac18e9f67b60e007dfcfd9b38e3bcfeef98711dc067604
docs/CONTRIBUTION_DEPENDENCY_GRAPH.md,CONTRIBUTION_DEPENDENCY_GRAPH.md,.md,1,2817,80,tracked-clean,645c132552d751a24d31210b6437797ee8bb9e48,Contribution guidance,Researchers and reviewers,False,[],[],[],[],[],,Experimental,Needs implementation review,Keep with minor update,Pending review,d19c806cec30dcc013778d4464be525775ea743be08c6938d656865c38225556
docs/CONTRIBUTION_FEATURE_CATALOG.md,CONTRIBUTION_FEATURE_CATALOG.md,.md,1,3695,78,tracked-clean,a8f192b5e49a71053bb990a6e850430e93d9ab39,Contribution guidance,Researchers and reviewers,True,"[""README.md"", ""README_GR.md"", ""docs/DYNNAV_V2_RESEARCH_ROADMAP.md"", ""docs/README.md""]","[""../contributions/"", ""../contributions/CONTRIBUTIONS_README.md"", ""../src/dynnav_dashboard/contribution_registry.yaml""]",[],"[""../src/dynnav_dashboard/contribution_registry.yaml""]","[""python -m pip install -e \"".[dashboard]\"""", ""streamlit run app/dashboard.py""]",,Unclassified,Needs implementation review,Keep with minor update,Pending review,4f0fa931aab8bc7358bd875bf4fb6b89b4a0bb3835dd2d1dffce3b21ea13759f
docs/CONTRIBUTION_INDEX.md,CONTRIBUTION_INDEX.md,.md,1,4573,40,tracked-clean,4f58b8149cded3f60a7c1b5ce20a1d7784d08e47,Contribution guidance,Researchers and reviewers,False,[],"[""../contributions/01_learned_astar/README.md"", ""../contributions/02_uncertainty_calibration/README.md"", ""../contributions/03_belief_risk_planning/README.md"", ""../contributions/04_irreversibility_returnability/README.md"", ""../contributions/05_safe_mode_navigation/README.md"", ""../contributions/06_energy_connectivity/README.md"", ""../contributions/07_next_best_view/README.md"", ""../contributions/08_security_ids/README.md"", ""../contributions/09_multi_robot/README.md"", ""../contributions/10_human_language_ethics/README.md"", ""../contributions/11_vlm_navigation_agent/README.md"", ""../contributions/12_diffusion_occupancy/README.md"", ""../contributions/13_latent_world_model/README.md"", ""../contributions/14_causal_risk_attribution/README.md"", ""../contributions/15_neuromorphic_sensing/README.md"", ""../contributions/16_federated_nav_learning/README.md"", ""../contributions/17_topological_semantic_maps/README.md"", ""../contributions/18_formal_safety_shields/README.md"", ""../contributions/19_llm_mission_planner/README.md"", ""../contributions/20_multimodal_failure_explainer/README.md"", ""../contributions/21_ppo_navigation_agent/README.md"", ""../contributions/22_curriculum_rl/README.md"", ""../contributions/23_gaussian_splatting_mapper/README.md"", ""../contributions/24_nerf_uncertainty/README.md"", ""../contributions/25_adversarial_attack_simulator/README.md"", ""../contributions/26_swarm_consensus/README.md""]",[],[],[],,Documentation Concept,Needs implementation review,Keep with minor update,Pending review,36d6fceca211c392147623644f03ec82f4247374eeb36c9409040674c1602a73
docs/CONTRIBUTION_MATURITY_MATRIX.md,CONTRIBUTION_MATURITY_MATRIX.md,.md,1,4090,46,tracked-clean,3606aeeb76dcb0c12e6e4e36f8a7464084281d3e,Contribution guidance,Researchers and reviewers,False,[],[],[],[],[],,Documentation Concept,Needs implementation review,Keep with minor update,Pending review,4ab89c5c486c2804f72603ff7c2ca2f57d677025c3f0ee58f4367f1b7e20369b
docs/CONTRIBUTION_READINESS_CHECKLIST.md,CONTRIBUTION_READINESS_CHECKLIST.md,.md,1,3163,89,tracked-clean,1bf51d4b457d4e2ceafba715ce140afd602ad0d9,Contribution guidance,Researchers and reviewers,False,[],[],[],[],[],,Planned,Needs implementation review,Keep with minor update,Pending review,2cbc686ac469263dac13e25783b1b00fb91dd2a74bc786a1b21a33c761ccebdd
docs/CONTRIBUTION_VISUAL_GALLERY.md,CONTRIBUTION_VISUAL_GALLERY.md,.md,1,2340,41,tracked-clean,abfde1ade8a93426a712a5f7e7df311d0d771088,Contribution guidance,Researchers and reviewers,False,[],"[""../assets/contributions/C01_overview.svg"", ""../assets/contributions/C02_overview.svg"", ""../assets/contributions/C03_overview.svg"", ""../assets/contributions/C04_overview.svg"", ""../assets/contributions/C05_overview.svg"", ""../assets/contributions/C06_overview.svg"", ""../assets/contributions/C07_overview.svg"", ""../assets/contributions/C08_overview.svg"", ""../assets/contributions/C09_overview.svg"", ""../assets/contributions/C10_overview.svg"", ""../assets/contributions/C11_overview.svg"", ""../assets/contributions/C12_overview.svg"", ""../assets/contributions/C13_overview.svg"", ""../assets/contributions/C14_overview.svg"", ""../assets/contributions/C15_overview.svg"", ""../assets/contributions/C16_overview.svg"", ""../assets/contributions/C17_overview.svg"", ""../assets/contributions/C18_overview.svg"", ""../assets/contributions/C19_overview.svg"", ""../assets/contributions/C20_overview.svg"", ""../assets/contributions/C21_overview.svg"", ""../assets/contributions/C22_overview.svg"", ""../assets/contributions/C23_overview.svg"", ""../assets/contributions/C24_overview.svg"", ""../assets/contributions/C25_overview.svg"", ""../assets/contributions/C26_overview.svg""]","[""../assets/contributions/C01_overview.svg"", ""../assets/contributions/C02_overview.svg"", ""../assets/contributions/C03_overview.svg"", ""../assets/contributions/C04_overview.svg"", ""../assets/contributions/C05_overview.svg"", ""../assets/contributions/C06_overview.svg"", ""../assets/contributions/C07_overview.svg"", ""../assets/contributions/C08_overview.svg"", ""../assets/contributions/C09_overview.svg"", ""../assets/contributions/C10_overview.svg"", ""../assets/contributions/C11_overview.svg"", ""../assets/contributions/C12_overview.svg"", ""../assets/contributions/C13_overview.svg"", ""../assets/contributions/C14_overview.svg"", ""../assets/contributions/C15_overview.svg"", ""../assets/contributions/C16_overview.svg"", ""../assets/contributions/C17_overview.svg"", ""../assets/contributions/C18_overview.svg"", ""../assets/contributions/C19_overview.svg"", ""../assets/contributions/C20_overview.svg"", ""../assets/contributions/C21_overview.svg"", ""../assets/contributions/C22_overview.svg"", ""../assets/contributions/C23_overview.svg"", ""../assets/contributions/C24_overview.svg"", ""../assets/contributions/C25_overview.svg"", ""../assets/contributions/C26_overview.svg""]",[],[],,Experimental,Needs implementation review,Keep with minor update,Pending review,595c53a420ec02e8803458ace776e07559b518eb1e0e862329fbf43f380fde72
docs/CONTRIBUTIONS_26_EXPERIMENTS.md,CONTRIBUTIONS_26_EXPERIMENTS.md,.md,1,24846,402,tracked-clean,030aedc6f9d7bdf4764bca245b854fb7deb71a9b,Contribution guidance,Robotics developers and researchers,True,"[""README.md""]","[""../contributions/01_learned_astar/experiments/eval_astar_learned.py"", ""../contributions/02_uncertainty_calibration/experiments/eval_uncertainty_calibration.py"", ""../contributions/03_belief_risk_planning/experiments/eval_risk_tradeoff.py"", ""../contributions/04_irreversibility_returnability/experiments/eval_recoverability_metrics.py"", ""../contributions/05_safe_mode_navigation/experiments/eval_safe_mode_thresholds.py"", ""../contributions/06_energy_connectivity/experiments/eval_resource_feasibility.py"", ""../contributions/07_next_best_view/experiments/eval_returnability_aware_nbv.py"", ""../contributions/08_security_ids/experiments/eval_ids_response_policy.py"", ""../contributions/09_multi_robot/experiments/eval_team_coordination.py"", ""../contributions/10_human_language_ethics/experiments/eval_human_ethics_policy.py"", ""../contributions/11_vlm_navigation_agent/experiments/eval_vlm_goal_validation.py"", ""../contributions/12_diffusion_occupancy/experiments/eval_risk_map_quality.py"", ""../contributions/13_latent_world_model/experiments/eval_rollout_audit.py"", ""../contributions/14_causal_risk_attribution/experiments/eval_root_cause_attribution.py"", ""../contributions/15_neuromorphic_sensing/experiments/eval_neuromorphic_latency.py"", ""../contributions/16_federated_nav_learning/experiments/eval_federated_tradeoffs.py"", ""../contributions/17_topological_semantic_maps/experiments/eval_topo_semantic_navigation.py"", ""../contributions/18_formal_safety_shields/experiments/eval_shield_stress_test.py"", ""../contributions/19_llm_mission_planner/experiments/eval_mission_plan_quality.py"", ""../contributions/20_multimodal_failure_explainer/experiments/eval_failure_report_quality.py"", ""../contributions/21_ppo_navigation_agent/experiments/eval_policy_safety.py"", ""../contributions/22_curriculum_rl/experiments/eval_curriculum_strategies.py"", ""../contributions/23_gaussian_splatting_mapper/experiments/eval_gs_mapping_quality.py"", ""../contributions/24_nerf_uncertainty/experiments/eval_nerf_uncertainty.py"", ""../contributions/25_adversarial_attack_simulator/experiments/eval_attack_impact.py"", ""../contributions/26_swarm_consensus/experiments/eval_swarm_consensus.py""]",[],"[""../contributions/01_learned_astar/experiments/eval_astar_learned.py"", ""../contributions/02_uncertainty_calibration/experiments/eval_uncertainty_calibration.py"", ""../contributions/03_belief_risk_planning/experiments/eval_risk_tradeoff.py"", ""../contributions/04_irreversibility_returnability/experiments/eval_recoverability_metrics.py"", ""../contributions/05_safe_mode_navigation/experiments/eval_safe_mode_thresholds.py"", ""../contributions/06_energy_connectivity/experiments/eval_resource_feasibility.py"", ""../contributions/07_next_best_view/experiments/eval_returnability_aware_nbv.py"", ""../contributions/08_security_ids/experiments/eval_ids_response_policy.py"", ""../contributions/09_multi_robot/experiments/eval_team_coordination.py"", ""../contributions/10_human_language_ethics/experiments/eval_human_ethics_policy.py"", ""../contributions/11_vlm_navigation_agent/experiments/eval_vlm_goal_validation.py"", ""../contributions/12_diffusion_occupancy/experiments/eval_risk_map_quality.py"", ""../contributions/13_latent_world_model/experiments/eval_rollout_audit.py"", ""../contributions/14_causal_risk_attribution/experiments/eval_root_cause_attribution.py"", ""../contributions/15_neuromorphic_sensing/experiments/eval_neuromorphic_latency.py"", ""../contributions/16_federated_nav_learning/experiments/eval_federated_tradeoffs.py"", ""../contributions/17_topological_semantic_maps/experiments/eval_topo_semantic_navigation.py"", ""../contributions/18_formal_safety_shields/experiments/eval_shield_stress_test.py"", ""../contributions/19_llm_mission_planner/experiments/eval_mission_plan_quality.py"", ""../contributions/20_multimodal_failure_explainer/experiments/eval_failure_report_quality.py"", ""../contributions/21_ppo_navigation_agent/experiments/eval_policy_safety.py"", ""../contributions/22_curriculum_rl/experiments/eval_curriculum_strategies.py"", ""../contributions/23_gaussian_splatting_mapper/experiments/eval_gs_mapping_quality.py"", ""../contributions/24_nerf_uncertainty/experiments/eval_nerf_uncertainty.py"", ""../contributions/25_adversarial_attack_simulator/experiments/eval_attack_impact.py"", ""../contributions/26_swarm_consensus/experiments/eval_swarm_consensus.py""]","[""python scripts/run_contribution_suite.py --output-dir results/contribution_suite"", ""python contributions/01_learned_astar/experiments/eval_astar_learned.py --trials 8 --min-goal-distance 8 --out results/contribution_suite/artifacts/c01_learned_astar.csv"", ""python contributions/02_uncertainty_calibration/experiments/eval_uncertainty_calibration.py --n 200 --seed 13 --out results/contribution_suite/artifacts/c02_uncertainty_calibration.csv"", ""python contributions/03_belief_risk_planning/experiments/eval_risk_tradeoff.py --alpha 0.95 --objective-risk cvar --out results/contribution_suite/artifacts/c03_belief_risk_tradeoff.csv"", ""python contributions/04_irreversibility_returnability/experiments/eval_recoverability_metrics.py --out results/contribution_suite/artifacts/c04_recoverability_profile.csv"", ""python contributions/05_safe_mode_navigation/experiments/eval_safe_mode_thresholds.py --n-steps 20 --out results/contribution_suite/artifacts/c05_safe_mode_thresholds.csv"", ""python contributions/06_energy_connectivity/experiments/eval_resource_feasibility.py --battery-budget 26 --reserve-energy 2 --min-connectivity 0.35 --out results/contribution_suite/artifacts/c06_resource_feasibility.csv"", ""python contributions/07_next_best_view/experiments/eval_returnability_aware_nbv.py --risk-weight 1.0 --returnability-weight 1.0 --connectivity-weight 0.25 --out results/contribution_suite/artifacts/c07_returnability_aware_nbv.csv"", ""python contributions/08_security_ids/experiments/eval_ids_response_policy.py --out results/contribution_suite/artifacts/c08_ids_response_policy.csv"", ""python contributions/09_multi_robot/experiments/eval_team_coordination.py --out results/contribution_suite/artifacts/c09_team_coordination.csv"", ""python contributions/10_human_language_ethics/experiments/eval_human_ethics_policy.py --out results/contribution_suite/artifacts/c10_human_ethics_policy.csv"", ""python contributions/11_vlm_navigation_agent/experiments/eval_vlm_goal_validation.py --out results/contribution_suite/artifacts/c11_vlm_goal_validation.csv"", ""python contributions/12_diffusion_occupancy/experiments/eval_risk_map_quality.py --n-scenarios 4 --out results/contribution_suite/artifacts/c12_risk_map_quality.csv"", ""python contributions/13_latent_world_model/experiments/eval_rollout_audit.py --horizon 6 --out results/contribution_suite/artifacts/c13_rollout_audit.csv"", ""python contributions/14_causal_risk_attribution/experiments/eval_root_cause_attribution.py --n-samples 30 --out results/contribution_suite/artifacts/c14_root_cause_attribution.csv"", ""python contributions/15_neuromorphic_sensing/experiments/eval_neuromorphic_latency.py --out results/contribution_suite/artifacts/c15_neuromorphic_latency.csv"", ""python contributions/16_federated_nav_learning/experiments/eval_federated_tradeoffs.py --rounds 3 --n-clients 4 --out results/contribution_suite/artifacts/c16_federated_tradeoffs.csv"", ""python contributions/17_topological_semantic_maps/experiments/eval_topo_semantic_navigation.py --out results/contribution_suite/artifacts/c17_topological_semantic_navigation.csv"", ""python contributions/18_formal_safety_shields/experiments/eval_shield_stress_test.py --out results/contribution_suite/artifacts/c18_shield_stress_test.csv"", ""python contributions/19_llm_mission_planner/experiments/eval_mission_plan_quality.py --out results/contribution_suite/artifacts/c19_mission_plan_quality.csv"", ""python contributions/20_multimodal_failure_explainer/experiments/eval_failure_report_quality.py --out results/contribution_suite/artifacts/c20_failure_report_quality.csv"", ""python contributions/21_ppo_navigation_agent/experiments/eval_policy_safety.py --episodes 8 --out results/contribution_suite/artifacts/c21_policy_safety.csv"", ""python contributions/22_curriculum_rl/experiments/eval_curriculum_strategies.py --episodes 40 --out results/contribution_suite/artifacts/c22_curriculum_strategies.csv"", ""python contributions/23_gaussian_splatting_mapper/experiments/eval_gs_mapping_quality.py --frames 4 --out results/contribution_suite/artifacts/c23_gaussian_mapping_quality.csv"", ""python contributions/24_nerf_uncertainty/experiments/eval_nerf_uncertainty.py --out results/contribution_suite/artifacts/c24_nerf_uncertainty.csv"", ""python contributions/25_adversarial_attack_simulator/experiments/eval_attack_impact.py --out results/contribution_suite/artifacts/c25_attack_impact.csv"", ""python contributions/26_swarm_consensus/experiments/eval_swarm_consensus.py --out results/contribution_suite/artifacts/c26_swarm_consensus.csv""]",,Documentation Concept,Needs implementation review,Keep with minor update,Pending review,148cd01052dfd09a856b52fa6828f8c85e34ab267fb3afa56a0d35af90f0e623
docs/DYNAMIC_EXECUTION_PROTOCOL.md,DYNAMIC_EXECUTION_PROTOCOL.md,.md,1,7541,165,tracked-clean,030aedc6f9d7bdf4764bca245b854fb7deb71a9b,Technical documentation,Robotics developers and researchers,True,"[""docs/GAZEBO_BENCHMARK_PROTOCOL.md"", ""ros2_ws/src/dynnav_nav2_benchmark/README.md""]","[""https://github.com/gazebosim/ros_gz/blob/jazzy/ros_gz_bridge/CHANGELOG.rst"", ""https://github.com/ros-navigation/navigation2/blob/jazzy/nav2_msgs/action/ComputePathToPose.action"", ""https://github.com/ros-navigation/navigation2/blob/jazzy/nav2_msgs/action/FollowPath.action"", ""https://github.com/ros-navigation/navigation2/blob/jazzy/nav2_msgs/action/NavigateToPose.action""]",[],[],"[""source /opt/ros/jazzy/setup.bash"", ""source install/setup.bash"", ""ros2 launch dynnav_nav2_benchmark tb3_dynamic_execution_benchmark.launch.py headless:=true repetitions:=1 output_dir:=$PWD/results/nav2_dynamic""]",,Experimental,Needs implementation review,Keep with minor update,Pending review,93edd98cd1cef0303025d59a76c9a94b3c230f84b73246a744eef9c41104ca7c
docs/DYNNAV_RESEARCHER_ARCHITECTURE.md,DYNNAV_RESEARCHER_ARCHITECTURE.md,.md,1,8551,151,tracked-clean,0461511cc35b8853380bb8c834d8f804a9347d25,Audit report,Robotics developers and researchers,True,"[""README.md""]",[],[],[],[],,Unclassified,Needs implementation review,Keep with minor update,Pending review,8c70c0a189bcb856c6fd4402cb68b37edd79e2969d79d6ed65954e8a95c6329e
docs/DYNNAV_V2_RESEARCH_ROADMAP.md,DYNNAV_V2_RESEARCH_ROADMAP.md,.md,1,7385,197,tracked-clean,030aedc6f9d7bdf4764bca245b854fb7deb71a9b,Roadmap,"Users, contributors, and researchers",True,"[""README.md"", ""README_GR.md"", ""docs/README.md""]","[""CONTRIBUTION_FEATURE_CATALOG.md""]",[],[],[],,Experimental,Needs implementation review,Keep with minor update,Pending review,f654aacf707e8cfd9e3578fc1c7e58ea3c42b182c72cfa13b1d51413d1b463d9
docs/ENGINEERING_AND_SCIENTIFIC_AUDIT.md,ENGINEERING_AND_SCIENTIFIC_AUDIT.md,.md,1,3721,53,tracked-clean,7e652648b19824b3138e3061fa5f0139d8c028b8,Audit report,Researchers and reviewers,False,[],[],[],[],[],,Planned,Needs implementation review,Keep with minor update,Pending review,84ecbf581a3b3591134534c39d0f128ad02287a7b6e8f622dca7f6e38d29d722
docs/EVALUATION_PROTOCOL.md,EVALUATION_PROTOCOL.md,.md,1,1030,30,tracked-clean,f3505a3f770a15ce53c86f7d4646fc2ab59855f1,Reproducibility report,Robotics developers and researchers,True,"[""READMEbig.md"", ""configs/README.md"", ""docs/CLAIMS_EVIDENCE.md"", ""docs/README.md"", ""paper/README.md"", ""results/README.md"", ""tests/README.md""]",[],[],[],[],,Unclassified,Needs implementation review,Keep with minor update,Pending review,e1478166e3b0c5f6561b78a869c81a3cc8b57e0fbe843f385b80e707a5dd195f
docs/Frontier-Restricted NBV Benchmark.md,Frontier-Restricted NBV Benchmark.md,.md,1,2946,74,tracked-clean,57491f7053877095fd099554bfad4080105f1351,Technical documentation,Researchers and reviewers,False,[],[],[],[],[],,Unclassified,Needs implementation review,Keep with minor update,Pending review,b3314771b640a949388b7ea85b8f9f1bd62f9a65997dccb6f63c37bb58f556c2
docs/GAZEBO_BENCHMARK_PROTOCOL.md,GAZEBO_BENCHMARK_PROTOCOL.md,.md,1,5026,110,tracked-clean,030aedc6f9d7bdf4764bca245b854fb7deb71a9b,ROS2 integration documentation,Robotics developers and researchers,True,"[""README.md"", ""docs/ROS2_NAV2_INTEGRATION.md""]","[""../ros2_ws/src/dynnav_nav2_benchmark/README.md"", ""DYNAMIC_EXECUTION_PROTOCOL.md"", ""https://docs.nav2.org/configuration/packages/configuring-navfn.html"", ""https://docs.nav2.org/configuration/packages/configuring-planner-server.html"", ""https://docs.nav2.org/configuration/packages/smac/configuring-smac-2d.html"", ""https://docs.nav2.org/setup_guides/gazebo.html"", ""https://github.com/ros-navigation/nav2_minimal_turtlebot_simulation""]",[],[],[],,Experimental,Needs implementation review,Keep with minor update,Pending review,aa8653f874699442f33b19d62cdc1153c95f7dfa40f2d808f260a50a6d2033af
docs/Human Preference–Aware Risk Navigation.md,Human Preference–Aware Risk Navigation.md,.md,1,5968,364,tracked-clean,57491f7053877095fd099554bfad4080105f1351,Technical documentation,"Users, contributors, and researchers",False,[],[],[],[],"[""python3 simple_risk_planner.py"", ""python3 simple_risk_planner_human.py"", ""python3 save_simple_planner_results.py"", ""python3 analyze_simple_planner_results.py"", ""python3 run_human_preference_exp.py"", ""python3 run_real_human_preference_demo.py""]",,Unclassified,Needs implementation review,Keep with minor update,Pending review,f7b9f692f8fd63bd94e7104c99d5312dfd62ff0c25ba21480af0f9594283028c
docs/Irreversibility_Aware_Navigation_New_Contribution.md,Irreversibility_Aware_Navigation_New_Contribution.md,.md,1,1655,31,tracked-clean,e0cbbbe5a9df9269c2269a28f7dadff3b32b066b,Contribution guidance,Researchers and reviewers,False,[],"[""Proposition_Irreversibility_vs_Risk_Weighting.md""]",[],[],[],,Experimental,Needs implementation review,Keep with minor update,Pending review,7e82f017afb033914c34a9e09b0144191c8133e60ea1f440ca9368c03e583386
docs/MAPPING.md,MAPPING.md,.md,1,4394,115,tracked-clean,59b31793b72780aea6e883111201e8cf180ee9e4,Technical documentation,"Users, contributors, and researchers",False,[],[],[],[],"[""pytest tests/test_mapping_occupancy_grid.py""]",,Unclassified,Needs implementation review,Keep with minor update,Pending review,d26eb9e42b4363a05088ead6ab4af5579d7ad913982bfaf2dc3827b80825c1b0
docs/MARKDOWN_AUDIT.md,MARKDOWN_AUDIT.md,.md,1,1995,41,tracked-clean,25f0ccf4bcbda3ff4508395786129ba52d40e202,Contribution guidance,Robotics developers and researchers,True,"[""docs/MARKDOWN_STYLE_GUIDE.md"", ""docs/README.md""]",[],[],[],"[""find . -type f -iname '*.md' -print | sort""]",,Planned,Needs implementation review,Keep with minor update,Pending review,090c6bcb135c7c71e1440a59a69b3bcb74abfc8f49d9ad29383b849064480a63
docs/MARKDOWN_STYLE_GUIDE.md,MARKDOWN_STYLE_GUIDE.md,.md,1,1897,39,tracked-clean,0860bf84b7ed556ba1f7e871ea1837d290f8ee59,Experiment documentation,Robotics developers and researchers,True,"[""docs/README.md""]","[""../README.md"", ""MARKDOWN_AUDIT.md""]",[],[],[],,Planned,Needs implementation review,Keep with minor update,Pending review,131e4e66bd52e2117dfad8bb12e198a5db28b1f93549a9f0e3bf7347ef1523d3
docs/MATHEMATICAL_FORMULATION.md,MATHEMATICAL_FORMULATION.md,.md,1,4043,136,tracked-clean,f318323b974095dbca546caafb44852f0fa7138a,Experiment documentation,Researchers and reviewers,True,"[""READMEbig.md"", ""docs/README.md""]",[],[],[],[],,Unclassified,Needs implementation review,Keep with minor update,Pending review,49d1b800297dfe2961a25abfcde5d62199afa5e351b473f24f4a586af95247af
docs/Multi-Robot Safe Mode Navigation under Uncertainty.md,Multi-Robot Safe Mode Navigation under Uncertainty.md,.md,1,4177,160,tracked-clean,57491f7053877095fd099554bfad4080105f1351,Reproducibility report,Researchers and reviewers,False,[],[],[],[],"[""git clone <repo-url>"", ""pip install -r requirements.txt"", ""python3 multi_robot_safe_mode_experiment.py"", ""python3 multi_robot_safe_mode_logged.py"", ""python3 safe_mode_threshold_ablation.py"", ""python3 analyze_lambda_sweep_risk_length.py""]",,Experimental,Needs implementation review,Keep with minor update,Pending review,0d0acfc0891e1791c294bfd0f42ae75d62e0c0575bc4ca9701f5cc177016e7dc
docs/NAVIGATION_PIPELINE.md,NAVIGATION_PIPELINE.md,.md,1,1261,23,tracked-clean,cd0f65f583e00af9d35be90b050a3c9a7b3da827,Technical documentation,"Users, contributors, and researchers",True,"[""docs/README.md""]",[],[],[],[],,Unclassified,Needs implementation review,Keep with minor update,Pending review,3c1e39600e516ef221baae487a49ad56829c55991ca80b2bbbd26a1818743cbf
docs/PHD_APPLICATION_READINESS.md,PHD_APPLICATION_READINESS.md,.md,1,5525,99,tracked-clean,030aedc6f9d7bdf4764bca245b854fb7deb71a9b,Experiment documentation,Robotics developers and researchers,True,"[""README.md""]",[],[],[],[],,Planned,Needs implementation review,Keep with minor update,Pending review,514fb47163ac256c844001dc1a75cb32e51f0ecd06ad629abc274509e453abec
docs/PRESENTATION_GUIDE.md,PRESENTATION_GUIDE.md,.md,1,6830,177,tracked-clean,e7c596eb4917f94017be80533fe6eb36df89377d,Reproducibility report,Researchers and reviewers,False,[],[],[],[],"[""python -m pip install -e \"".[dev,dashboard]\"""", ""streamlit run app/presentation.py"", ""streamlit run app/dashboard.py"", ""python scripts/presentation_benchmark.py --seeds 1-20 --out-dir results/presentation/benchmark""]",,Documentation Concept,Needs implementation review,Keep with minor update,Pending review,0eb76608548160fc5a4f3a999225cb1bd60332ebaa52f530cc7fc30e80c34f98
docs/Proposition_Irreversibility_vs_Risk_Weighting.md,Proposition_Irreversibility_vs_Risk_Weighting.md,.md,1,3318,120,tracked-clean,57491f7053877095fd099554bfad4080105f1351,Technical documentation,"Users, contributors, and researchers",True,"[""docs/Irreversibility_Aware_Navigation_New_Contribution.md""]","[""https://latex.codecogs.com/svg.image?%5Cmax%20I(%5Cpi)%20%5Capprox%200.95%20%5Cquad%20%5Cforall%20%5Clambda"", ""https://latex.codecogs.com/svg.image?%5Cmax_%7Bs%5Cin%5Cpi%7D%20I(s)%20%5Cle%20%5Ctau"", ""https://latex.codecogs.com/svg.image?%5Ctau%5E*%20%5Capprox%20%5Cmin_%7B%5Cpi%7D%20%5Cmax_%7Bs%5Cin%5Cpi%7D%20I(s)%20%5Capprox%20I(%5Ctext%7Bdoor%7D)"", ""https://latex.codecogs.com/svg.image?I(s)%5Cin%5B0,1%5D"", ""https://latex.codecogs.com/svg.image?J(%5Cpi)=%5Csum%20c(s)%2B%5Clambda%5Csum%20I(s)""]",[],[],[],,Unclassified,Needs implementation review,Keep with minor update,Pending review,e9c4038a628fb59b211f4b665f5b75747ff69b6a8371dbe90fdc3e6f5f4a6e38
docs/README Irreversibility-Aware Navigation Planning.md,README Irreversibility-Aware Navigation Planning.md,.md,1,3093,158,tracked-clean,57491f7053877095fd099554bfad4080105f1351,Directory or subsystem overview,"Users, contributors, and researchers",False,[],[],[],[],"[""python run_irreversibility_tau_sweep.py"", ""python run_irreversibility_bottleneck_sweep.py""]",,Unclassified,Needs implementation review,Keep with minor update,Pending review,38ca728ae5fc96b6feb33632bb77360f54760e3e651d05a1ef2d8e9341dac5db
docs/README Self-Healing Navigation & Language-Driven Safety.md,README Self-Healing Navigation & Language-Driven Safety.md,.md,1,5891,226,tracked-clean,57491f7053877095fd099554bfad4080105f1351,Experiment documentation,Researchers and reviewers,False,[],[],[],[],"[""python3 self_healing_demo.py"", ""python3 language_safety_demo.py"", ""python3 -m venv .venv"", ""source .venv/bin/activate   # Linux / macOS"", ""python3 self_healing_demo.py"", ""python3 language_safety_demo.py""]",,Unclassified,Needs implementation review,Keep with minor update,Pending review,67e3e44fb8dff8e345a7176a1f3e1f0b4109917907ea8e4ccd1a181d3c4b1409
docs/README-large info.md,README-large info.md,.md,1,13415,395,tracked-clean,57491f7053877095fd099554bfad4080105f1351,Directory or subsystem overview,Researchers and reviewers,False,[],[],[],[],"[""python -m venv venv"", ""source venv/bin/activate      # Linux / macOS"", ""pip install -r requirements.txt"", ""pip install -e ."", ""python train_heuristic.py"", ""python eval_astar_learned.py"", ""python ig_planners_demo.py"", ""python multiobj_planner.py"", ""python sweep_lambda_fused_risk.py"", ""python plot_belief_risk_lambda_sweep.py"", ""python drift_aware_nbv_experiment.py"", ""python drift_aware_nbv_multistep.py""]",,Experimental,Needs implementation review,Keep with minor update,Pending review,712e4a2e26fec0735ce757984d1810393105df9456071ec6f8d6932215822890
docs/README.md,README.md,.md,1,3757,80,tracked-clean,7cd5c0e60442b451a3d0644bc89eefc1a7e55506,Reproducibility report,Researchers and reviewers,True,"[""README.md"", ""README_GR.md"", ""READMEbig.md"", ""website/README.md""]","[""../README.md"", ""../README_GR.md"", ""../configs/README.md"", ""../scripts/README.md"", ""../tests/README.md"", ""CONTRIBUTION_FEATURE_CATALOG.md"", ""DYNNAV_V2_RESEARCH_ROADMAP.md"", ""EVALUATION_PROTOCOL.md"", ""MARKDOWN_AUDIT.md"", ""MARKDOWN_STYLE_GUIDE.md"", ""MATHEMATICAL_FORMULATION.md"", ""NAVIGATION_PIPELINE.md"", ""REPOSITORY_AUDIT.md"", ""REPRODUCIBILITY.md"", ""RESEARCH_OVERVIEW.md"", ""RISK_ESTIMATION.md"", ""SYSTEM_ARCHITECTURE.md"", ""UNCERTAINTY_MODEL.md""]",[],[],"[""python -m pip install -e \"".[dev]\"""", ""pytest"", ""python scripts/run_all.py --config configs/default.yaml --smoke --out-dir results/ci_smoke"", ""python scripts/run_benchmarks.py --config configs/default.yaml --smoke --out-dir results/ci_benchmarks"", ""python -m pip install -e \"".[dashboard]\"""", ""streamlit run app/dashboard.py""]",,Experimental,Needs implementation review,Keep with minor update,Pending review,d68a10d5f83ca7ecfccaaf0fd4951ce64c6a4c0fce798d57479febad9f660f6f
docs/README_Energy_Connectivity_SafeMode.md,README_Energy_Connectivity_SafeMode.md,.md,1,5044,163,tracked-clean,57491f7053877095fd099554bfad4080105f1351,Directory or subsystem overview,"Users, contributors, and researchers",False,[],[],[],[],[],,Experimental,Needs implementation review,Keep with minor update,Pending review,96aa7bf96e4b4eea36f0b1b6d00918fc92027a9e5f1d91dad9357b98e7648fb0
docs/README_Innovation-Based_IDS_for_UKF_Sensor_Fusion.md,README_Innovation-Based_IDS_for_UKF_Sensor_Fusion.md,.md,1,4108,144,tracked-clean,57491f7053877095fd099554bfad4080105f1351,Directory or subsystem overview,"Users, contributors, and researchers",False,[],[],[],[],[],,Experimental,Needs implementation review,Keep with minor update,Pending review,af8d8d03c89916e5b72b0609f6773bf9ea025d5a6ea11fc47bf36e5bc13f844d
docs/README_Irreversibility_Aware_Planning results.md,README_Irreversibility_Aware_Planning results.md,.md,1,6370,215,tracked-clean,57491f7053877095fd099554bfad4080105f1351,Directory or subsystem overview,"Users, contributors, and researchers",False,[],"[""https://latex.codecogs.com/svg.image?%5Cmax%20I=0.95%20%5Cforall%20%5Clambda"", ""https://latex.codecogs.com/svg.image?%5Cmax_%7Bs%5Cin%5Cpi%7D%20I(s)%20%5Cle%20%5Ctau"", ""https://latex.codecogs.com/svg.image?%5Ctau%3CI_%7B%5Ctext%7Bdoor%7D%7D"", ""https://latex.codecogs.com/svg.image?%5Ctau%5Cin%5B0.30,1.00%5D"", ""https://latex.codecogs.com/svg.image?%5Ctau%5E*%5Capprox0.85"", ""https://latex.codecogs.com/svg.image?I(s)%5Cin%5B0,1%5D"", ""https://latex.codecogs.com/svg.image?I(s)=1"", ""https://latex.codecogs.com/svg.image?I(s)=w_u%5Ccdot%5Chat%7BU%7D(s)%2Bw_f%5Ccdot(1-%5Chat%7BF%7D(s))%2Bw_d%5Ccdot%5Chat%7BD%7D(s)"", ""https://latex.codecogs.com/svg.image?J(%5Cpi)=%5Csum%20c(s)%2B%5Clambda%5Csum%20I(s)""]",[],[],"[""python run_irreversibility_tau_sweep.py"", ""python run_irreversibility_bottleneck_sweep.py"", ""python run_risk_weighted_lambda_sweep.py""]",,Planned,Needs implementation review,Keep with minor update,Pending review,95c614bdbe97a2c3bfcb3d199cd4a082ac42892300637d1603a7cf08b8065667
docs/README_LAB_GRADE_UPGRADE.md,README_LAB_GRADE_UPGRADE.md,.md,1,2680,63,tracked-clean,eb5113964c33d8e9395154514b8c460078e3b5ac,Contribution guidance,Contributors and maintainers,False,[],[],[],[],[],,Implemented,Needs implementation review,Keep with minor update,Pending review,edf10d50e123442fd572535c7ff1a8fdcb069f40da6aa0d78b481988bc85d98e
docs/README_LiDAR_SLAM_TurtleBot3_ROS2.md,README_LiDAR_SLAM_TurtleBot3_ROS2.md,.md,1,3880,213,tracked-clean,57491f7053877095fd099554bfad4080105f1351,ROS2 integration documentation,Robotics developers and researchers,False,[],[],[],[],"[""sudo apt install ros-jazzy-turtlebot3-gazebo"", ""source ~/.bashrc"", ""sudo apt install ros-jazzy-slam-toolbox"", ""sudo apt install ros-jazzy-nav2-bringup"", ""sudo apt install ros-jazzy-turtlebot3-navigation2"", ""export TURTLEBOT3_MODEL=burger"", ""ros2 launch turtlebot3_gazebo turtlebot3_world.launch.py"", ""ros2 launch slam_toolbox online_async_launch.py"", ""ros2 run turtlebot3_teleop teleop_keyboard"", ""mkdir -p ~/maps"", ""ros2 run nav2_map_server map_saver_cli -f ~/maps/tb3_world_map"", ""export TURTLEBOT3_MODEL=burger"", ""ros2 launch turtlebot3_gazebo turtlebot3_world.launch.py"", ""ros2 launch nav2_bringup bringup_launch.py use_sim_time:=True map:=/home/YOUR_USER/maps/tb3_world_map.yaml"", ""ros2 bag record /scan /map /tf /cmd_vel /odom""]",exact-normalized:f267bd925332,Unclassified,Needs implementation review,Investigate manually,Pending review,36cff9894332496504621f07082bfde03d0afca9afb6764b8932216a6b2cd7bc
docs/README_safe_mode_experiments.md,README_safe_mode_experiments.md,.md,1,7408,203,tracked-clean,57491f7053877095fd099554bfad4080105f1351,Experiment documentation,Researchers and reviewers,False,[],[],[],[],[],,Unclassified,Needs implementation review,Keep with minor update,Pending review,1a35b0615b681175fbb88eba3843b7d78864b5514f4e0646584a5da513d3c5d7
docs/README_TF_Attack_Aware_IDS.md,README_TF_Attack_Aware_IDS.md,.md,1,3999,147,tracked-clean,57491f7053877095fd099554bfad4080105f1351,Directory or subsystem overview,"Users, contributors, and researchers",False,[],[],[],[],[],,Experimental,Needs implementation review,Keep with minor update,Pending review,3df38b4f1c91bcc2ec79202f3e944427cb87fb10916f8cc38771579823b7bdeb
docs/README_trust_navigation.md,README_trust_navigation.md,.md,1,8488,316,tracked-clean,57491f7053877095fd099554bfad4080105f1351,Directory or subsystem overview,"Users, contributors, and researchers",False,[],[],[],[],"[""git clone <YOUR_REPO_URL>.git"", ""python3 -m venv .venv"", ""source .venv/bin/activate        # On Windows: .venv\\Scripts\\activate"", ""pip install -r requirements.txt  # if provided"", ""python3 run_trust_dynamics_demo.py"", ""python3 run_trust_and_preferences_demo.py"", ""python3 save_trust_preference_results.py""]",,Unclassified,Needs implementation review,Keep with minor update,Pending review,cfbc6f8b5089e6f84b58ca4be6a99841bc316888d31ab5b385892c8a5055e108
docs/READMEResults: Self-Healing + Language Safety + Trust + Ethical Navigation.md,READMEResults: Self-Healing + Language Safety + Trust + Ethical Navigation.md,.md,1,4209,145,tracked-clean,57491f7053877095fd099554bfad4080105f1351,Directory or subsystem overview,Robotics developers and researchers,False,[],[],[],[],[],,Unclassified,Needs implementation review,Keep with minor update,Pending review,363224d933e4fc1840a1c7827c0c31ef48710893ef935c53aab1810faaded275
docs/REPOSITORY_AUDIT.md,REPOSITORY_AUDIT.md,.md,1,14072,242,tracked-clean,557f02d85f94142087be06a8ba8d4c2bffb576f1,Contribution guidance,Contributors and maintainers,True,"[""READMEbig.md"", ""contributions/README.md"", ""docs/CLAIMS_EVIDENCE.md"", ""docs/README.md"", ""paper/README.md"", ""tests/README.md""]",[],[],[],[],,Planned,Needs implementation review,Keep with minor update,Pending review,e771e71266cdaeca546d85fb451098e0b38bdfea8d419f0c8ed74dfc7f11a21c
docs/REPRODUCIBILITY.md,REPRODUCIBILITY.md,.md,1,906,40,tracked-clean,388c131db0d41c704653887d6615717be9a37f13,Reproducibility report,Researchers and reviewers,True,"[""READMEbig.md"", ""configs/README.md"", ""docs/CLAIMS_EVIDENCE.md"", ""docs/README.md"", ""results/README.md"", ""scripts/README.md""]",[],[],[],"[""python -m venv .venv"", ""source .venv/bin/activate"", ""pip install -e .[dev]"", ""docker build -t dynnav ."", ""docker run --rm dynnav"", ""dynnav-benchmark --config configs/benchmark.yaml --out-csv results/benchmarks/dynnav_benchmark.csv --summary results/benchmarks/summary.md"", ""python scripts/generate_research_assets.py"", ""python scripts/make_demo_gif.py""]",,Unclassified,Needs implementation review,Keep with minor update,Pending review,c081a1b69fe5155e42109e383f9a7615ebc569ad40b95f3ef4aed078725d6728
docs/RESEARCH_CONTRIBUTION.md,RESEARCH_CONTRIBUTION.md,.md,1,3180,90,tracked-clean,2d3ad41ed3874f8f3fd2bfe2c1bf3ae95a78581f,Contribution guidance,Researchers and reviewers,False,[],[],[],[],[],,Unclassified,Needs implementation review,Keep with minor update,Pending review,16b27db04c33b707eed2625b73ac55968d6b50418e799b2a889cf2be7045c6c0
docs/RESEARCH_FOCUS.md,RESEARCH_FOCUS.md,.md,1,830,15,tracked-clean,d8abe4104331a64f9828f716c9188ec52309c767,Technical documentation,Researchers and reviewers,False,[],[],[],[],[],,Unclassified,Needs implementation review,Keep with minor update,Pending review,dda90ac8ffdcd46aa4df3fa9f018bc2ebc0100bd41d6b152599ef1270125cc90
docs/RESEARCH_OVERVIEW.md,RESEARCH_OVERVIEW.md,.md,1,2337,38,tracked-clean,7c538b12000b95c039b628501288ebfd78ce1b83,Technical documentation,Robotics developers and researchers,True,"[""READMEbig.md"", ""docs/README.md""]",[],[],[],[],,Research Prototype,Needs implementation review,Keep with minor update,Pending review,4fd53b7095686c750fecdfa7b7be38900694bca742006f8eeec184551b8dbfbe
docs/Returnability- & Irreversibility-Aware Frontier NBV.md,Returnability- & Irreversibility-Aware Frontier NBV.md,.md,1,1692,52,tracked-clean,57491f7053877095fd099554bfad4080105f1351,Technical documentation,Researchers and reviewers,False,[],[],[],[],"[""python run_nbv_frontier_demo.py"", ""python plot_nbv_frontier_top10_overlay.py""]",,Unclassified,Needs implementation review,Keep with minor update,Pending review,9eba71d284d90f6bb6b3cbba348c8c59c0bf3485a50262af7ca36b0f9d2440c9
docs/RISK_ESTIMATION.md,RISK_ESTIMATION.md,.md,1,1085,25,tracked-clean,4bb4efbf2aa4677e7bc3a686924cc3d64b507413,Technical documentation,Researchers and reviewers,True,"[""docs/README.md""]",[],[],[],[],,Planned,Needs implementation review,Keep with minor update,Pending review,1422b55dc9f750c372ba34a14483be859dfed074956f1852224f61382e034c82
docs/ROADMAP.md,ROADMAP.md,.md,1,841,24,tracked-clean,c804205ff2e97b625f22b6b799d8cd22c4740dbf,Roadmap,Robotics developers and researchers,False,[],[],[],[],[],,Implemented,Needs implementation review,Keep with minor update,Pending review,9a7c4da54ad3b85d43f0b2d51dcf20160217e9cdf218499b427aa72e7514406b
docs/ROS2_NAV2_INTEGRATION.md,ROS2_NAV2_INTEGRATION.md,.md,1,4531,124,tracked-clean,030aedc6f9d7bdf4764bca245b854fb7deb71a9b,ROS2 integration documentation,Robotics developers and researchers,False,[],"[""../ros2_ws/src/dynnav_nav2_cpp/README.md"", ""GAZEBO_BENCHMARK_PROTOCOL.md""]",[],[],"[""source /opt/ros/jazzy/setup.bash"", ""colcon build --base-paths ros2_ws/src/dynnav_nav2_cpp --packages-select dynnav_nav2_cpp --event-handlers console_direct+"", ""source install/setup.bash"", ""colcon test --packages-select dynnav_nav2_cpp --event-handlers console_direct+"", ""colcon test-result --verbose""]",,Implemented,Needs implementation review,Keep with minor update,Pending review,5bd5e2c638f0a7e8f1b59d25655d98fb08b91b1819dcda423dabeddf969cb8fa
docs/SelfHealing_LanguageSafety_README.md,SelfHealing_LanguageSafety_README.md,.md,1,6075,242,tracked-clean,57491f7053877095fd099554bfad4080105f1351,Directory or subsystem overview,Robotics developers and researchers,False,[],[],[],[],[],,Unclassified,Needs implementation review,Keep with minor update,Pending review,27fb16b0891078018528bbfb8faa2cf5e12359349212784cf9885c9d171135c3
docs/SYSTEM_ARCHITECTURE.md,SYSTEM_ARCHITECTURE.md,.md,1,2301,44,tracked-clean,65289b7604ad18b16454bdda46a26369f78563b5,Experiment documentation,Researchers and reviewers,True,"[""docs/README.md"", ""src/README.md""]",[],[],[],[],,Unclassified,Needs implementation review,Keep with minor update,Pending review,2ba221f793e10e70ee37ab289ffd45cccda10de866cda6319438d2f416723119
docs/UNCERTAINTY_MODEL.md,UNCERTAINTY_MODEL.md,.md,1,1128,23,tracked-clean,05d247d9d800b3069b7e079e9f7d930a99c28c4c,Reproducibility report,Researchers and reviewers,True,"[""docs/README.md""]",[],[],[],[],,Unclassified,Needs implementation review,Keep with minor update,Pending review,16bdd4844087eac109183680bfa46b4d5f0d0047d1a568bd5c9f304cc219b0ed
lidar_ros2/readme,readme,,1,1216,38,tracked-clean,81979391fcd909863946e19282d3fd2cc838f3cf,ROS2 integration documentation,Robotics developers and researchers,False,[],"[""../README.md""]",[],[],"[""find lidar_ros2 -maxdepth 3 -type f -print""]",,Unclassified,Needs implementation review,Convert to canonical README,Pending review,5bed1ff2ba6c7d6f1211177d58df65224b0bff155e00742e55557be464f311fb
lidar_ros2/README (4).md,README (4).md,.md,1,3880,213,tracked-clean,27837961ea79e48ae681a64e8e8fd626586530ee,LiDAR integration documentation,Robotics developers and researchers,False,[],[],[],[],"[""sudo apt install ros-jazzy-turtlebot3-gazebo"", ""source ~/.bashrc"", ""sudo apt install ros-jazzy-slam-toolbox"", ""sudo apt install ros-jazzy-nav2-bringup"", ""sudo apt install ros-jazzy-turtlebot3-navigation2"", ""export TURTLEBOT3_MODEL=burger"", ""ros2 launch turtlebot3_gazebo turtlebot3_world.launch.py"", ""ros2 launch slam_toolbox online_async_launch.py"", ""ros2 run turtlebot3_teleop teleop_keyboard"", ""mkdir -p ~/maps"", ""ros2 run nav2_map_server map_saver_cli -f ~/maps/tb3_world_map"", ""export TURTLEBOT3_MODEL=burger"", ""ros2 launch turtlebot3_gazebo turtlebot3_world.launch.py"", ""ros2 launch nav2_bringup bringup_launch.py use_sim_time:=True map:=/home/YOUR_USER/maps/tb3_world_map.yaml"", ""ros2 bag record /scan /map /tf /cmd_vel /odom""]",exact-normalized:f267bd925332,Unclassified,Needs implementation review,Investigate manually,Pending review,36cff9894332496504621f07082bfde03d0afca9afb6764b8932216a6b2cd7bc
paper/abstract.md,abstract.md,.md,1,769,3,tracked-clean,0c754145b2620f095245e0cd8f042ae6dbe682bf,Reproducibility report,Researchers and reviewers,False,[],[],[],[],[],,Research Prototype,Needs implementation review,Keep with minor update,Pending review,19ff2982c20f8afa873447efd818196be8b65b658275991ef2a0daf94ba71b39
paper/contributions.md,contributions.md,.md,1,836,9,tracked-clean,0f91d5fd854a46a7e990545cb0776b4326519801,Contribution guidance,Researchers and reviewers,False,[],[],[],[],[],,Unclassified,Needs implementation review,Keep with minor update,Pending review,775ce9b4ef7e5ade2908335b41863feff90e704b73aa42975ae15c78079a33e0
paper/dynnav_r/README.md,README.md,.md,2,1588,65,tracked-clean,5477c59886271663066cf84102f243a24a4ace81,Experiment documentation,Researchers and reviewers,False,[],[],[],[],"[""python ../../benchmarks/fragile_commitment/random_benchmark.py --seeds 100 --output random_topology_results.csv"", ""python ../../benchmarks/fragile_commitment/paired_tests.py random_topology_results.csv --baseline risk_only --candidate recoverability_aware --output-csv paired_tests.csv --markdown paired_tests.md"", ""python ../../benchmarks/fragile_commitment/paper_figures.py random_topology_results.csv --output-dir ../figures/fragile_commitment --format pdf"", ""python ../../benchmarks/fragile_commitment/paper_tables.py random_topology_results.csv paired_tests.csv --output-dir ../tables/fragile_commitment""]",,Experimental,Needs implementation review,Keep with minor update,Pending review,61ab8566f72dfeb9d202db051320a09b95c3f228c60ea597e740558e1b36085e
paper/future_work.md,future_work.md,.md,1,499,3,tracked-clean,6814960c1336b71f251e0cd01cb997fd60ae2053,Reproducibility report,Robotics developers and researchers,False,[],[],[],[],[],,Unclassified,Needs implementation review,Keep with minor update,Pending review,6b74b0a8fb791e7b7995326fd4c0955725a0e4401b8bb2e09ecdcb44bf69a491
paper/LITERATURE_GAP_ANALYSIS.md,LITERATURE_GAP_ANALYSIS.md,.md,1,15231,203,tracked-clean,c245140ea5904224aa6d9d281d3f0f6e755c0907,Contribution guidance,Researchers and reviewers,False,[],[],[],[],[],,Unclassified,Needs implementation review,Keep with minor update,Pending review,e07b572eaf996d51074537bd1c94e625239ba6370b8230664099c0861ba03fc2
paper/MANUSCRIPT_DRAFT.md,MANUSCRIPT_DRAFT.md,.md,1,8335,191,tracked-clean,59040cd51c30fa4b7adaef884d1d422676cb3b8e,Audit report,Researchers and reviewers,False,[],[],[],[],[],,Experimental,Needs implementation review,Keep with minor update,Pending review,1f666965b5b295c151cb258740bdfe17a853d6f504132807ffab688f2f1fd75f
paper/README.md,README.md,.md,1,1303,24,tracked-clean,eaf053d549698ab64ca6ac1eeaedfa39c8da9c02,Contribution guidance,Robotics developers and researchers,True,"[""READMEbig.md""]","[""../README.md"", ""../docs/EVALUATION_PROTOCOL.md"", ""../docs/REPOSITORY_AUDIT.md"", ""../results/README.md""]",[],[],[],,Planned,Needs implementation review,Keep with minor update,Pending review,1fa5269b06e94e1995802734241ca7b1f74150d5bb5d37a804700314982c6bd9
paper/RECOVERABILITY_METRIC.md,RECOVERABILITY_METRIC.md,.md,1,2199,83,tracked-clean,427b26f102cf1dbd35d72f43f1a15c40d66eecfe,Contribution guidance,"Users, contributors, and researchers",False,[],[],[],[],[],,Unclassified,Needs implementation review,Keep with minor update,Pending review,4a4bcf7972157bccd4790eb06102f80100161a7db3012158cf5b94bc6cdb8089
paper/RESEARCH_PLAN.md,RESEARCH_PLAN.md,.md,1,5960,181,tracked-clean,0263e8edbf5d517a8b2726797bd3004940ab8406,Contribution guidance,"Users, contributors, and researchers",False,[],[],[],[],[],,Implemented,Needs implementation review,Keep with minor update,Pending review,0fa3ca6a31e64e25ad7c1d884cd70d4c06fc3ddc6208b42f2bdfd8e6289caf7c
README.md,README.md,.md,0,14927,397,tracked-clean,030aedc6f9d7bdf4764bca245b854fb7deb71a9b,Contribution guidance,Researchers and reviewers,True,"[""README_GR.md"", ""README_GREEK.md"", ""READMEbig.md"", ""assets/README.md"", ""configs/README.md"", ""contributions/README.md"", ""contributions/hybrid_learned_astar/README.md"", ""docs/MARKDOWN_STYLE_GUIDE.md"", ""docs/README.md"", ""lidar_ros2/readme"", ""paper/README.md"", ""results/README.md"", ""ros2_ws/lidar_slam_tb3/readme"", ""scripts/README.md"", ""src/README.md"", ""tests/README.md"", ""website/README.md""]","[""LICENSE"", ""app/README.md"", ""assets/dynnav_system_overview.gif"", ""assets/dynnav_system_overview.mp4"", ""contributions/CONTRIBUTIONS_README.md"", ""docs/CONTRIBUTIONS_26_EXPERIMENTS.md"", ""docs/CONTRIBUTION_FEATURE_CATALOG.md"", ""docs/DYNNAV_RESEARCHER_ARCHITECTURE.md"", ""docs/DYNNAV_V2_RESEARCH_ROADMAP.md"", ""docs/GAZEBO_BENCHMARK_PROTOCOL.md"", ""docs/PHD_APPLICATION_READINESS.md"", ""docs/README.md"", ""https://github.com/panagiotagrosdouli/DynNav/actions/workflows/ci.yml/badge.svg"", ""https://github.com/panagiotagrosdouli/DynNav/actions/workflows/contribution-experiments.yml/badge.svg"", ""https://img.shields.io/badge/License-Apache--2.0-4C1.svg"", ""https://img.shields.io/badge/Python-3.10%2B-3776AB?logo=python&logoColor=white"", ""ros2_ws/src/dynnav_nav2_cpp/README.md""]","[""assets/dynnav_system_overview.gif"", ""assets/dynnav_system_overview.mp4"", ""https://github.com/panagiotagrosdouli/DynNav/actions/workflows/ci.yml/badge.svg"", ""https://github.com/panagiotagrosdouli/DynNav/actions/workflows/contribution-experiments.yml/badge.svg"", ""https://img.shields.io/badge/License-Apache--2.0-4C1.svg""]",[],"[""git clone https://github.com/panagiotagrosdouli/DynNav.git"", ""python -m venv .venv"", ""source .venv/bin/activate"", ""python -m pip install --upgrade pip"", ""python -m pip install -e \"".[dev,dashboard]\"""", ""python -m pip install -e \"".[researcher]\"""", ""python -m uvicorn apps.api.main:app --reload --port 8000"", ""npm install"", ""npm run dev"", ""streamlit run app/dashboard.py"", ""dynnav-benchmark"", ""python scripts/run_all.py"", ""python scripts/run_benchmarks.py"", ""python -m pytest -q"", ""source /opt/ros/jazzy/setup.bash"", ""colcon build --base-paths ros2_ws/src/dynnav_nav2_cpp --packages-select dynnav_nav2_cpp"", ""source install/setup.bash"", ""colcon test --packages-select dynnav_nav2_cpp"", ""colcon test-result --verbose"", ""ros2 launch dynnav_nav2_benchmark tb3_static_planner_benchmark.launch.py headless:=true repetitions:=10 output_dir:=$PWD/results/nav2_static"", ""python scripts/validate_contribution_registry.py"", ""python scripts/run_contribution_suite.py --output-dir results/contribution_suite""]",,Experimental,Needs implementation review,Keep with minor update,Pending review,c563ebb8610c4ea7346d4e7a1f11f3666687c1c05348b5399005998f5648f257
readme_full.md,readme_full.md,.md,0,8601,273,tracked-clean,9cf0ea1b3adb6a6e9c728c8e86ae4247f42ed1c1,Experiment documentation,Researchers and reviewers,False,[],[],[],[],[],,Experimental,Needs implementation review,Keep with minor update,Pending review,47b487d33b91d8d903192e3298e64dc2dd35a6b4344321a006fe6067f1d5e762
README_GR.md,README_GR.md,.md,0,9064,194,tracked-clean,024893faabddb4b2dc912321cdaf4049cf690ef4,Contribution guidance,"Users, contributors, and researchers",True,"[""README_GREEK.md"", ""docs/README.md""]","[""README.md"", ""docs/CONTRIBUTION_FEATURE_CATALOG.md"", ""docs/DYNNAV_V2_RESEARCH_ROADMAP.md"", ""docs/README.md"", ""https://github.com/panagiotagrosdouli/DynNav/actions/workflows/ci.yml/badge.svg"", ""https://img.shields.io/badge/License-Apache--2.0-4C1.svg"", ""https://img.shields.io/badge/Python-3.10%2B-3776AB?logo=python&logoColor=white""]","[""https://github.com/panagiotagrosdouli/DynNav/actions/workflows/ci.yml/badge.svg"", ""https://img.shields.io/badge/License-Apache--2.0-4C1.svg""]",[],"[""git clone https://github.com/panagiotagrosdouli/DynNav.git"", ""python -m venv .venv"", ""source .venv/bin/activate"", ""python -m pip install --upgrade pip"", ""python -m pip install -e \"".[dev,dashboard]\"""", ""pytest"", ""streamlit run app/dashboard.py""]",,Unclassified,Needs implementation review,Keep with minor update,Pending review,a68f9e3388da4fec2ec2fd422b0e4a24399a5f7c741bf29942b8b977da7e4ccc
README_GREEK.md,README_GREEK.md,.md,0,944,17,tracked-clean,566dafb76bbbbaa3a6d1885c0c81d98b7b20db86,Directory or subsystem overview,"Users, contributors, and researchers",False,[],"[""README.md"", ""README_GR.md"", ""assets/readme/dynnav_living_map.svg""]","[""assets/readme/dynnav_living_map.svg""]",[],[],,Unclassified,Needs implementation review,Keep with minor update,Pending review,c1c81277d24d3888467754b7a1476c9dc9d1b3830cf2d06a3716a606d4ecdbbb
READMEbig.md,READMEbig.md,.md,0,2180,27,tracked-clean,4c41e95396834c6bdee0d72db8d927d10b91f20e,Audit report,Researchers and reviewers,False,[],"[""README.md"", ""contributions/CONTRIBUTIONS_README.md"", ""docs/"", ""docs/EVALUATION_PROTOCOL.md"", ""docs/MATHEMATICAL_FORMULATION.md"", ""docs/README.md"", ""docs/REPOSITORY_AUDIT.md"", ""docs/REPRODUCIBILITY.md"", ""docs/RESEARCH_OVERVIEW.md"", ""paper/README.md""]",[],[],[],,Planned,Needs implementation review,Keep with minor update,Pending review,56f4ddb08c4385c4ad716d01c6b59bbc7047f9e932bde76e415bc879bad3f9e4
RELEASE_NOTES.md,RELEASE_NOTES.md,.md,0,918,25,tracked-clean,c93d15e765b45a1ad44dab1a7ae3b8364c2547fa,Contribution guidance,Researchers and reviewers,False,[],[],[],[],[],,Planned,Needs implementation review,Keep with minor update,Pending review,f23b5d8da7c91c869a52fcfa3355b206455b24f49e7f3a2623475ea1aaa1a2c3
REPRODUCIBILITY_REPORT.md,REPRODUCIBILITY_REPORT.md,.md,0,3016,88,tracked-clean,38a86d35f027fc1096d5a65e4e9b0933f951c031,Reproducibility report,Researchers and reviewers,False,[],[],[],[],"[""git clone https://github.com/panagiotagrosdouli/DynNav-Dynamic-Navigation-Rerouting-in-Unknown-Environments.git dynnav_repo"", ""python -m venv .venv"", ""source .venv/bin/activate"", ""python -m pip install --upgrade pip"", ""python -m pip install -e \"".[dev]\"""", ""python -m compileall src scripts tests"", ""pytest -q"", ""python scripts/run_all.py --mode smoke"", ""python scripts/run_all.py --mode validate"", ""docker build -t dynnav ."", ""docker run --rm dynnav"", ""docker run --rm -v \""$(pwd)/results:/app/results\"" dynnav"", ""npm ci"", ""npm run lint"", ""npm run typecheck"", ""npm run test"", ""npm run build""]",,Unclassified,Needs implementation review,Keep with minor update,Pending review,0b2540ac145290722a453aff654a589b341d55bda5975f297715b758f677a6c4
research_experiments/trust_aware_cvar/paper/paper.md,paper.md,.md,3,26084,185,tracked-clean,5ea5f7c0f25581acca7fe3ac4ab791a7b5d680d1,Technical documentation,Researchers and reviewers,False,[],[],[],[],[],,Experimental,Needs implementation review,Keep with minor update,Pending review,681d97f43734c0c425068dc46b6c2e7945130559b0b928a1d96fe8afedeff0f0
research_experiments/trust_aware_cvar/README.md,README.md,.md,2,2511,49,tracked-clean,5ea5f7c0f25581acca7fe3ac4ab791a7b5d680d1,Experiment documentation,Researchers and reviewers,False,[],[],[],[],"[""python -m benchmark.run_experiments --n_maps 50 --size 26 --episodes_per_map 12"", ""python -m benchmark.run_experiments --n_maps 50 --size 26 --episodes_per_map 100"", ""python -m analysis.stats_analysis"", ""python -m analysis.plots"", ""python -m analysis.latex_tables""]",,Experimental,Needs implementation review,Keep with minor update,Pending review,5b1c4d0200bd1a39a7a9c6dda882b411c2a46db64462eaf9c3ff0e67668f14c5
results/README.md,README.md,.md,1,1438,35,tracked-clean,5cc484bda0d1c8a3f3ee2430cce7c298d92be48f,Experiment documentation,Researchers and reviewers,True,"[""assets/README.md"", ""paper/README.md"", ""scripts/README.md"", ""website/README.md""]","[""../README.md"", ""../assets/README.md"", ""../docs/EVALUATION_PROTOCOL.md"", ""../docs/REPRODUCIBILITY.md""]",[],[],"[""python scripts/run_all.py --config configs/default.yaml --smoke --out-dir results/ci_smoke"", ""python scripts/run_benchmarks.py --config configs/default.yaml --smoke --out-dir results/ci_benchmarks"", ""dynnav-benchmark --config configs/benchmark.yaml --out-csv results/benchmarks/dynnav_benchmark.csv --summary results/benchmarks/summary.md""]",,Experimental,Needs implementation review,Keep with minor update,Pending review,83e305af26c1de404eb255cba24569a2dd76380e9aa0c134b6c6d83b23896333
ros2_ws/lidar_slam_tb3/readme,readme,,2,1281,39,tracked-clean,0cb08fdf2e6824f53d3b667025c9b46129197445,ROS2 integration documentation,Robotics developers and researchers,False,[],"[""../../README.md""]",[],[],"[""find ros2_ws/lidar_slam_tb3 -maxdepth 4 -type f -print""]",,Unclassified,Needs implementation review,Convert to canonical README,Pending review,11812d07d43006a5b111daa2e6e0e66760d7d95163e9ee6aad513fbb38834902
ros2_ws/lidar_slam_tb3/README (4).md,README (4).md,.md,2,3880,213,tracked-clean,9be82526bb89239502549c215a301b0b0d74def6,LiDAR integration documentation,Robotics developers and researchers,False,[],[],[],[],"[""sudo apt install ros-jazzy-turtlebot3-gazebo"", ""source ~/.bashrc"", ""sudo apt install ros-jazzy-slam-toolbox"", ""sudo apt install ros-jazzy-nav2-bringup"", ""sudo apt install ros-jazzy-turtlebot3-navigation2"", ""export TURTLEBOT3_MODEL=burger"", ""ros2 launch turtlebot3_gazebo turtlebot3_world.launch.py"", ""ros2 launch slam_toolbox online_async_launch.py"", ""ros2 run turtlebot3_teleop teleop_keyboard"", ""mkdir -p ~/maps"", ""ros2 run nav2_map_server map_saver_cli -f ~/maps/tb3_world_map"", ""export TURTLEBOT3_MODEL=burger"", ""ros2 launch turtlebot3_gazebo turtlebot3_world.launch.py"", ""ros2 launch nav2_bringup bringup_launch.py use_sim_time:=True map:=/home/YOUR_USER/maps/tb3_world_map.yaml"", ""ros2 bag record /scan /map /tf /cmd_vel /odom""]",exact-normalized:f267bd925332,Unclassified,Needs implementation review,Investigate manually,Pending review,36cff9894332496504621f07082bfde03d0afca9afb6764b8932216a6b2cd7bc
ros2_ws/lidar_slam_tb3/README_LiDAR_SLAM_TurtleBot3_ROS2.md,README_LiDAR_SLAM_TurtleBot3_ROS2.md,.md,2,3880,213,tracked-clean,c091c53f39ff44193d05e1b716705050bb36a74e,ROS2 integration documentation,Robotics developers and researchers,False,[],[],[],[],"[""sudo apt install ros-jazzy-turtlebot3-gazebo"", ""source ~/.bashrc"", ""sudo apt install ros-jazzy-slam-toolbox"", ""sudo apt install ros-jazzy-nav2-bringup"", ""sudo apt install ros-jazzy-turtlebot3-navigation2"", ""export TURTLEBOT3_MODEL=burger"", ""ros2 launch turtlebot3_gazebo turtlebot3_world.launch.py"", ""ros2 launch slam_toolbox online_async_launch.py"", ""ros2 run turtlebot3_teleop teleop_keyboard"", ""mkdir -p ~/maps"", ""ros2 run nav2_map_server map_saver_cli -f ~/maps/tb3_world_map"", ""export TURTLEBOT3_MODEL=burger"", ""ros2 launch turtlebot3_gazebo turtlebot3_world.launch.py"", ""ros2 launch nav2_bringup bringup_launch.py use_sim_time:=True map:=/home/YOUR_USER/maps/tb3_world_map.yaml"", ""ros2 bag record /scan /map /tf /cmd_vel /odom""]",exact-normalized:f267bd925332,Unclassified,Needs implementation review,Investigate manually,Pending review,36cff9894332496504621f07082bfde03d0afca9afb6764b8932216a6b2cd7bc
ros2_ws/src/dynnav_nav2/docs/NAV2_PLUGIN_ARCHITECTURE.md,NAV2_PLUGIN_ARCHITECTURE.md,.md,4,2132,79,tracked-clean,a856ee6438f43a503eea9ef4f9310d044cb6d60b,Technical documentation,Robotics developers and researchers,False,[],[],[],[],[],,Unclassified,Needs implementation review,Keep with minor update,Pending review,f0ee9e3e43d1ff879323fa31ad06f9e7436f6b37c11f5541e3055d8f2c90bfc5
ros2_ws/src/dynnav_nav2/docs/OCCUPANCY_GRID_CONVERSION.md,OCCUPANCY_GRID_CONVERSION.md,.md,4,1779,61,tracked-clean,0848ecab1a6ca515d9e26596ea92f105da1ab31b,Technical documentation,Robotics developers and researchers,False,[],[],[],[],[],,Implemented,Needs implementation review,Keep with minor update,Pending review,b1bf20de1385c4962286fd4514b5f37f927e682c2eb5081eff359666f6c8f8e6
ros2_ws/src/dynnav_nav2/docs/PLANNING_REQUEST_INTERFACE.md,PLANNING_REQUEST_INTERFACE.md,.md,4,1561,63,tracked-clean,c93132a3f9c51814ce4c931ed32ccb6369c40801,Technical documentation,Robotics developers and researchers,False,[],[],[],[],[],,Planned,Needs implementation review,Keep with minor update,Pending review,5bb9fbd5fa05b8f5521c704753aa69644e64cf530547d4859557338554da37be
ros2_ws/src/dynnav_nav2/README.md,README.md,.md,3,1964,81,tracked-clean,030aedc6f9d7bdf4764bca245b854fb7deb71a9b,Directory or subsystem overview,Robotics developers and researchers,False,[],[],[],[],"[""colcon build --packages-select dynnav_nav2"", ""source install/setup.bash"", ""ros2 launch dynnav_nav2 dynnav_planner_bridge.launch.py""]",,Planned,Needs implementation review,Keep with minor update,Pending review,658c748f1134dfa0314c12161734ac4bf02aaa0c02bf088f20ce3ea490302ea0
ros2_ws/src/dynnav_nav2_benchmark/README.md,README.md,.md,3,3797,99,tracked-clean,030aedc6f9d7bdf4764bca245b854fb7deb71a9b,ROS2 integration documentation,Robotics developers and researchers,True,"[""docs/GAZEBO_BENCHMARK_PROTOCOL.md""]","[""../../../docs/DYNAMIC_EXECUTION_PROTOCOL.md""]",[],[],"[""source /opt/ros/jazzy/setup.bash"", ""colcon build --base-paths ros2_ws/src/dynnav_nav2_cpp ros2_ws/src/dynnav_nav2_benchmark --packages-select dynnav_nav2_cpp dynnav_nav2_benchmark"", ""source install/setup.bash"", ""ros2 launch dynnav_nav2_benchmark tb3_static_planner_benchmark.launch.py headless:=true repetitions:=10 output_dir:=$PWD/results/nav2_static"", ""ros2 launch dynnav_nav2_benchmark tb3_dynamic_execution_benchmark.launch.py headless:=true repetitions:=1 output_dir:=$PWD/results/nav2_dynamic""]",,Unclassified,Needs implementation review,Keep with minor update,Pending review,648f54ee8f50ab7ded085e26a4678c01e23276c68f51229209ba8ad660a489f9
ros2_ws/src/dynnav_nav2_cpp/README.md,README.md,.md,3,2839,87,tracked-clean,030aedc6f9d7bdf4764bca245b854fb7deb71a9b,Directory or subsystem overview,Robotics developers and researchers,True,"[""README.md"", ""docs/ROS2_NAV2_INTEGRATION.md""]","[""config/nav2_params.yaml""]",[],"[""config/nav2_params.yaml""]","[""source /opt/ros/jazzy/setup.bash"", ""colcon build --base-paths ros2_ws/src/dynnav_nav2_cpp --packages-select dynnav_nav2_cpp"", ""source install/setup.bash"", ""colcon test --packages-select dynnav_nav2_cpp"", ""colcon test-result --verbose""]",,Implemented,Needs implementation review,Keep with minor update,Pending review,1deaf705071232af9f34fb8d75af4ba4ba5da535c9ff364300f993cf3caad594
scripts/README.md,README.md,.md,1,1612,37,tracked-clean,5ab244667f42c0fe709c6d1f522c068bbe3ec7a7,Experiment documentation,Robotics developers and researchers,True,"[""assets/README.md"", ""docs/README.md""]","[""../README.md"", ""../assets/README.md"", ""../configs/README.md"", ""../docs/REPRODUCIBILITY.md"", ""../results/README.md"", ""../tests/README.md""]",[],[],"[""python scripts/run_all.py --config configs/default.yaml --smoke --out-dir results/ci_smoke"", ""python scripts/run_benchmarks.py --config configs/default.yaml --smoke --out-dir results/ci_benchmarks"", ""python scripts/run_research_suite.py --out-dir results/research_suite"", ""python scripts/generate_research_assets.py"", ""python scripts/make_demo_gif.py""]",,Implemented,Needs implementation review,Keep with minor update,Pending review,e997760adfd6d05402c28a1cae2b0ce54f33e53dd9ad0b9b1a1803c881f3edb4
SECURITY.md,SECURITY.md,.md,0,787,21,tracked-clean,350f261339eb23e06fcfa354eac51e202b3b32a8,Reproducibility report,Researchers and reviewers,False,[],[],[],[],[],,Research Prototype,Needs implementation review,Keep with minor update,Pending review,1d8d5c89f001b36b7f24e8826dd56313bbf8dd69da419ea848533a134e6c5f5a
src/dynnav/README.md,README.md,.md,2,407,14,tracked-clean,030aedc6f9d7bdf4764bca245b854fb7deb71a9b,Directory or subsystem overview,"Users, contributors, and researchers",True,"[""src/README.md""]","[""../../dynnav""]",[],[],"[""python -m pip install -e \"".[dev]\"""", ""python -c \""import dynnav; print(dynnav.__file__)\""""]",,Unclassified,Needs implementation review,Keep with minor update,Pending review,6dc7d04cbf3fc0950af560ccc6e7010e7621fa12c82e1dc407cdaa9d636a2e83
src/README.md,README.md,.md,1,1104,31,tracked-clean,e5223f3ffe48ea73885730efa9b55c8154607dcc,Directory or subsystem overview,Researchers and reviewers,False,[],"[""../README.md"", ""../docs/SYSTEM_ARCHITECTURE.md"", ""../pyproject.toml"", ""dynnav/"", ""dynnav/README.md""]",[],[],"[""python -m pip install -e \"".[dev]\"""", ""python -c \""import dynnav; print(dynnav.__file__)\"""", ""pytest""]",,Implemented,Needs implementation review,Keep with minor update,Pending review,b8bae31b171b6d508e4d76d84a7efd213e891e7a45dce8df95d9d9688e2046f5
STATUS.yaml,STATUS.yaml,.yaml,0,1440,55,tracked-clean,efd7b8889b319e776ad2df0cad6f0451ea6dac98,Audit report,Robotics developers and researchers,False,[],[],[],[],[],,Unclassified,Needs implementation review,Investigate manually,Pending review,ca2eb2c6ccb70824ff24e2cb012e0e791bf6aada1ec6c38c3ff0fc4bb2639574
tests/README.md,README.md,.md,1,1504,40,tracked-clean,6fc06f52b07959518783b8771da22ba5083e903f,ROS2 integration documentation,Contributors and maintainers,True,"[""docs/README.md"", ""scripts/README.md""]","[""../.github/workflows/ci.yml"", ""../README.md"", ""../docs/EVALUATION_PROTOCOL.md"", ""../docs/REPOSITORY_AUDIT.md""]",[],"[""../.github/workflows/ci.yml""]","[""pytest"", ""pytest tests/test_mapping_occupancy_grid.py"", ""pytest tests/test_planning.py"", ""pytest tests/test_realtime_replanning.py"", ""pytest tests/test_research_modules.py"", ""pytest tests/test_research_pipeline_phase2.py""]",,Implemented,Needs implementation review,Keep with minor update,Pending review,8f6bf375adcdc94db4f64d7fe768ae4e9805543f52cdecd2639c2096db6699fb
website/README.md,README.md,.md,1,1176,31,tracked-clean,4e58340566889cf7e86241468efe58ba3f2b5e76,Reproducibility report,Robotics developers and researchers,False,[],"[""../README.md"", ""../assets/README.md"", ""../docs/README.md"", ""../results/README.md"", ""package.json""]",[],"[""package.json""]","[""npm install --no-audit --no-fund"", ""npm run dev"", ""npm run typecheck"", ""npm run build""]",,Experimental,Needs implementation review,Keep with minor update,Pending review,d9bc6dc1fb48fd5ea54711f05199512d8ffb1331631117d61bec38aa2162ae1a
WORK_LOG.md,WORK_LOG.md,.md,0,2870,65,tracked-clean,94eb5fea93b46f1034a1a9b520f7dbc26db4cde1,Contribution guidance,Researchers and reviewers,False,[],[],[],[],[],,Unclassified,Needs implementation review,Keep with minor update,Pending review,b3fa037ceebb1ca3c66f0c704d812ae89e89b1c7484e082d03a7dd3bc5dc1fc7
